:020000040000FA
:10000000F80B00209106000035070000F1590000B0
:10001000115A0000315A0000715A0000515A000074
:10002000000000000000000000000000C12A0000E5
:10003000350700000000000035070000350700000C
:10004000000000000000000000000000033300007A
:100050000000000035070000000000000000000064
:1000600035070000350700003507000035070000A0
:1000700000000000350700003507000035070000CC
:1000800035070000350700000000000000000000F8
:1000900035070000350700000000000000000000E8
:1000A00035070000000000000000000035070000D8
:1000B0003507000035070000350700003507000050
:1000C0003507000035070000350700003507000040
:1000D00035070000000000003507000000000000A8
:1000E0003507000000000000350700000000000098
:1000F00035070000000000000000000000000000C4
:1001000000000000350700000000000000000000B3
:1001100000000000000000000000000000000000DF
:100120000000000035070000000000000000000093
:1001300000000000000000000000000000000000BF
:100140003507000000015F5F02000000FE0B0000A9
:10015000512B00008006000000000000000000009D
:100160000000000000000000000000000100FFC3CC
:10017000000000C4201200200000000001015F5FA9
:10018000030100001F010000B10400000000000096
:10019000000000000100000001000000000000005D
:1001A000000000000000000000000000000000004F
:1001B0000000000070000000905E00008000000061
:1001C000000F000001000000F102000001015F5F6C
:1001D000040100001F0100001F06000000000000D5
:1001E000000000000000000001000000000000000E
:1001F00000000000000000000000000000000000FF
:10020000000000009B5E00004000000005070000A9
:08021000010000000B050000D5
:1002200038B50025054C29462046D4F80024C4F8EA
:10023000045405F086FCC4F8005438BD200C00209E
:1002400037B511460022CDE9002242680346402A14
:10025000046845D1228D150A032D17D0012D37D002
:1002600022482468D0F80404AA1ECDE90040082AD8
:1002700039D8DFE802F0050B0F14191E23283000CF
:100280006A46184600F037F903B030BD184600F052
:1002900020F9F9E76A46184600F01EF9F4E76A46C5
:1002A000184600F013F9EFE76A46184600F017F910
:1002B000EAE76A46184600F015F9E5E76A46184687
:1002C00000F013F9E0E76A46184600F011F9DBE7A1
:1002D00000F014F9D8E76A46184600F013F9D3E79E
:1002E0006FF08000D0E76FF08500CDE7200C002094
:1002F0002DE9F04F05680446A3B0002D40F0B18011
:100300002022294602A805F01CFC12AF2022294613
:100310000AA805F016FC40222946384605F011FCD3
:10032000E26904F11C039846B2B10426E26A04F1C2
:100330002C03EAB10425EEB96FF08306304623B0F2
:10034000BDE8F08F002EF1D053F8041D3246013E77
:100350000029F7D01646E9E70326F5E7002DEAD095
:1003600053F8041D2A46013D0029F7D01546E2E75F
:100370000325F5E740233A460021606805F01EFC9E
:100380004028D9D1CDE902700127DFF8DCA00DF1BA
:10039000080904F1100BBE421FD10AAF38460021F4
:1003A000314A08EB8509D2F80034C84533D109B188
:1003B000C2F80034A3683146C2F8043402A82B46C0
:1003C0000AAAFFF73DFF4FF000080646454507F132
:1003D00008073DD1FFF724FFB0E75BF8043F1A1D83
:1003E00021D8DAF80004D91C21F00301C0F580629D
:1003F000914218D8014400EB0A02CAF80014606860
:100400003946019205F0DAFB019AC9F80C00013770
:1004100049F8082FBFE758F804EF1EF1040F07D979
:1004200009B1C2F80034FFF7FBFE6FF08C0685E7D8
:100430000EF1030C2CF0030CC3F5806AD44500F1D7
:100440000800EDD8D11840E9021E63440121ACE751
:10045000414657E90223606805F0C5FB08F1010831
:10046000B4E76FF0850669E7200C002008B5282264
:100470000021024805F065FB002008BD281000207F
:1004800010B5044C0F222046034905F035FB2046E9
:1004900010BD00BF511000202206000008B5012148
:1004A000024803F0C7FA002008BD00BF501000202A
:1004B00008B5FFF7DBFF40B9FFF7E2FFFFF7EEFFFC
:1004C00018B9BDE8084003F03FBB08BD6FF08500D8
:1004D00070476FF0850070476FF0850070476FF0D0
:1004E000850070476FF0850070476FF0850070479A
:1004F0006FF0850070476FF085007047D1E900010B
:1005000003F0E6BA6FF085007047F0B50368054662
:10051000B3F57D7FA7B007D040F2F532934207D004
:100520006FF0850027B0F0BD01F066FC0020F9E710
:1005300000243C22214607A8CDE90244CDE9044429
:10054000069405F0FEFA3C22214617A8169405F001
:10055000F8FAEA69019405F11C0302B30426EA6A79
:1005600005F12C033AB30424731E012B52D8012C3D
:1005700050D80423002168680DEB030205F01EFB30
:1005800004281AD06FF08000CCE7002EE7D053F893
:10059000041D3246013E0029F7D01646DFE7032648
:1005A000F5E7002CE0D053F8041D2246013C002959
:1005B000F7D01446D8E70324F5E7022E16D16E696A
:1005C000402E29D806AF33463A460121686805F027
:1005D000F5FA8642D6D1CDE9027602A944B922467F
:1005E000019801F013FE044620469BE70021F5E741
:1005F0002B6A402BC6D816AACDE90423019804AA79
:1006000001F004FEDDE9042304460021686805F0DA
:10061000EAFAE9E7012085E76FF0890082E7002028
:1006200070474D62656420544C5320332E362E3172
:1006300000000000000000000000000000000000BA
:10064000283000000100000049360000213600007B
:10065000407C00008010002047000000407C00002B
:10066000200C002000000000407C0000000C002056
:10067000000000009C110020C2050000200C00209A
:1006800018010000000C00200800000002F06CBC03
:1006900008B572B61E4A1F4B9A601F4B83F3098838
:1006A0001E4B83F30A8883F30B881D4B16A1D1E9F7
:1006B0000001C3E9000100F089F81A4B1A498B4286
:1006C00012D30020194B1A498B4218D302F0D0FFE5
:1006D000186850F82240586840F822400132986863
:1006E0008242F5D30C33EAE70022F8E71C6844F8AD
:1006F000220001325C68A242F8D30833E4E700220A
:10070000F8E700BFAFF30080A5EDF5FEA5EDF5FE1F
:100710000000000000ED00E0F80B002000040020C5
:10072000F80B00205006000074060000740600005C
:100730008C060000EFF30880EFF309812DE9F00F3C
:100740006B46724600F02CF908B0FFF79FFFFEE7FA
:1007500008B5EFF31083012B0C4A07D1126ABFF3DF
:100760004F8F511C4A424A41104608BD01F0B4FB6C
:1007700000B172B6126ABFF34F8F531C5A425A41EE
:1007800001F0AAFB0028EFD062B6EDE70080FF0081
:1007900008B5EFF31083012B0B4A06D1D269BFF3E2
:1007A0004F8F02F00102104608BD01F095FB00B129
:1007B00072B6D269BFF34F8F02F0010201F08CFBD9
:1007C0000028F0D062B6EEE70080FF00694A10B55D
:1007D000D2F8D03043F00203C2F8D03001F07CFBF5
:1007E00030B14FF050230022C3F81421C3F8182170
:1007F00001F081FB28B101225F4BC3F8382AC3F80E
:1008000078254FF47F02D2F83031D2F83421BFF38B
:100810004F8FC3F30B03092B05D1012A1EBF012201
:10082000554BC3F8782501F066FB18B10E22534BE7
:10083000C3F8E42E01F050FB30B100224E4BC3F858
:100840000C270122C3F810270022D30003F57F03F1
:10085000D3F80013BFF34F8F013108D0D3F8001342
:100860000132D3F80433B2F5807F0B60EDD1EFF3A2
:100870001084FFF78DFF00284DD0BFF34F8F404B02
:10088000D3F80024012AFBD1C3F80425D3F80024AF
:10089000012AFBD1012C03D001F01EFB00B172B67E
:1008A000FFF776FF58B1374AD36923F00103D361CC
:1008B000BFF34F8F324AD2F80034012BFBD1FFF740
:1008C00047FF68B12F4A136A23F0FF0343F0200368
:1008D0001362BFF34F8F2A4AD2F80034012BFBD1A9
:1008E000012C03D001F0F8FA00B162B60022244BCB
:1008F000C3F80425D3F80024012AFBD1BFF34F8F9E
:100900001C49214BCA6802F4E0621343CB60BFF379
:100910004F8F00BFFDE7FFF71BFF0028ADD1154A41
:10092000D2F88C3043F44063C2F88C304FF47F032C
:10093000D3F83021D3F83431BFF34F8FC2F30B0219
:10094000092A16D1013B022B02D8104AD35C83B18D
:100950000C480F4903680A4A8B420CBF5A230023F4
:10096000C2F8103EC36A8B420CBF5A230023C2F860
:10097000003E10BD00ED00E00040005000A003501C
:10098000009003500080FF000400FA05423300008D
:10099000FA50FA507C22014905F0AEB8BC1800208C
:1009A00038B51D46384B394C5B68C3F308032360E8
:1009B000EFF3038363655306C4E90120E16039D591
:1009C00002F00C020C2A08BF0846014620612022D2
:1009D0002F4805F091F825B1202229462D4805F031
:1009E0008BF8294B9A6AA265D96AE165986B2066F3
:1009F00002F400406066586BA06602F08000E0667A
:100A00009A62D962D3F8E42023482267D3F8E81029
:100A1000616702F04001A167C3F8E4200E2101F0F4
:100A20007CFA2268D31E042B22D8DFE803F00F15CE
:100A3000181B1E00EFF39483990704D5130702D502
:100A4000EFF38980C1E7EFF38880BEE70C211348FC
:100A5000BDE8384001F061BA12211148F8E70B21D6
:100A60001048F5E70D211048F2E70E210F48EFE797
:100A70000F2A98BF1421BDE8384089BF25210C48B2
:100A80000C48103A01F016BC00ED00E0BC18002044
:100A9000D0180020F0180020453300005333000028
:100AA0005F330000713300007C33000089330000A5
:100AB00097330000AB3300002DE9F34106460F46A3
:100AC0000C4DD5F82C80C04710F00104FBD13946FD
:100AD00030466B69984740B9C047C307FCD42B6ABE
:100AE000019302B0BDE8F0411847204602B0BDE8CE
:100AF000F08100BFD033000010B5094C0020A3687E
:100B000098472369022098474FF4E131A46A0120F5
:100B1000A04701211520A0470122024B1A6010BDF9
:100B2000D033000038190020064B82B0186800232B
:100B300082B262F30F03000C60F31F43184602B049
:100B4000704700BF18340000014B1869704700BFA0
:100B500080100020014B5869704700BF80100020B2
:100B600010B5044C204600F0E9FE002084F8200077
:100B700010BD00BF8010002038B50C4D0C4695F814
:100B8000203013B94FF0FF3038BD0A4601462846E1
:100B900000F066FF064B984205D00B3B9842F1D11E
:100BA00000206C61F0E76FF00100EDE7801000209D
:100BB0000B00AD0BF0B51B4E054696F820300C46E9
:100BC00091B01BB94FF0FF3011B0F0BD00F06043A1
:100BD000B3F1005F21D100230A460146304600F000
:100BE000EFFB114B98421AD00B3B9842EAD134618B
:100BF00011E0A71B402F28BF4027A9193A46684695
:100C000004F07AFF39466846FFF7D4FF0028DBD1AD
:100C10004036B442EDD80020D6E70026F9E76FF061
:100C20000100D1E7801000200B00AD0BC3B2012BF7
:100C300010B540F096804DF6C023994270D028D868
:100C4000B1F5615F6FD011D8B1F5965F6DD008D85E
:100C5000B1F5966F6BD0B1F5166F6BD06FF00700E2
:100C60005DE0B1F5165FF9D1454B33E047F612234D
:100C7000994262D007D8B1F5964F61D0B1F5E14FF6
:100C8000ECD1404B26E0B1F5164FE7D14FF41D03F0
:100C900020E03D4B994255D011D8B1F5E13F54D0F9
:100CA00007D8B1F5614F53D0B1F5963FD6D1374B48
:100CB00010E0B1F5613FD1D14FF06C730AE0B1F5AE
:100CC000612F48D0324B994248D0B1F5E12FC5D1C0
:100CD0004FF0E86310F4E06F46D110F4404103D0C8
:100CE000B1F5804F43D1102110F4405203D0B2F53A
:100CF000805F3FD10E2210F4403003D0B0F5403F6A
:100D00003BD10120234C20766276E361A1760A4331
:100D100024681043C4F82435C4F86C05002010BDC5
:100D20004FF46503D6E71C4BD4E71C4BD2E74FF4D6
:100D30009E23CFE74FF41D23CCE74FF40003C9E710
:100D4000174BC7E74FF08063C4E74FF0EB73C1E781
:100D50004FF46B03BEE74FF07063BBE74FF0805377
:100D6000B8E76FF00300DAE76FF00800D7E76FF03D
:100D70000A00D4E76FF00900D1E76FF00B00CEE76F
:100D80000050270000C0750090D0030000903A0189
:100D900040420F008010002000F03A0000B0130025
:100DA00000A04E0010B58EB02422002105A804F04A
:100DB000C8FE4FF0FF33CDE90133CDE903334FF0E7
:100DC000EB730B930723104C01A8D4E902128DF8A2
:100DD000363001F0C0F801460022204600F03AFA11
:100DE0000A4B98420DD10C9B002023831B0CA37649
:100DF0000B9BC4E90400E361012384F820300EB0AA
:100E000010BD6FF00100FAE7801000200000AD0B6C
:100E10007FB500250C46C0F808511646D0F80821C9
:100E2000D0F8002222F02002C0F80022104AC0F8B8
:100E3000082301F0E0F8A560256104F14C03D3E834
:100E4000EF1F21F47F0121F47041C3E8E21F002A63
:100E5000F5D110222946684604F073FE0423684643
:100E60008DF800300196D4E90013984704B070BDA6
:100E700010020A0000F01F03400909D1074A02EBE3
:100E80008303D3F80012064A0A40C3F800227047D1
:100E90000022803352F82330FFDE00BF002584504B
:100EA000F0F8FCFF2DE9F04F804690F804A05020A8
:100EB000664F0E4600FB0A70416885B049B113F0D9
:100EC000020304D0836B002B00F0B2800123009357
:100ED00000E000914FF0500909FB0A73DB6CD90662
:100EE00000F1A6804FF0010BB3180293029BB342AE
:100EF00000F0A78006F06043039398F80450D8F8F8
:100F0000004009FB05739A6B9AB9039BB3F1005F2C
:100F100040F09980019200F0E5FD09FB0572D16C6B
:100F2000204601F0010101F034F828B900F0E2FD9B
:100F3000E3E701230193EEE7516C33460029BCBF80
:100F4000D4F84C155164019A42B109FB057130780F
:100F5000D1E90E23D054D1E90E3213441BB1C4F8A9
:100F60004435C4F848B50022C4F82021D4F8201133
:100F7000C4F85821D4F85811C4F85021D4F850219D
:100F80000822C4F80025009AE2B14FF48003C4F8A7
:100F90000433C4F808B000F0ADFD502303FB0A721F
:100FA000516800294BD1D26C120748D503FB0A7354
:100FB0004C33D3E8EF1F21F00801C3E8E21F002AF9
:100FC00036D0F6E7C4F808B0019300F093FD09FBB2
:100FD0000572D16C019B01F001012046019300F0E4
:100FE000D8FF8446019BD4F84C05D4F84425BCF1C5
:100FF000000F0DD19342F0D005EB850507EB0515E9
:10100000D1B100F06FFD2946204601F03EF8C2E75D
:1010100005EB8505934207EB0515F1D10028EFD1CB
:1010200000F060FD2946204601F02FF800F062FD37
:10103000074805B0BDE8F08FC4F80CB0E1E7013611
:1010400054E70448F5E70448F3E700BF3C190020E3
:101050000800AD0B0000AD0B0400AD0B430904D13B
:101060000123034A83409360704700239B60FFDEA7
:101070000025845000F01F0340090BD1084A02EB01
:101080008302D2F80012074B0B4043F00303C2F86F
:10109000003270470022803352F82330FFDE00BF59
:1010A00000258450F0F8FCFF2DE9F84391F830302A
:1010B00005460C4690F804800F6853BB5023DFF8B8
:1010C0005091781C03FB0893DE6C46F00072DA64E2
:1010D00004D03846FFF7C2FFFFF7CCFF6068411C21
:1010E00001D0FFF7C7FE94F82C30012B11D150230B
:1010F00003FB0893E06846F02066421CDE6401D0E2
:10110000FFF7B8FEA068431C03D0FFF7A7FFFFF767
:10111000B1FF94F82F0038B950223D4B02FB083341
:10112000DA6C42F08072DA6494F82CC094F82D10D6
:1011300094F82E202B68D4F828E041EA0C010A43E9
:10114000E668D4E90198C3F824E5C3F86C2550B9E2
:10115000BCF1010FC3F80C75C3F8149504BFC3F8B4
:101160000885C3F81065D3F8682503F26458012A8E
:1011700008BFDA60D3F86425012A13D1082149F6A3
:101180004046244FC3F8001547F001075A60D8F8CD
:1011900000309BBB2B68D3F88024C3F88024002246
:1011A000C3F8002500212B6894F83220C3F81011F1
:1011B000D3F81001C3F82011D3F82001C3F824118B
:1011C000D3F82401C3F84411D3F84401C3F85811EB
:1011D000D3F8581143F307335201002BD2B212DB7C
:1011E0000D49C81880F800230122580903F01F0395
:1011F00002FA03F341F82030BDE8F8834020B847F5
:10120000013EC4D1C6E7054903F00F03CA54F3E712
:101210003C1900202034000000E100E014ED00E063
:1012200000F01F0340090BD1084A02EB8302D2F8F9
:101230000012074B0B4043F00203C2F80032704724
:101240000022803352F82330FFDE00BF0025845097
:10125000F0F8FCFF2DE9F3479046502290F80490F7
:10126000514C02FB09FA04EB0A070D4697F84810A7
:101270000646002940F0858009EB890004EB001048
:1012800004F05FFC2B69AA6944F80A306B69BB6300
:1012900002B1013A502303FB0943DA632A6A042AA4
:1012A00081BFEA699A610022DA6195F83130B8F1BC
:1012B000000F37D083F001073F0233B1502303FB07
:1012C0000943DA6C42F00102DA64502303FB09445B
:1012D0000123C4F8048084F848303468D4F84C21E1
:1012E00012BB29463046FFF7DFFE08220023346890
:1012F0008DF80730C4F800250DF10702C4F8442525
:10130000C4F8483501230A25A360E360D4F85831B6
:10131000002B38D1254B402043F001039847013D75
:10132000F4D128E04746C8E708224FF06409C4F822
:10133000002563601D4B43F0010AD4F84431F3B932
:10134000D4F82431DBB94FF42070D047B9F101094A
:10135000F3D14B460022C4F84C21D4F84C11C4F808
:101360001021D4F81011C4F84421D4F84411C4F861
:101370000025002BB5D10E4802B0BDE8F08701234F
:10138000E8E70C48F8E70023C4F820319845D4F882
:101390002021C4F80035084B08BF00231F433368E1
:1013A0000648C3F80473E7E73C1900202034000026
:1013B0000100AD0B0C00AD0B10020A000000AD0BDC
:1013C0002DE9F04784460F469E4616460579002AC9
:1013D00051D04FF0500ADFF8AC80D0F800900AFBF3
:1013E000058ADAF8044074B96BB9DAF82C50002D8C
:1013F00043D1CAF82C20FFF755FD0446CAF82C50FB
:101400002046BDE8F0871EF0030F07D07346324632
:101410003946BDE8F0476046FFF744BD07F060433A
:10142000B3F1005F4FF0500414D104FB058400F0C9
:1014300059FBE26A1AB1144C00F05CFBE0E7C4E926
:101440000A7605EB8505484608EB051100F028FEF5
:101450000E4CF1E704FB0584A36B83B100F042FB63
:10146000E36A002BE7D1E36C012243F00203C4E9F5
:101470000A76E364E5E7064CC2E7034CC0E7054C97
:10148000BEE700BF3C1900200B00AD0B0000AD0B08
:101490000600AD0B0A00AD0B2DE9F8435023067989
:1014A000284D046803FB0653D4F80473DA6AC4F8C1
:1014B000087322B92448C4F80473BDE8F88306EB26
:1014C000860005F14C024FEA001802EB0012D2E848
:1014D000EFCF4CF0080CC2E8E0CF0028F7D1012292
:1014E000E26031B3D96C01EA02094946204600F0B6
:1014F00050FD0028FAD000F0F5FAB9F1000F1CD128
:10150000D4F8203153B10123E360D4F85831002BD3
:10151000FBD0204605EB080100F0B7FD00F0EAFA29
:101520000023C4F82031D4F82021502202FB0655B4
:10153000EB620648C4F80473BFE7D4F85831002BB7
:10154000E7D1EBE73C1900200500AD0B0000AD0B27
:101550002DE9F84390F804804A4E08EB88073F01D4
:1015600007F14C0504683544D5E8EF3F43F4805259
:10157000C5E8E02F0028F7D1DA047FD44B0705D562
:10158000502303FB08639B69002B79D03E4B374403
:10159000C4F808330823C4F800350023C4F8103118
:1015A000D4F81021C4F84C31D4F84C21C4F844319B
:1015B0000A03D4F844318B0303F4804302F400524D
:1015C0004903134301F400410B43D5E8EF2F1A43BD
:1015D000C5E8E12F0029F8D14FF0500909FB08694F
:1015E000D9F80830EBB9D9F8043093B9502303FB8C
:1015F0000863DB6CD8043FD5D5E8EF3F23F47F03C5
:1016000023F47043C5E8E23F002AF5D11F48BDE846
:10161000F8830321384600F0C9FCD9F80830002BC4
:10162000E4D0D4F80433590713D5502303FB0863DF
:101630005A6872B1DB6C1A030BD5D5E8EF3F23F47F
:101640000023C5E8E23F002AF7D10621384600F022
:10165000ADFC502303FB0863DB6CDB040CD5D4F832
:101660004C310BB901232360502303FB08667368D8
:1016700013B1054BC4F804330548C8E70548C6E76D
:101680000548C4E73C19002010020A000200AD0B17
:101690000000AD0B0B00AD0B0800AD0B2DE9F84FB2
:1016A000502390F804905B4E046803FB09631746CF
:1016B000DA6CD4F804A350038846C4F808A300F1F8
:1016C000A38001F06041B1F1005F40F09F80996814
:1016D00059B15B68002B40F08380D4F810110029C9
:1016E0007ED0C4F81031D4F81031502505FB0965BF
:1016F000EA6909EB890BC5E902874FEA0B1B002A4F
:1017000049D0974235D84FF000093A46A96940467A
:10171000C5E9029904F0F0F9EA69A869D21BC11978
:10172000EA6104F0B3F96B6823B93B48C4F804A339
:10173000BDE8F88FEB6C5E44990414D5374B5B44DD
:10174000D3E8EF1F41F48021C3E8E21F002AF7D15C
:101750003A464146304600F03AFC4A463146204679
:10176000FFF756FBE1E73A464146304600F02FFCD2
:10177000DBE74046A96904F0BFF9EB696B6200231F
:10178000EB61264B5B44D3E8EF1F41F40021C3E833
:10179000E21F002AF7D1502303FB0963586ADA6875
:1017A0009968DB6C121A0144C4F83415C4F8382562
:1017B000DA04BAD5194B5B44D3E8EF1F21F480213A
:1017C000C3E8E21F002AF7D101232360D4F8443193
:1017D000002BAAD00023C4F84431D4F84431A4E744
:1017E000502303FB0966336993B95304C4F8348565
:1017F000C6E90487C4F8387597D5D4F8003243F0A9
:101800002003C4F8003290E705488FE705488DE7CC
:1018100005488BE73C1900200000AD0B881900201B
:101820000500AD0B0A00AD0B0B00AD0B50232DE9ED
:10183000F0413E4D90F80480046803FB0853D86CD7
:10184000D4F8007200F48220B0F5805F05D009B1B1
:101850000022DA613648BDE8F081D4F80463C4F8A8
:10186000086309B9BB0655D4D4F8003223F020032D
:10187000C4F800324FF4A11308EB8801090101F10B
:101880004C072F44D7E8EF0F1843C7E8EC0FBCF123
:10189000000FF7D12AB9502303FB08535B68002BD4
:1018A00040D1244BC4F8083301236360D4F8443199
:1018B000002BFBD00023C4F84C31D4F84C21C4F8E1
:1018C0001031D4F81021C4F84431D4F844315023F5
:1018D00003FB0853DA6C12F400421ED1DA61204691
:1018E00000F089FB502303FB08550023AB602B61FC
:1018F000D7E8EF3F23F47F0323F47043C7E8E23FC8
:10190000002AF5D126F4202626F404760A48C4F8E5
:101910000463A0E74FF48033AEE72046294400F08B
:101920007CFBDCE701236360F0E700BF3C1900208B
:101930000500AD0B10020A000000AD0B2DE9F843C5
:101940002F4A03680679C3F8082343F30733002BB3
:1019500004460DDB01215A0903F01F03994002F1EF
:101960002003284A42F82310BFF34F8FBFF36F8F35
:10197000012220461146FFF759FF01212046FFF7BB
:101980008BFD50212279204D236801FB0252D46C3B
:10199000D3F80C05E201D3F81495D3F80875D3F801
:1019A000108509D54FF0FF32C3F80C25C3F8142574
:1019B000C3F80825C3F81025A30116D5411C01D092
:1019C000FFF72EFCB9F1FF3F02D04846FFF728FC95
:1019D00022010AD5B8F1FF3F02D04046FFF720FCB4
:1019E0007B1C02D03846FFF71BFC5023002203FB70
:1019F0000653DA6483F848205A60BDE8F88300BFD4
:101A000010034A0000E100E03C19002010B550240A
:101A100002790E4B04FB02335B689BB90368D3F871
:101A20000025082A05D011B1D3F83C350B600848D1
:101A300010BDD3F810213AB111B1D3F83C350B6089
:101A40000448F5E70448F3E70448F1E73C190020AF
:101A50000C00AD0B0000AD0B0800AD0B0B00AD0B87
:101A60002DE9F34105461646FFF718FE184B0446CC
:101A7000984226D10321284695F80480FFF768FD97
:101A8000144FB84201D0A0421FD15022124B02FB8A
:101A900008335B68ABB90193284601A9FFF7B6FF8D
:101AA000B842F9D00D4B98420AD0019BB34207D3FC
:101AB00001222846114602B0BDE8F041FFF7B6BE4C
:101AC000074C204602B0BDE8F0810446F9E700BFAC
:101AD0000000AD0B0B00AD0B3C1900200C00AD0B52
:101AE0000800AD0B72B6024A1368013313607047E9
:101AF0008C190020034A1368013B136003B962B6D6
:101B0000704700BF8C190020003A18BF012200392D
:101B100018BF012103688900074841EA42011863A0
:101B200059605A6842F001025A60BFF34F8FBFF309
:101B30006F8F0020704700BF04AAFF000722024BEE
:101B4000C3F80423704700BF00300050084BD3F89F
:101B50000801D3F80021003818BF012080000AB125
:101B600040F00100D3F804310BB140F0020070479F
:101B7000003000500022074BC3F80021D3F80011B9
:101B8000C3F80421D3F80411C3F80821D3F80831AD
:101B9000704700BF0030005000231720094A03F5AA
:101BA000C0710133202B42F82100F8D10023172007
:101BB000044A03F5E0710133202B42F82100F8D1EB
:101BC000704700BF0030005010B59DF80840C00BB2
:101BD00043EA0423064CC90B43EA0213884200D9A6
:101BE00010BDC2B202F5C07244F822300130F5E7F0
:101BF0000030005010B59DF8084000F1604043EA05
:101C0000042301F16041074C400B490B43EA0213E6
:101C1000884200D910BDC2B202F5E07244F8223009
:101C20000130F5E700300050C0F30E03C3F5004368
:101C3000B3FA83F3C3F11B03064AC0F3C730DBB228
:101C400040F4807043F48073C2F80005C2F8043594
:101C5000704700BF003000504303014818447047EC
:101C6000FF1FF81F054BC0F30730090241F0300198
:101C700000F5007043F82010704700BF003000509E
:101C8000044BC0F30730090200F5007043F8201040
:101C9000704700BF0030005008B5FFF757FF044BF6
:101CA000162118600348BDE8084000F036B900BFAF
:101CB000D81F0020263400000C22014903F01CBF6D
:101CC000D81F002010B501F001FB044690B901F0C7
:101CD00099FF044680B90A4A2E21D368094823F0A7
:101CE00008031B041B0C43F0BF6343F40033D360B1
:101CF00000F013F9204610BD45F22354FAE700BF67
:101D000000ED00E03C340000024B1860024B002064
:101D100019607047E81F0020E41F00201FB5274C02
:101D2000426923685A6282699A62C269DA62026A07
:101D30001A63426A5A63826A9A63C26ADA63026BFE
:101D40001A64426B5A60826B9A60C26BDA60026CF2
:101D50001A61426C5A61826C9A61C26CDA61026DDE
:101D60001A62826D5A65C26D9A65026FDA65026EFB
:101D70001A66826E5A66426F9A66EFF388825A64D8
:101D8000EFF389829A644268DA64EFF394821A6509
:101D9000026801A81A67FFF78FFF2368019ADA66C5
:101DA00001221A70064B1C68640864002046214614
:101DB0002246234603F085FF04B010BDE81F002033
:101DC000E41F002000B5A1B001A8FEF7E3FD029BCF
:101DD00063B15B060AD4019B23F00203052B05D1F6
:101DE000044B1B6813B101A8FFF798FF21B05DF801
:101DF00004FB00BFE41F0020BFF34F8F0549064BD3
:101E0000CA6802F4E0621343CB60BFF34F8F00BF98
:101E1000FDE700BF00ED00E00400FA05F8B54368F7
:101E20000C2B01D00220F8BD4B68042BFAD14FF0E7
:101E3000FF3304680D6821682B600029F2D0A26886
:101E4000002AEFD00623012001F092F90028E9D101
:101E500061681F4ED6E90037994230D3A2681F440B
:101E600001EB020CBC452AD803F17F4303F5004384
:101E7000B3F5805F20681FD20A43930725D1154B25
:101E80009C4522D8091AA2680B1812B900202860B4
:101E9000C9E7EFF31082012A08D11B68BFF34F8F07
:101EA00040F8043BA368043BA360ECE772B61B68F0
:101EB000BFF34F8F62B6F3E703F01EFEE6E7013093
:101EC000042806F10806C5D1ACE70320ABE700BF44
:101ED0006C3400000090FF004FF47F03D3F8300112
:101EE000D3F83431BFF34F8FC0F30B00A0F10903D7
:101EF0005842584170474FF47F02D2F83031D2F83F
:101F00003401BFF34F8FC3F30B03092B03D1431EDF
:101F100058425841704700207047FEF7CDBD012060
:101F200070476FF003007047002382B0019301985F
:101F300002B070476FF003007047002382B0019336
:101F4000019802B07047022814BF6FF00300002010
:101F50007047FEF72FBE30B501EB8202914200D1EF
:101F600030BD51F8044B04F07F037F2B4FEA14443B
:101F700008BF4FF0FF33032CF0D8DFE804F0020471
:101F800006080360EAE74360E8E78360E6E7C360CA
:101F9000E4E70346D0F8580130B931B9D3F820014D
:101FA000003818BF012070470120704730B5044643
:101FB0000D4685B010220021684603F0C2FDD4E929
:101FC000001368468DF80050984705B030BD7FB5C6
:101FD00004460E46154600211022684603F0B1FD66
:101FE000012368468DF80030CDE90165D4E900137E
:101FF000984704B070BD10B50446FFF773FDD4F8E0
:10200000583133B1D4F8043313F4800308BFC4F853
:102010000035BDE81040FFF76DBD70B5D0F83C65E8
:102020000446052E0D4604D80522AB21A86903F00D
:1020300088FD0522AB69C4F83435C4F83825002280
:10204000C4F81021D4F810110121E162D4F8101164
:102050000029FBD0C4F84C21D4F84C11C4F810214D
:10206000D4F81021D4F83C259642EA6103D1052E1C
:1020700002D90023EB6170BD5A1E043312F8011F10
:10208000AB29F8D19A42F9D1F3E7D0F8583133B1FE
:10209000CB6CC3F30032DB0458BFC0F80025704797
:1020A00070B5CE6C0D4606F001010446FFF771FFD6
:1020B00038B94FF4800346F00406EE64C4F80433E4
:1020C00070BDD5E90A365AB1296CEA6B761A964288
:1020D00028BF164619443246A86B03F00DFDAB6BC2
:1020E0004FF0FF326A641BB1C4F84435C4F8486548
:1020F0000023C4F82031D4F82021C4F85831D4F892
:102100005821C4F85031D4F850310823C4F80035B0
:102110004FF48003C4F804330123A360D0E74B6875
:1021200030B513F01F052DD102680C681068C0F39C
:102130000720844226D25068556094600C7C23F0BE
:102140001F0304F001041C438B7CDB0003F0180325
:102150001C434B7C5B0003F006032343D3608B6876
:10216000013B23F01F04CB685B0003F00E03234305
:1021700043F0010313615060BFF34F8FBFF36F8FC4
:10218000284630BD0120FCE7036800205A68C9B228
:1021900058609960D86018615A60704770B50546FC
:1021A000002403681E68C6F30726B44201D100204C
:1021B00070BD21462846FFF7E7FF0134F5E7C0036D
:1021C0007047C00300F5FF407F3070470020704724
:1021D0001F2070474FF40040704700F57F40C0302B
:1021E00040037047402070475F2070474FF4005015
:1021F00070470020704708B5FFF7E4FD72B620BFB6
:10220000FDE7002070470020704770470346012B10
:10221000084670B5114607D0042B09D0002B31D1E8
:10222000BDE87040FFF7FABDBDE8704000F02CB883
:102230004368082B01D0022070BD5468042CFAD1E9
:102240004FF0FF3305681668296833600029F2D023
:102250006B68002BEFD026237422012000F088FF4A
:102260000028E8D1224623230120696800F080FF7E
:1022700004460028DFD1D5E90001FFF745FD3060B5
:102280002046D9E70320D7E743680C2B01D0022072
:1022900070474B68042BFAD10B6801210268196062
:1022A00011680131F3D10221906819600028EED144
:1022B0001860704730B50C46154685B038B139B155
:1022C000FFF72BFE041E03DA204605B030BD04469E
:1022D00040F60D23ADF80E3009230B4901A805F097
:1022E0000F028A5C2D091A54013B012BF7D147F6E6
:1022F00030030C21ADF80430FFF70FFE0028B4BF07
:1023000004462418E0E700BF8C34000008B5154BE4
:1023100083F30A88144800F0C4FF00BBFFF7D2FC27
:10232000E8B926211148FFF7F8FDFFF762FFB0B9C1
:10233000FFF767FF78B9FFF768FF00F018FF352156
:102340000B48FFF7EAFD00F0ABFD00F0EDFB00F0FD
:10235000B7F8002008BDFFF756FF0028EBD000F0CB
:1023600003FEF2E700040020901900209C340000D6
:10237000C234000030B5094C0246616800230846AB
:1023800040B105686D68954205D11BB182686060F7
:102390009A60816030BD03468068F1E7141A00201E
:1023A00038B504462AB10B689B68DB0512D50020BE
:1023B00038BD0B4B1D680DB900F0D6FD00222B680F
:1023C000996934338A4203D053F8040FA04204D1F0
:1023D0009142ECD16FF0FC00EAE70132F2E700BF76
:1023E0001C1A002070B504460E4615460021302206
:1023F0000C3003F0A6FB064B20461B68A66063600A
:10240000656100F098FE00232061236070BD00BF6D
:102410001C1A0020034B186810B1006800B1406816
:10242000704700BF1C1A0020064B10B51C680CB981
:1024300000F09AFD23689B6813F4406F14BF0120DD
:10244000002010BD1C1A00202DE9F84390460746D5
:102450000C46FFF7E9FF024624B96FF080042046DE
:10246000BDE8F8836300F8D5144B04F01F0153F85E
:102470002150002DF1D02B6829465868FFF790FFB6
:10248000B0B9C4F30721284600F070FD04460028C7
:10249000E3D1EFF3108972B600F05AFE064689F3D5
:1024A000108840B142462946FFF79CFF3E60D6E7C0
:1024B0006FF08104D3E76FF08204D0E79419002015
:1024C0002DE9F04100F043FE0023134E134F7360DB
:1024D0007B6000F0E9FADFF84880304600F022F82F
:1024E0000446A0B139468023424600F0A1F80546D3
:1024F000204600F080FD2068211D00F041FB08B15E
:1025000000F032FD2946204600F07AFAE5E7BDE802
:10251000F04100F08BBA00BF201A0020141A0020EE
:1025200094190020F8B5054608B900F01DFD3B4E92
:10253000346814F1310F6ED8394B196804F1300347
:102540008B4268D2E369A26903EB83030E32134422
:10255000226A02EB42021344626AC2EBC2021344D3
:102560009B00E31801D2994201D200F0FDFC2368E0
:102570002C4A1B0C1B04934201D000F0F5FC23886D
:10258000B3F5817F01D300F0EFFC6368002B01DA23
:1025900000F0EAFCD4E90A239A4201DD00F0E4FCF1
:1025A000A36813F4406F22D11F4A176807F1200374
:1025B00013601E4A1268934201D900F0D5FCE3690A
:1025C000A26903EB83030E321344226A3C6002EBE0
:1025D00042021344626AC2EBC2021344326802EB45
:1025E00083026B683260FB616F603846F8BD6F68CC
:1025F000002FD9D03B689A6812F4406F09D0E16A85
:102600009A6A914205DBA26ADB6A9A4201DC00F019
:10261000ABFCFF69ECE70027E7E700BFAC10002048
:102620000035000000005F5FA8100020FC340000AF
:102630002DE9F74F0F4690460646009300B109B9C1
:1026400000F092FCD6F800A0DAF818200AF138035E
:1026500003EB820BDAF81C40204B1D6854B10C22AE
:1026600002FB04541C601E4B1B689C4201D900F005
:102670007BFC2C4625464FF00009DAF81C204A4521
:1026800000D91CB9002003B0BDE8F08F142303FB70
:1026900009B20023C5E900269268AB60930516D500
:1026A000B8F1000F02D0009B802B03D0019200F004
:1026B0005BFC019A12F0E00FD0B202D158F8202052
:1026C0001AB1019000F050FC019848F820507A6847
:1026D00009F10109AA607D600C35CEE7A410002045
:1026E000F83400002DE9F04F93B000935E4B07469D
:1026F000D3F800B00BB2002B0D461646C1F30269A9
:10270000C1F3024A04DA6FF0800013B0BDE8F08F25
:102710008B42C36001D10020F7E709EB0A03042BC9
:10272000F1D8CC0F64014FEAC90831464246DBF8C4
:10273000040044F0020300F01BFD01460028E2D132
:10274000202202A803F0FDF94246314602A84FEAD2
:10275000CA0603F0D1F932460099DBF8040044F0D0
:10276000060300F005FD80460028CCD1014620225A
:102770000AA803F0E6F9324600990AA802AE03F06F
:10278000BBF9334608F10108C14514D91A46C446BD
:102790000DE0D2F808E0D16818687144884203D28D
:1027A000596808448645AED30CF1010C0832CC457B
:1027B000EFD10833E6E715F0006F18BF2024102290
:1027C000002107F11C0003F0BCF907F118081022E2
:1027D000002107F12C0003F0B4F908EB890944F05B
:1027E0000203C84512D1202C27D1002D02DBC5F3EE
:1027F000C0456C0107F128050AAE05EB8A0A44F0D2
:10280000060455451BD1009BFB6784E77268DBF823
:10281000040056F8081B019300F0AAFC00287FF47E
:1028200072AF56F8042C019B48F8042F56F8082C78
:10283000C8F83000C8F82020D3E70024DAE772682F
:10284000234656F8081BDBF8040000F091FC002832
:102850007FF459AF56F8043C45F8043F56F8083C5D
:1028600028642B63CDE700BF1C1A00202DE9F0413E
:102870001F461A4B0D461646D3F8008000F088FB21
:10288000044608B900F070FBE368002B01DA00F0A1
:102890006BFB032D01D900F067FB04EB8504E569B0
:1028A000E36CED1A16D006233A463146D8F80400F8
:1028B00000F05EFC08B100F057FBBD4228BF3D466A
:1028C000E36CE16B2A461944304603F015F9E36CDA
:1028D0002B44E3642846BDE8F08100BF1C1A0020A9
:1028E0002DE9F0411D461A4B0F461646D3F80080DD
:1028F00000F04EFB044608B900F036FBE368002BFD
:1029000001DA00F031FB032F01D900F02DFB04EBBD
:102910008704E36AE26E9B1AAB4201D200F024FB0B
:1029200002232A463146D8F8040000F021FC08B101
:1029300000F01AFBE36EE06D2A463146184403F0BE
:10294000DBF8E36E00202B44E366BDE8F08100BFB6
:102950001C1A00202DE9F04105464FF001080E4EEB
:102960000E4B37685C681CB928463760BDE8F081BB
:102970002268936813F400700CD16369012B09D0AD
:10298000D368346023B19847002801DA00F0ECFAEC
:10299000C4F81480E469E6E71C1A0020201A00201D
:1029A00038B5044610B96FF0800038BD8368002B3D
:1029B000F9D01A68002AF6D05D68002DF3D00B4BD1
:1029C000A86168691D6020B92B68DB6853B90123D1
:1029D0006B61A36804F10C001B681B699847012315
:1029E0002360E2E798470028F1DADCE71C1A0020B0
:1029F0004268024B08461A60704700BF1C1A00204C
:102A00000022036810B5C0E905229A68044612F452
:102A1000406F07D0120503D5D3E90A0100F034F85E
:102A2000014B1C6010BD00BF1C1A002038B5124BB2
:102A30001B681C68A36813F4406F01D100F094FA7E
:102A400000F05EF9226B23690C49134423F007035D
:102A5000A3F1080543E9021185F30988073222F042
:102A6000070282F30B88BFF36F8F054BE2680549BD
:102A700000F05BFC002038BD1C1A0020A5EDF5FE1F
:102A8000F80B002055290000014BC3E900017047F5
:102A9000281A0020034BD3E900308342C8BF00202E
:102AA000704700BF281A002008B500F01DF9034B3D
:102AB000986000F01FF980F3888808BD00ED02E0FF
:102AC000EFF308807146EFF30982EFF30B830CB448
:102AD00006B400F005FA8646009900F0080001F0FF
:102AE0000801401A02DC12DB04B070471EF020031C
:102AF0001CBF2DE9F00FBDF1080D0A4C25462646F6
:102B00002746A046A146A246A34630B4704704B06B
:102B100030BC1EF020031CBF1DF1080DBDE8F00FF6
:102B200004B07047A5EDF5FE084BDA6882F07F42ED
:102B300082F47F0242F48042DA6000221A765A76EA
:102B4000DA76DA77602283F82220704700ED00E021
:102B5000009A0A4B9A420FD1012290430146024645
:102B60000346044605460646074680468146824699
:102B70008346844686460447FEE70000A5EDF5FE41
:102B80002DE9F041044618B943F6DA30BDE8F0818A
:102B90000029F9D08368002513F4406F14BF012386
:102BA0000023134F43F00203DFF848800B6000F16D
:102BB0003806236AAB4201D80020E7E71421A36955
:102BC000E26906EB830301FB02330C226A43991886
:102BD0008968090709D59B58BB4201D04345D3D129
:102BE000186810B10121FFF73DF80135E1E700BF9A
:102BF000BC100020B410002070B5324C86B03248B2
:102C0000FFF7CCFA236801255A1C01932F4B226051
:102C1000DA681B694FF44076039300232A4801A920
:102C200002920495ADF814608DF81630FFF777FA2C
:102C300018B143F6DA3006B070BD23688DF816007F
:102C40005A1C0193224B20480293224B01A9CDE943
:102C500003352260ADF81460FFF761FA0028E8D16F
:102C600023688DF816005A1C01931B4B16480293DB
:102C70001A4B01A9CDE903352260ADF81460FFF7C6
:102C80004EFA0028D5D123688DF816005A1C0193FE
:102C9000134B0D480293134B01A903930223049392
:102CA00040F201132260ADF81430FFF738FA044601
:102CB0000028BED12A4629460348FEF725FF2046B4
:102CC000B9E700BF301A0020B010002078350000AE
:102CD000E0350000C05E0000400600004006000035
:102CE000000C0020200C0020014B1868704700BF2A
:102CF00078350000014B1B68186870477835000074
:102D0000014B1B68586870477835000008B5FEF71E
:102D1000C3FFFEF72FFF0A4B5A68103AD3B21206D0
:102D200009D401215A0903F01F03994002F16003FD
:102D3000044A42F82310BDE8084000F015B900BF6E
:102D400000ED00E000E100E00020034BD8765A6A75
:102D500042F470225A62704700ED00E00349044BD0
:102D6000CA68002092B21343CB60704700ED00E0C8
:102D70000800FA0500224FF0FF300D4B02F1A001D0
:102D80000132102A43F82100F8D1D3F88022002024
:102D900022F00802C3F88022D3F88022D3F88022E0
:102DA00022F40072C3F88022D3F88032704700BF4B
:102DB00000E100E008B5FEF7C1FE0822024BC3F8AF
:102DC00080211A60002008BD00E100E0064BD3F826
:102DD000D02022F00102C3F8D020D3F8D02042F056
:102DE0000202C3F8D020704700ED00E037B501249F
:102DF000FEF7D2FE134D2246052347F6FF71002051
:102E00000094FEF7E1FE224607234FF000500E49E2
:102E10000094FEF7EFFED5E901010723002200949C
:102E2000FEF7D2FE07230022084909480094FEF766
:102E3000E1FE2969E8680139FEF7F6FE002003B0DB
:102E400030BD00BF78350000FF7F0020FFFF03206A
:102E50000080002038B500240E4D002155F8040BE9
:102E60000134FEF70DFF1D2CF7D10020012240F2A6
:102E70000111094BC3F88004C3F88424C3F8C004CB
:102E8000C3F8C424054AC2F840154FF48072C3F851
:102E9000402438BD0435000000300050009003503D
:102EA0000122014B1A607047341A002010B5044605
:102EB000094B2289186861680623406800F058F9B8
:102EC00028B9064B1B68012B01D1FFF7A3FA6FF05D
:102ED0008603236010BD00BF1C1A0020341A002096
:102EE00001F00C0370B50C2B0CBF154605464A06C5
:102EF0000C461ED58B0658BF2835AB6913F8026CFB
:102F000084F00803C3F3C003C6F38012934201D0D8
:102F100000F02AF816F0A00F1CD176B1032E15D0C0
:102F200032461C210D48FFF7C5F96FF083032B6073
:102F30000AE000F019F82026E2E7FFF7C1FA04469C
:102F40000146074800F0EDF9204670BD2846FFF71E
:102F5000ADFFF9E732461F210248E4E78C35000057
:102F6000F80B0020A8350000FFF745B903689A6800
:102F7000DB6812F4806F05D18B422CBF00206FF00C
:102F8000FA0070478B420CBF00206FF0FA007047C8
:102F900010B500F0D3F8044600F0E1F850B9FFF79F
:102FA00039FAA3685B681B685B68834218BF00241A
:102FB000204610BD0024FBE738B5054648B1FFF7B1
:102FC00069FDB5EBD07F044601D0FFF7CDFF204669
:102FD00038BDFFF71FFAF4E7002310B500F128020F
:102FE00052F8041F19B1C16F146C19444C600833B6
:102FF000202BF5D110BD70478230012808B506D8C6
:10300000FFF712FA18B9BDE80840FFF7ADBF08BDD9
:10301000F8B506460D46FFF7BBFF044608B9FFF7B3
:10302000A3FFA7680FB9FFF79FFFE368991C20D0A3
:103030005A1C21D1A5B315F1820F13D102232360AD
:10304000EFF3108672B629462046FFF7D1FC0546FD
:1030500086F310882368022B24D1204600F081F8E3
:103060002846F8BD15F1830FEAD0FFF77DFF002554
:10307000E6E702232360FAE7002BF6DB2046FFF7A2
:10308000ABFF3B689B689B0501D50223236015F1CC
:10309000810FD5D16369002BD2DBFFF765FFCFE746
:1030A0003546F4E700232360DAE708B5FFF7A3F815
:1030B0006FF0830008BD2DE9F3410E461746984690
:1030C0000546FFF7B1F9FFF777FF2946024601A849
:1030D000FFF7BAF9044660B943463A4631460198CB
:1030E000FFF700FB044640B16B0002D5019800F0E9
:1030F00038F8204602B0BDE8F0810198FFF750FC97
:103100000446F6E740F20110704770B50546FFF738
:103110008BF906462846FFF72DF9044608B900202A
:1031200070BD014632462846FFF73AF90028F6D12D
:103130002368D868F4E74FF480507047B0F5805F9B
:1031400003D1EFF30B808038704700207047704741
:10315000EFF30B8000F1800383F30B8870470020AE
:103160007047EFF30B83803B83F30B887047704706
:103170002DE9F0410F461546002A5BD0002900F0EA
:103180008D8003F00602062A57D09A0740F1868008
:1031900008249B0648BF44F01204860758BF44F039
:1031A0000404C00709D5EFF39483D9074CBF44F05A
:1031B000040424F0040444F012042246294638464C
:1031C00002F072FBB0BB47E800F205EB0708110EF6
:1031D000120208F1FF3646E800F34FEA13605AD5B1
:1031E0001B0258D5884256D047E800F546E800F65D
:1031F000FEF7ECFF2D0E85424FEA166628D3FEF748
:10320000E7FF864224D82846FEF7DBFF2246C7F1B7
:1032100001010144384602F047FBE0B30135AE42FC
:103220000DD83046FEF7CBFF2246A8EB000102F096
:103230003BFB80B30020BDE8F0810124A9E72846CC
:10324000FEF7BDFF0746FEF7C5FF22460146E1E750
:10325000FEF7C8FF85421ED3FEF7C6FF86421AD886
:103260002846FEF7F9FC2246C7F101010144384621
:1032700002F01AFB78B10135AE4203D83046FEF7B2
:10328000ACFFD1E72846FEF7A8FF0746FEF7AEFFE2
:1032900022460146EBE76FF07F00CCE74CF2DA20E4
:1032A000C9E710B50446FFF791FDFFF79FFD10B188
:1032B00043F6DA3010BDFFF7CDFD0028F8D1FFF757
:1032C0009BFC0028F4D102232360F3E708B5FFF745
:1032D0003BFD10B143F6DA3008BDFFF73FFD002893
:1032E000F8D100F01CF80028F4D162B6FDF704FC18
:1032F000FFF740FD0028EDD1FFF75CFD0028EBD083
:10330000E8E7EFF30880EFF309812DE9F00F6B4652
:103310007246FDF745FB08B0FFF7F8FCFEE700201A
:10332000704704460D46A546284783F3088896460D
:103330000222EFF31483134383F31488BFF36F8FD8
:103340000847000001464154414C204552524F521B
:103350003A2000486172644661756C740D0A004D34
:10336000656D4D616E616765206661756C740D0AEF
:10337000004275734661756C740D0A005573616780
:10338000654661756C740D0A005365637572654618
:1033900061756C740D0A0052657365727665642000
:1033A000457863657074696F6E2000506C61746657
:1033B0006F726D2065787465726E616C20696E74D1
:1033C00065727275707420284952516E293A200036
:1033D000290B00001F1F0000A50D0000610B00005D
:1033E000471F0000531F0000790B0000231F00003F
:1033F000490B0000550B00002D0C0000291F000098
:10340000351F00003B1F00001D00000010000002DF
:103410001C00000111000003030202020000000072
:103420000338FDD87047506C6174666F726D20452B
:103430007863657074696F6E3A0D0A00416C6C2098
:1034400070696E732068617665206265656E2063C1
:103450006F6E66696775726564206173206E6F6E4A
:103460002D7365637572650D0A0000000002FF0090
:103470002C0000003001FF00080000004001FF00A8
:103480000C0000000881FF00F802000030313233E8
:103490003435363738394142434445461B5B313B6E
:1034A00033346D426F6F74696E672054462D4D2022
:1034B00076322E312E312D6E6373311B5B306D0DE4
:1034C0000A001B5B313B33346D5B536563205468EA
:1034D000726561645D2053656375726520696D6115
:1034E000676520696E697469616C697A696E6721C4
:1034F0001B5B306D0D0A000014120020FC1100202F
:1035000018020000004000500050005000800050A1
:1035100000A0005000B0005000E0005000F000504B
:1035200000000150001001500040015000500150B7
:10353000007001500080015000B0015000C00150E7
:1035400000D0015000E0015000F001500000025096
:103550000010025000200250003002500040025083
:10356000006002500080025000A002500090035002
:103570000025845000A0035000800000008000005F
:10358000FFFF0F00007C000000800000556E6B6E96
:103590006F776E2053504D205356432072657175DE
:1035A00065737465643A2000556E6B6E6F776E209C
:1035B000535643206E756D62657220726571756534
:0735C000737465643A2000FA
:1035E0000348044B834202D0034B03B11847704792
:1035F0009C1100209C110020000000000548064B93
:103600001B1AD90F01EBA301491002D0034B03B1E0
:10361000184770479C1100209C11002000000000FA
:1036200010B5064C237843B9FFF7DAFF044B13B10A
:103630000448AFF300800123237010BDA0180020C0
:1036400000000000B05E000008B5044B1BB1044947
:103650000448AFF30080BDE80840CFE70000000059
:10366000A4180020B05E0000A3F5803A704700BFA8
:10367000174B002B08BF134B9D46FFF7F5FF0021AA
:103680008B460F461348144A121A02F05AFA0E4B90
:10369000002B00D098470D4B002B00D098470020FE
:1036A000002104000D000D48002802D00C48AFF3A3
:1036B000008002F071F920002900FEF727FE02F0D9
:1036C00057F900BF000008000000000000000000E3
:1036D000F80B00209C110020A4280020000000000E
:1036E00000000000009A074B9A4208D110B502F082
:1036F0004BFA02F077F906BC96460C46744702F086
:1037000087FA0000A5EDF5FE009A074B9A4208D112
:1037100010B502F045FA02F065F906BC96460C4673
:10372000744702F075FA0000A5EDF5FE0CB4029A9C
:10373000084B9A420CD14FF0004319430CBC10B512
:1037400000F022F802F04EF906BC96460C4674478B
:1037500002F05EFAA5EDF5FE009A044B9A4202D102
:1037600003490868744702F053FA0000A5EDF5FE1E
:10377000145D0000009A034B9A4200D1744702F096
:1037800047FA0000A5EDF5FE2DE9F84304460D4685
:1037900016461F46EFF30583C3F308030BB1FFF78B
:1037A000E3FBDFF834903B46204632462946D9F801
:1037B0000080FFF780FCD9F800300446984506D019
:1037C0009B6901461869BDE8F843FFF721BCFFF784
:1037D00013FC2046BDE8F8831C1A002001680E4A3D
:1037E0000346914215D1C169A2F11022A2F1EF1254
:1037F00091420ED18268012A0BD8C26812B10169C8
:103800008A4206D0586928B19B691B1A5842584110
:1038100070470120704700BF55AA00FF0D4B70B5DF
:103820009E68A6B13046FFF7D9FF044678B9F36821
:103830006BB935690DB9204670BD2846FFF7CEFF3C
:1038400028B9EB68B34202D12E462D69F2E7012474
:10385000F1E700BF381A00202DE9F041394E3468F5
:10386000F368D4B1B468C4B1002861D000295FD036
:1038700001FB00F5B5FBF0F0884259D1291D57D85E
:10388000AA070DD025F0030204321C4603E061684C
:1038900091424FD2A469002CF9D12046BDE8F081B5
:1038A0002A46F2E7891A232904F12007D4E9050CF6
:1038B0001AD80123A360A0B1C0F818C0A36903B14E
:1038C00058610023C4E905333369DB0702D5FFF7EC
:1038D000A5FFA0BB2A46002138463C4602F031F93C
:1038E000DBE7C6F80CC0E9E702F1200804EB0803A7
:1038F0002039C3E9011E2169DFF84CE0DC60196161
:1039000044F808E0AEF1102EAEF1EF1EC3F81CE053
:1039100001B1CB60C3E9050C40B18361996901B184
:103920004B6101212361C4E90121CAE7F360F5E796
:103930000024B2E7D4F808E0BEF1000FB2D00120B5
:1039400002F016F8381A002055AA00FFF8B505460F
:1039500000283AD0364E3368002B36D0B268002AA1
:1039600033D0834203D872681344984202D30120B3
:1039700001F0FEFFA0F120042046FFF72FFF0028F2
:10398000F5D155F8183C012BF1D145F8180C55E943
:103990000570DFB1BB68CBB955F81C2C7B682032B1
:1039A00013447B60386100B1C760202200212046AB
:1039B00002F0C7F8386908B183682BB333699B07F5
:1039C00003D5FFF72BFF0028D1D1F8BD40B38368A2
:1039D00033BB426863681344203363600369D4E9EE
:1039E0000521236192B9B9B9426981696261A16116
:1039F000A2B19461A26902B1546103B1DC602022DA
:103A0000002102F09EF8D9E73C46E2E79161A16906
:103A10000029E9D04A61E7E7F160F8E7F460E9E7F7
:103A2000F36845F8083C03B15C61F460C6E700BF89
:103A3000381A002038B50D461422002104461248D9
:103A400002F07FF81149124800F02CF8232D1AD902
:103A500014F003031FBF043DED18C3F10403E41881
:103A60002A460021204602F06CF8074B094AC3E9B8
:103A700000459C602260A2F11022203DA2F1EF12CD
:103A80006560E261DC6038BD381A00204D39000005
:103A90005938000055AA00FF014B1B68184700BFAA
:103AA000C4100020024B1860024B002019607047C0
:103AB000C8100020C410002010B50A46044619B1F1
:103AC000024B00211B68984710BD00BFCC1000209E
:103AD000074B0A465978022906D11978072903D1DC
:103AE0000146181D02F0DAB86FF08800704700BF79
:103AF0004C1A002010B5124C2378590744BF23F00C
:103B00000403237023789A0705D500F063F823781F
:103B100023F002032370637813B10A4802F0CFF850
:103B20000023042107486370FFF7C6FF2378DB07F3
:103B300005D502F0B0F8237823F00103237010BDFF
:103B40004C1A0020501A002038B51C4D6A782B788A
:103B5000022A01D1072B12D0D80713D52B78990749
:103B600007D400F02FF82B78044643F002032B70A3
:103B700088B96A782B788AB12B785A0719D500242E
:103B8000204638BD02F085F82B78044643F0010347
:103B90002B700028E2D0FFF7ADFFF1E7DB07EBD594
:103BA000074802F079F8022304466B700028F2D12E
:103BB000E2E743F004032B70E1E700BF4C1A00205A
:103BC000501A00200122024B002083F88025704704
:103BD000541A00202DE9F041094C202526464FF0CB
:103BE000010803272046C4F82080277702F034F824
:103BF000013D04F12C04F5D186F88055BDE8F08133
:103C0000541A002010B50C4C236813B10B4B1B68E1
:103C10002BB900F089FC30B90122084B1A6001234E
:103C20002360002010BD0138062801D9044810BDCA
:103C3000044B53F8200010BDF01F0020EC1F0020A3
:103C4000FE8FFFFF185D0000144B2DE9F0430028A4
:103C500014BF04461C46124F236883B0BB4219D0E0
:103C600016460D4620464FF4147104F1040900F085
:103C700047F804F58E78484600F0CEF8404600F04C
:103C800019FA2B464A4640460649009600F034FB96
:103C900008B92760002003B0BDE8F083F41F0020BE
:103CA000A5BCC95A9D3E000070B50D4C1D460028AC
:103CB00014BF064626460B4B306882B098420DD1A1
:103CC00006F58E70002633460096144600F03EFB43
:103CD000002818BF34462C6002B070BD0248FBE7D4
:103CE000F41F0020A5BCC95AE88FFFFF38B131B1DD
:103CF000002201440346013081421A70FAD1704714
:103D000038B131B1002201440346013088421A70B3
:103D1000FAD170472DE9F043202B1D460646884610
:103D200091468BB026D8DBB202AF8DF80480B04646
:103D300058F8041B8DF8053021B9404601F038F9D8
:103D4000044640B9012302224046336001A901F034
:103D500043F9044638B138462021FFF7D1FF204609
:103D60000BB0BDE8F0832A464946404601F034F9DD
:103D70000446F0E702AF1946104600233A4601F028
:103D8000B1FA04460028E6D12023B9461D46CCE707
:103D90002DE9F041D0F8F830A6B0002BD8BF02AE24
:103DA00031DD05460027D0F80C4102AEA4F1010830
:103DB0009022D5F8FC403146D0F8000101AB0197C4
:103DC000B8FA88F8A0474FEA5818044620B9019B72
:103DD00053B9B8F1000F16D030469021FFF790FF8D
:103DE000204626B0BDE8F081014632462846FFF75E
:103DF00091FF58B9D5F80431019A1344C5F804313C
:103E0000B8F1000FE8D16FF03C04E5E70446204626
:103E100026B0BDE8F08100BF70B50025044614222D
:103E200004F588762946C0F8F850FC3001F089FE88
:103E300008222946304601F084FE144B30461B68A8
:103E40009847204640F8045B01F098F8104B304644
:103E50001B689847C8B9D4F8F830AB420FDC03EBC5
:103E6000830204EB82022021C2F800010120C2E992
:103E7000421008490133C2F8FC10C4F8F830064B70
:103E80003046BDE870401B68184770BDEC1000203C
:103E9000E8100020814E0000E41000202DE9F047DA
:103EA000202A88B07AD83F4B00F5887904461B68F1
:103EB00048461746884698470546F8B940F2011625
:103EC000D4F8F830002B65D02046FFF761FF054697
:103ED00038B9D4F8F830002B14DC013EF2D16FF081
:103EE0003B056E4620213046FFF70AFF2E4B484621
:103EF0001B689847002818BF6FF01D05284608B0BA
:103F0000BDE8F087D4E94132934203D3D4F80C21C1
:103F1000012A02D0013ED7D1E1E71F2BFAD96E4624
:103F200001462022304604F1040A01F00AFE31461F
:103F3000504601F07BF805460028D3D1504601F0E9
:103F400031F8504601F01AF82946504601F030F891
:103F500005460028C6D150462022314601F03CF8E3
:103F600005460028BED1034632462021304601F0E6
:103F7000B9F905460028B5D1D4F8F8303A46002BF7
:103F8000C8BF002340463146C8BFC4F8043101F021
:103F9000B3FDA7E76FF03F056E46A3E76FF03B0563
:103FA000ACE700BFE8100020E410002070B590B02E
:103FB00000287AD03E4C0D46402236210646204647
:103FC00001F0BFFD40225C21A01801F0BAFD2B1DBD
:103FD000A34203D904F144039D4252D32B682268C3
:103FE000534023602B68226C534023646B686268E3
:103FF000534063606B68626C53406364AB68A26853
:104000005340A360AB68A26C5340A364EB68E268C2
:104010005340E360EB68E26C5340E3642B69226930
:1040200053402361226D2B695340236562696B699C
:10403000534063616B69626D53406365AB69A2690C
:104040005340A361AB69A26D5340A365EB69E2697C
:104050005340E361EB69E26D5340E3650021304674
:1040600000F0A6FF044628B940223046104900F06F
:10407000B3FF044640216846FFF742FE204610B0D9
:1040800070BD631E04F13F01013D1F3415F8010F9F
:1040900013F8012F42401A7011F8012F2878A3421B
:1040A00082EA00020A70F1D1D8E76FF07304E5E705
:1040B0004422002010B54FF49A720021044601F00A
:1040C00040FD42F21072044BC4F8202104F59670B2
:1040D0001B68BDE810401847EC1000202DE9F04F98
:1040E00004468846914695B0002900F0A780002A32
:1040F0000CBF0126022600238DF80C30002C00F0A6
:104100009F80DFF844A104AF0AF1400B0021204654
:1041100000F04EFF034648B1384620210193FFF7D7
:10412000EFFD019B184615B0BDE8F08F40225146C7
:10413000204600F051FF03460028EDD104F1F405BC
:1041400020222946204600F047FF03460028E3D1FD
:104150000122204603A900F03FFF03460028DBD1DF
:10416000022E62D020460CA900F060FF0346002812
:10417000D2D10146204600F01BFF03460028CBD1D8
:1041800040225946204600F027FF03460028C3D1AD
:10419000202220460CA900F01FFF03460028BBD1B7
:1041A0003946204600F042FF03460028B4D1394684
:1041B0002046FFF7FBFE03460028ADD1202229460A
:1041C000204600F009FF03460028A5D120460CA98F
:1041D00000F02CFF034600289ED10146204600F047
:1041E000E7FE0346002897D140225946204600F0BA
:1041F000F3FE034600288FD1202220460CA900F0B0
:10420000EBFE0346002887D12946204600F00EFF2A
:104210000346002880D19DF80C200132D2B2B24270
:104220008DF80C20FFF472AF76E74A4641462046EF
:1042300000F0D2FE0346002894D06DE701265AE72D
:104240006FF0730304AF67E7442200202DE9F041CB
:104250000446884615461F46D0F81801E0B013B151
:1042600000EB40004008B5F5807F3ED82844B0F50B
:10427000C07F3AD84FF4C0720021684601F061FC5B
:104280006946D4F82431D4F81821D4F82801984785
:1042900070BBD4F8186157B1D4E9493072080DEBFE
:1042A0000601984720BBD4F8183106EB5306B8F145
:1042B000000F00D08DB9324669462046FFF70EFF49
:1042C000054610B90123C4F8143131466846FFF79A
:1042D00017FD284660B0BDE8F0810DEB06004146B1
:1042E0002A462E4401F008FCE5E76FF00405F0E7EC
:1042F0006FF00805EDE700BF2DE9F047044604F133
:10430000F4050F4691461E46DDF8208000F036FE8B
:1043100029462046FFF74AFE08B1BDE8F087284647
:104320002022012101F00DFCD4F81831C4F82471C9
:10433000C4F8289113B92023C4F8183142463146F5
:104340002046BDE8F0470123FFF780BFB2F5806F3C
:1043500000F295802DE9F04F89B09A46129BB3F593
:10436000807F00F29080D0F82431164604460F4634
:104370004BB3D0F81C31012B05D0D0F81421D0F864
:1043800020319A421FDD514600232046129AFFF742
:104390005DFF014698B900231293002E5ED0DFF82E
:1043A000EC9009F1400B0021204600F001FE202E88
:1043B0003546014628BF202504F1F40890B108468F
:1043C00009B0BDE8F08FBAF1000FE6D0129B002BC8
:1043D000E1D051461A462046FFF780FE01460028EC
:1043E000DBD0ECE749464022204600F0F5FD0146CF
:1043F0000028E4D141462022204600F0EDFD014690
:104400000028DCD16946204600F010FE0146002855
:10441000D5D1204600F0CCFD01460028CFD1594629
:104420004022204600F0D8FD01460028C7D1694649
:104430002022204600F0D0FD01460028BFD1414691
:10444000204600F0F3FD01460028B8D138462A4640
:10445000414601F051FB761B2F44A4D15146204622
:10446000129AFFF73BFE01460028A8D10846D4F86F
:1044700014310133C4F8143109B0BDE8F08F6FF086
:104480000201084670476FF0040198E744220020BB
:10449000002130B58DB0282202A8019101F051FB16
:1044A00002A800F047FF044610B120460DB030BD11
:1044B000174D4FF0FF31286800F042F9044620B153
:1044C000144800F0D3F9012C18D0002000F068F94E
:1044D000D0B9114A02A901A800F0C4FC0446012089
:1044E00000F05EF960B9286800F032F90028DCD0ED
:1044F0000A4800F0BBF920460DB030BD0524F2E7B4
:10450000074800F0B3F9EEE7064800F0AFF9E0E73E
:10451000D0100020345D0000C42200208C5D00001B
:104520006C5D00004C5D000030B583B000F05CF8BD
:1045300028B100F0ABF80324204603B030BD00F0F2
:1045400077F8D8B900F02CF9E0B9224CD4F8283922
:104550001B0EF02B0AD1D4F8242A1F4B9A4231D0DB
:1045600000F044F8072400F091F8E5E7062400F095
:104570003DF800F08BF8204603B030BD04242046FF
:1045800003B030BD00F032F800F080F8FFF780FF94
:10459000044698B9114D2B68002BCDD10246014637
:1045A000FFF752FB50B968220D4901ABFFF77CFBC6
:1045B00020B920460B4B2B6003B030BD05242046AC
:1045C00003B030BD012000F0EBF80028DAD1C4F8C8
:1045D0000C0ADBE7001084500000E020E4240020F7
:1045E000E82400205AEA5A5A0020704700207047F9
:1045F000430504D54FF0FF32034BC3F80821024BAB
:10460000C3F8080A704700BF00108450014BC3F87C
:10461000040A70470010845008B100F06BB84FF4E2
:104620007500704708B100F04FB84FF4750070473F
:1046300010B5114800F070F800B110BD0F4800F03F
:104640006BF80028F9D10E4C204600F065F80028E0
:10465000F3D10C4B0C481C6000F05EF801460028BA
:10466000EBD100F02DF8044608B1204610BD00F053
:1046700079F82046FAE700BFE0100020DC100020A7
:10468000D8100020D0100020D410002008B5084811
:1046900000F04CF8074800F049F8074800F046F8E9
:1046A000064800F043F8BDE8084000F00BB800BF32
:1046B000E0100020DC100020D8100020D4100020D2
:1046C00000207047704700BF024610B4084CD4F871
:1046D000003A1342FBD021B1D4F804310B60C4F886
:1046E0000831034B0020C3F8082A10BC704700BFF4
:1046F00000108450044AD2F8003A1842FBD0C2F8A5
:10470000080A0020704700BF0010845001F0BEB9B5
:104710000A46002101F015BA08B5034B02681B6870
:1047200010689847002008BD0C11002008B5034B05
:1047300002685B6810689847002008BD0C110020D3
:10474000024B02689B681068184700BF0C110020DC
:1047500008B5034B0268DB6810689847002008BD65
:104760000C11002070B5094C094D2069AB689847C1
:1047700018B1084B08485B6898470021074AEB6866
:1047800011602069BDE87040184700BFF810002094
:104790000C110020F0100020A45D00005025002026
:1047A000F8B51A4D1A4E0446B26828699047E8B920
:1047B000184F3B684CB1A3B1012B19D0013B3B60B2
:1047C0002869F36898470020F8BD43B90121124ACF
:1047D000C2F800151149D1F81029002AFBD1013384
:1047E0003B60F368286998470020F8BD0C48F8BD85
:1047F0000A4AD2F81039002BFBD1074A6FF07E40ED
:10480000C2F80035FFF702FF3B68D7E7F810002039
:104810000C1100205025002000008450001084500E
:10482000E98FFFFF014B1B68184700BF0C110020E8
:10483000014B9B68184700BF0C110020014BDB683F
:10484000184700BF0C110020BFF34F8F0549064BDE
:10485000CA6802F4E0621343CB60BFF34F8F00BF1E
:10486000FDE700BF00ED00E00400FA0530B44FF0B2
:10487000FE320025074B084C08494968C3F800245C
:10488000C3F80424C3F80824C3F80C24C4F8005562
:1048900030BC08470010845000008450F010002005
:1048A00010B5044650B1636813F0685F05D0064A3E
:1048B000934202D000236260236010BD034B044882
:1048C0005B689847EFE700BF2C5F5CA9F010002001
:1048D000C45D0000C8B143680D4A934213D013F081
:1048E000685F0ED0012350E8002F194640E8001CF5
:1048F0009CF0000FF7D1012AF5D0BFF35F8F0020A5
:10490000704704487047044870476FF4E0407047B0
:104910002C5F5CA9E98FFFFFEA8FFFFF034680B1A0
:10492000426809498A420AD012F0685F05D0BFF395
:104930005F8F002210461A60704704487047044891
:1049400070476FF4E04070472C5F5CA9E98FFFFF70
:10495000EA8FFFFF10B5044620B10023034A23600D
:10496000626010BD0248FFF781FFF6E73A00003AA7
:10497000EC5D00002DE9F047002878D00C460029B6
:1049800075D01D46002B72D007461AB101220023B4
:104990002A6003602B68002B64D02946204600F073
:1049A000B7FD804600285FD12146286800F096FDBB
:1049B0008046002858D12B68082B6CD0042B6DD072
:1049C000A3F10209B9FA89F94FEA59190121354EC3
:1049D000C6F8C411C6F84011C6F8C411636AC6F817
:1049E0003031D6F830219342F6D14FF0000A4FF023
:1049F000FF30C6F82CA1FFF7FBFD6FF01B035046FC
:104A0000C6F80031FFF702FEC6F80C91D6F8040A8A
:104A100040F48060FFF7FAFD0A23C6F83831089B9E
:104A2000012B29D02369204AA2FB03231B09626AB8
:104A3000404602FB03F303EB43031A4ADB039B09E3
:104A4000C2F8D8310123C2F82C313B682A6823F020
:104A50007F4343EA02633B602A6843EA02233B60E8
:104A6000BDE8F087DFF844804046BDE8F087DFF816
:104A700040804046BDE8F0874FF47F03D3F80C2C0C
:104A8000013206D0D3F80C3C074AA2FB03231B09D2
:104A9000CDE71623CBE74FF0030997E74FF0020964
:104AA00094E700BF00108450ABAAAAAA310CF10011
:104AB000350CF10058B34B1EB3F5047F27D230B547
:104AC0004FF0000ECD00744671464B0901F01F0CEB
:104AD00050F82330BCF11F0F23FA0CF306D003F07B
:104AE000010319B901211C468E46EEE79C4201F1F3
:104AF000010106D01C464FF0010EA942E5D100206D
:104B000030BD0EF1010E9645F7D1024830BD014887
:104B1000704700BF360CF100C0B32DE9F0434C1EC6
:104B2000B4F5047F1DD2E3B1DAB100252E46A846C4
:104B30002C46CF0003F1FF394FEA541C04F01F0E3E
:104B400050F82C10BEF11F0F21FA0EFC0CD00CF007
:104B5000010C4CB90126E04634463546ECE7964256
:104B600016D90C48BDE8F083AB420BD0C44508BF52
:104B70000136A945F3D001350134BC42DCD1002017
:104B8000BDE8F0830125E0462E46F5E70148704771
:104B90001D46F1E7370CF1002DE9F04F91B0834647
:104BA000DDE91B460D46002E6ED10F691C60002307
:104BB0001A990B60002A00F02F819D4B6A6AD3F886
:104BC0003811D3F830319A4269D10A2967D19BF85C
:104BD0000330089304F10803079304230593954BCE
:104BE000934CA3FB07239B0803EB4303A7EB43036F
:104BF000039306971A9B069E1E60002E00F0EA8023
:104C000000F096FC00230993BBF1000F00F0D58063
:104C100098464FF0010ADDF81C90002D00F0CD8081
:104C2000089B002B3DD0284608A900F071FC002805
:104C300039D0814B984220D0089B082B00F0E480AB
:104C400000225B000893294608AB58460092FFF704
:104C500091FE7A4B984200F0D38070B9DBF80020C7
:104C6000130A03F47F03134323F07F43CBF8003090
:104C7000059B013B0593BDD10020039000F058FC3B
:104C8000039811B0BDE8F08F4FF47F01D1F80C0C00
:104C900001300CBF4FF40477D1F80C7C86E76848EC
:104CA000EBE76648C5E72946089800F017FC00289E
:104CB000BFD1089B082B00F0A980042B00F0A9802D
:104CC000A3F10203B3FA83F35B090493C4F8C4A10C
:104CD000C4F840A1C4F8C4A16B6AC4F83031D4F858
:104CE00030219342F6D100234FF0FF30C4F82C312D
:104CF000FFF77EFC002318466FF01B03C4F8003159
:104D0000FFF784FC049B4B4FC4F80C31D4F8040A21
:104D100040F48060FFF77AFC0A23C4F838312B692D
:104D200009A8A7FB03236A6A1B0902FB03F303EB31
:104D30004303DB039B09C4F8D831C4F82CA1DBF88A
:104D40000030089923F07F420B0243EA01631343CA
:104D5000CBF8003000F0B2FB099B03F01A030343C9
:104D60007FF46AAFA7FB0637D4F81431B8EB970F7E
:104D70000A93D4F818310B93D4F81C310C93D4F85F
:104D800020310D93D4F824310E93D4F828310F93A9
:104D900001D1039B9BB9484618220AA9183EFFF788
:104DA000B5FC09F1180908F101089EB100F0C0FB3B
:104DB00000230993002D7FF433AF224839E748469A
:104DC0001A46F61A0AA9994408F10108FFF79EFC51
:104DD000002EEBD1069F079E6A6939463046FFF7E1
:104DE00069FEAA6940B94FF4806339463046FFF73F
:104DF00093FE00283FF440AF00231A9A136018E78F
:104E00002B6A002B3FF439AF0F4836E70323049396
:104E10005CE70223049359E701222946584600968D
:104E200008ABFFF7A7FD00283FF4D4AE25E700BF8D
:104E300000108450ABAAAAAA020CF100310CF100B8
:104E4000300CF100350CF100320CF10010B4DDE94A
:104E5000013401940024DDF80CC0CDE902C410BC7B
:104E6000FFF79ABE30B51546012487B005AB009315
:104E70000022CDE9015404ABFFF78EFE07B030BD30
:104E8000F0B587B0002966D01E46002B63D01446CB
:104E9000002A60D0314F0D4638684FF0FF31FFF7E0
:104EA0004FFC00284DD10020FFF77AFC002844D1A8
:104EB0002B4800F03FFAD8B101204FF0FF35FFF743
:104EC0006FFC002835D14FF408712648FEF70EFF1D
:104ED00004212548FEF70AFF21482821FEF706FF96
:104EE0003868FFF735FC00282FD1284607B0F0BD01
:104EF0001C4A0346029205AA019204AA039000925A
:104F0000174902461848FFF7A1FF03460028D3D1EE
:104F100028461D46059B22469C4228BF1A460499F6
:104F200032600831FFF7F2FB0120FFF739FC00285F
:104F3000C9D00E48FFF79AFCC5E70D48FFF796FC6D
:104F4000B6E70C48FFF792FCADE70B48FFF78EFC85
:104F5000284607B0F0BD4FF0FF35C6E7D01000205F
:104F60006825002090250020642500206C5D00004D
:104F70004C5D0000345D0000105E000010B504467A
:104F800028B12046BDE81040F421FFF7C1BB04481A
:104F9000FFF76CFC2046BDE81040F421FFF7B8BBDA
:104FA000285E000010B1F421FEF7A0BE704700BFDC
:104FB00008B521B1012908D06FF0360008BD0121E4
:104FC00000F058F80028F7D108BD022100F052F88F
:104FD0000028F9D0F0E700BF30B505468818B0F5D5
:104FE000801F0B461446A1B001D8802A0CD9B3F516
:104FF000801F17D922461946284600F07DF804463E
:1050000084B9204621B030BD6846FFF77FFB2246B9
:105010006946284600F070F8802104466846FFF78C
:1050200077FBEDE76FF03604EBE700BF70B5E8B152
:105030000E46D9B1044600F031F80546B0B92368F0
:10504000012B0BD0022B01D0284670BD1C2230460C
:1050500004F10801FFF75AFB284670BD20223046B4
:1050600004F10801FFF752FB284670BD6FF03605CA
:10507000EAE700BF78B138B50D46F0210446FFF7E6
:1050800047FB402320462560E36500F091FA003895
:1050900018BF012038BD0120704700BFF0B5056E74
:1050A000A5B0044604AEE5B90023012701933046BC
:1050B0006760294602AA009300F046FA10B1012069
:1050C00025B0F0BD2A46204602A900F099FA002832
:1050D000F5D1204600F0AAFB0028F0D1206625B0CB
:1050E000F0BD802D2A46304628BF802204F164019D
:1050F000FFF70CFB256ED7E7002800F0AE802DE906
:10510000F04F1446A5B0002A3DD00F46002949D0E3
:10511000B2F5803F0546006E20D34FF6FF7805F1CB
:10512000640AEB6D1A1AB2FBF3F103FB1122002A99
:1051300065D18342B9464FF6FF7672D0B6FBF3FBDA
:1051400003FB0BFBBBF1000F30D1002E45D1A4F5C2
:105150007F44FF3CB4F5803F4744E2D2EA6D161A23
:10516000B6FBF2F302FB1366A64228BF2646002ECA
:1051700075D1824200F08D80B4FBF2F602FB06F698
:105180002EB9002C79D1002025B0BDE8F08F002386
:1051900031463846CDE9003302AA00F0D5F900289F
:1051A00000F09580012025B0BDE8F08F002359461E
:1051B0004846CDE9003302AA00F0C6F90028F1D133
:1051C0005A46284602A900F01BFA0028EAD1A6EBAD
:1051D0000B06286ED944002EB9D019304946324604
:1051E00005EB8000FFF792FAA4F57F44286EFF3CA0
:1051F0003044B4F5803F4744286692D2AEE742453A
:1052000028BF4246164639465044FFF77FFA286EBB
:10521000EB6D3044834207EB06092866A8EB0606CF
:105220008CD1802B28BF802351461A4604A8FFF753
:105230006DFA0023E96D02AACDE9003304A800F05D
:1052400083F90028AED12846EA6D02A900F0D8F90A
:105250000028A7D1EB6D286670E70120704705F1A3
:105260006403394632461844FFF750FA286EEA6D57
:105270003044A41B374428667BE72B6E2246193343
:1052800005EB83003946FFF741FA2B6E23442B666A
:1052900079E7802A28BF802205F1640104A8FFF77E
:1052A00035FA0023E96D04A8CDE9003302AA00F025
:1052B0004BF900287FF476AF2846EA6D02A900F08A
:1052C0009FF900287FF46EAFEA6D286654E73246F6
:1052D000284602A900F094F900287FF463AF374410
:1052E000A41B4EE7F8B51C460546114816460F4666
:1052F000FFF744FE21460E48FFF75AFE044620B150
:105300000B48FFF74FFE2046F8BD3A4629460848AD
:10531000FFF762FE04460028F2D131460448FFF749
:1053200085FE04460248FFF73DFE2046F8BD00BF5B
:10533000B02700201C2370B582B001A90546019357
:1053400000F032F8044638B9019B1C2B07D0144CEE
:105350001C212846FFF7DCF9204602B070BDD5E9D4
:105360000112131E18BF0123003918BF01210126A5
:1053700028689B00EA6843EA4103002818BF43F00D
:105380000103EE612AB9C5E90834002BE4D1054CCC
:10539000DEE7204643F00803C5E9083402B070BDDB
:1053A000370CF0000E0CF0000346002866D00029F0
:1053B00064D00A681C2A61D14FF47F023B49D2F8BD
:1053C000100C88425CD0D2F8101C013158D0D2F8B1
:1053D000101C4FF47F021960D2F8140C3449884233
:1053E00060D0D2F8141C01315CD0D2F8141C4FF4F8
:1053F0007F025960D2F8181C11F5947F4FD0D2F873
:10540000181C01314BD0D2F8181C4FF47F02996060
:10541000D2F81C0C274988423ED0D2F81C1C01311E
:105420003AD0D2F81C1C4FF47F02D960D2F8001C8D
:1054300070312FD0D2F8001C01312BD0D2F8001CD3
:105440004FF47F021961D2F8041CAF3120D0D2F89A
:10545000041C01311CD0D2F8041C4FF47F025961A6
:10546000D2F8080C144988420DD0D2F8081C01313A
:1054700009D0D2F8082C00209A61704701207047AB
:1054800040F6FC01A5E740F2373200209A617047F0
:105490005121E2E79021D3E742F60411C3E740F639
:1054A000D861B2E742F2D001A1E700BFFCF8FFFFEC
:1054B000D020FFFF0429FFFF37F3FFFF014608B5A7
:1054C0004FF48060FFF7AEF80022034BC3F8C82109
:1054D000C3F82C2108BD00BF0010845001380728F4
:1054E00005D8DFE800F0100E040A0404040607489B
:1054F0007047CB6800204B6270478B6800204B627E
:1055000070474B68F6E70B68F4E700BF310CF10019
:105510000B6802E0082B0B6006D8026A13424FEAC0
:105520004303F7D00020704700487047310CF1006A
:105530000022044B4FF48060C3F82C21C3F8C4212F
:10554000FFF756B800108450F0B5002483B0B0F1D6
:10555000005F8DF8074025D38C468444BCF1804F12
:1055600004461FD817461D4601220DF1070300F01F
:1055700097F90646B0B99DF80730099A3C603B712F
:1055800092B14DB10246089928460DF1070300F08B
:1055900087F938B99DF807303046099A15601371BC
:1055A00003B0F0BD4FF47506304603B0F0BD00BF48
:1055B000D8B108B50368012B04D0022B0FD043B13A
:1055C0000B4808BD20220B490830FFF79FF8002048
:1055D00008BD142208490830FFF798F8F7E72022A1
:1055E00006490830FFF792F8F1E74FF4730070476F
:1055F0000100F300385E0000785E0000585E000095
:105600002DE9F843002900F0F9800446002800F055
:10561000F98003680F469046002B00F0C380013BE1
:10562000012B00F2D7804FF0FF3178484FF002098C
:10563000FFF786F8002840F0BF800020FFF7B0F8A1
:105640000646002840F0C280714AD2F81C39002B6F
:10565000FBD16F4DD5F8203C002BFBD14FF0FF3034
:10566000FEF7C6FFD5F8040A20F04000FEF7CEFF93
:1056700001230722C5F81838C5F80029C5F8C43732
:10568000A36CC5F8CC37E36CC5F8D037C5F8C09724
:1056900023685BB1013B012B18D8636AC5F85C36FF
:1056A000236AC5F85836E369C5F85436A269584BE1
:1056B000C3F850266269C3F84C262269C3F848260D
:1056C000E268C3F84426A268C3F84026504AD2F8DC
:1056D0001039002BFBD1B8F1000F5FD06368402078
:1056E000012B08BFC2F884363A68494BC3F8282C0E
:1056F000C3F82C8CFEF790FF0646454AD2F81039C5
:10570000002BFBD1424AD2F8203C002BFBD123686E
:105710005BB1013B012B18D8D2F85C366362D2F83A
:1057200058362362D2F85436E361394BD3F8502609
:10573000A261D3F84C266261D3F848262261D3F8DF
:105740004426E260D3F84036A36000230121304AAA
:10575000D2F8CC07A064D2F8D007E064C2F8C4172E
:10576000C2F88436C2F8C837D2F81039002BFBD102
:10577000C2F81838002E3BD1254BD3F8040A40F06C
:105780004000FEF743FF0120FFF70AF860BB1F4807
:10579000FEF7DEFF10BB3046BDE8F8830423C2F8F5
:1057A000C837AAE74FF0FF3118484FF00109FEF75C
:1057B000C7FF00283FF441AF1648FFF757F8002015
:1057C000FEF7EEFF064600283FF43EAF1248FFF713
:1057D0004DF839E7114E3046BDE8F8831048FFF721
:1057E00045F83046BDE8F8830E48FFF73FF8CEE7AE
:1057F000102104F10800FEF78BFFBDE70A4E30468A
:10580000BDE8F8834FF47306C5E700BFE010002041
:1058100000108450345D00004C5D00000100F30076
:105820008C5D00006C5D00000300F300A0B3034634
:1058300070B4D0E90240D3E9041226BA05BA0CBA12
:1058400010BAC3E90440D3E90612986A09BAC3E959
:10585000026512BA996100BAD3E9084125BA0CBAB7
:10586000C3E90725D3E90B12C3E9094009BAD86B8C
:1058700012BAD962D3E90D4125BAC3E90C250CBA95
:1058800000BAD3E9101209BA12BAC3E90E4019647A
:1058900000205A6470BC70474FF47300704700BF1B
:1058A00000201870704700BF431810B501D21F2A9E
:1058B00001D9002010BD013902F014030144102B5E
:1058C00080EA01043CD009DC8BB1042BF1D11F2C00
:1058D00040E840F315D941E840F10EE0142BE8D13F
:1058E0001F2C40E8C0F30CD941E8C0F105E01F2CA3
:1058F00040E800F305D941E800F11C460B468C4214
:10590000D7D122F01402013A0A2AD2D801A151F8C3
:1059100022F000BF635900005D5900004F5900009C
:10592000B3580000B3580000B3580000B35800004B
:105930006959000063590000575900004F59000091
:105940001F2C40E880F3DCD941E880F1D5E713F45F
:10595000001FAFD1ADE713F4801FFAE75B02A9D5B2
:10596000A7E713F4002FF4E713F4802FF1E700BF4B
:1059700008B5074B044613B10021AFF30080054B77
:105980001868836A03B19847204600F029F800BFE1
:10599000000000008C5E000070B50D4D00260D4C1F
:1059A000641BA410A64209D10B4D00260B4C00F03D
:1059B000A5F9641BA410A64205D170BD55F8043B9F
:1059C00001369847EEE755F8043B01369847F2E771
:1059D0004806000048060000480600004C0600008B
:1059E000FEE700BF002383F300887047FDF7BCBAD1
:1059F000EFF30880EFF309812DE9F00F6B46724653
:105A0000FAF7CEFF08B0FFF7F1FFFEE7FDF7ACBAFB
:105A1000EFF30880EFF309812DE9F00F6B46724632
:105A2000FAF7BEFF08B0FFF7F1FFFEE7FDF79CBAFB
:105A3000EFF30880EFF309812DE9F00F6B46724612
:105A4000FAF7AEFF08B0FFF7F1FFFEE7FDF78CBAFB
:105A5000EFF30880EFF309812DE9F00F6B467246F2
:105A6000FAF79EFF08B0FFF7F1FFFEE7FDF77CBAFB
:105A7000EFF30880EFF309812DE9F00F6B467246D2
:105A8000FAF78EFF08B0FFF7F1FFFEE7814270B42E
:105A90000546144602D370BC00F02EB8821821448B
:105AA0003CB141EA020313F003030FD1E0180328CD
:105AB00012D86FF00300A3084343002019441A448E
:105AC0002344984210D1284670BC704711F8013D1C
:105AD000013C02F8013DE3E7581850F8046C9818AF
:105AE00040F8046C043BE1E70C1A14F8016C141A3A
:105AF00004F8016C0130E4E770B504463AB141EABC
:105B0000040313F003030CD1D518032D0FD822F092
:105B100003031C441944002302F0030293420CD1F6
:105B200070BD11F8013B013A04F8013BE6E7CD1ADC
:105B30002E68E51A2E60043BE6E75D5CE554013310
:105B4000ECE7F0B5044662B922F00303234402F007
:105B500003021A44934214D1F0BD04F8011B013A28
:105B6000F1E7A307F9D115460B0443EA01630B43A0
:105B700043EA01231619032DE6D9771B3B60043D48
:105B8000F9E703F8011BE5E708B5EFF30583C3F375
:105B900008030BB1FDF7E8F9BDE80840FDF7B2BA1C
:105BA00010B50446EFF30583C3F308030BB1FDF70B
:105BB000DBF92046BDE81040FDF7A7BA2DE9F0411A
:105BC00004460D4616461F46EFF30583C3F308034C
:105BD0000BB1FDF7C9F93B46324629462046BDE8E0
:105BE000F041FCF743BE2DE9F04104460D46164650
:105BF0001F46EFF30583C3F308030BB1FDF7B4F9B8
:105C00003B46324629462046BDE8F041FCF768BED7
:105C100008B5EFF30583C3F308030BB1FDF7A4F94F
:105C2000BDE80840FDF741BA00207047704710B545
:105C3000044608B1FDF740FF2046BDE81040FDF7DF
:105C40002BBF10B50446406A10B1A16AFFF7EFFF01
:105C50000020C4E9090010BD38B50546FFF7F1FF83
:105C60002B7F0446012B0ED0023B012B0ED82B6A52
:105C7000012B18BF6FF096042C2200212846FFF755
:105C800060FF204638BD2B6A002BF2E76FF09604C8
:105C9000F2E70020704770470020704713B50020DE
:105CA00001AB1446FEF700F830B9019BA34218BFC0
:105CB0006FF0930002B010BD6FF09200FAE7002081
:105CC00070472DE9E04F2746A046A146A246A346CD
:105CD000A446A2B02DEC000A84F30088254626468F
:105CE000A447EFF3148515F0080F18BFB0EE400A73
:105CF0003DEC000A22B0BDE8E08F0000F8B500BF1F
:105D0000F8BC08BC9E467047F8B500BFF8BC08BC9C
:105D10009E4670477AFFFFFFFF8FFFFFFF8FFFFF59
:105D2000FE8FFFFFFE8FFFFFFD8FFFFFFC8FFFFF4A
:105D3000FC8FFFFF4661696C20746F206163717591
:105D4000697265206D757465780A00004661696C3A
:105D500020746F20696E63726561736520504D20F9
:105D6000636F756E7465720A000000004661696CAD
:105D700020746F20646563726561736520504D20E7
:105D8000636F756E7465720A000000004661696C8D
:105D900020746F2072656C65617365206D75746524
:105DA000780A0000436F756C64206E6F74206C6F0E
:105DB000636B20706F7765722073617665206D75F7
:105DC000746578006D757465785F667265652063CB
:105DD000616C6C65642077697468204E554C4C206A
:105DE000706172616D6574657200000043616E27B9
:105DF0007420696E697469616C697A65206D757467
:105E000065782C20776173204E554C4C0D0A0000AC
:105E10004661696C20746F20756E6C6F636B206DCA
:105E2000757465780A0000000A637478206973202D
:105E30004E554C4C0A00000067E6096A85AE67BB08
:105E400072F36E3C3AF54FA57F520E518C68059B5C
:105E5000ABD9831F19CDE05BD89E05C107D57C3631
:105E600017DD703039590EF7310BC0FF1115586826
:105E7000A78FF964A44FFABE0123456789ABCDEF24
:105E8000FEDCBA9876543210F0E1D2C33C11002007
:105E900054464D5F43525950544F0054464D5F5045
:105EA0004C4154464F524D5F53455256494345006D
:105EB00000000000000000000000000000000000E2
:107C00007FE97FE9FBF76EBD7FE97FE9FBF77CBD8C
:107C10007FE97FE9FBF7AEBD7FE97FE9FBF79CBD1C
:107C20007FE97FE9FBF782BD000000000000000053
:107C30000000000000000000000000000000000044
:107C40000090005000000000083400000400000014
:107C50000000000000000000000000000000000024
:107C600000000000FC1100209C11002044010000D5
:107C700090ED00E000A003507FA60350009000505C
:107C80006F9500502D5C0000295C0000435B0000F4
:107C9000D81000200811002000110020FC10002046
:107CA000F81000203D480000314800002548000041
:107CB0000000000049480000341100202C11002071
:107CC00024110020000000001C1100205549000074
:107CD000A1480000D54800001D490000542500209F
:107CE0003A00003A582500203A00003A5C2500206E
:107CF0003A00003A602500203A00003A00000000F7
:107D00000000000000000000000000000000000073
:107D10000000000000000000000000000000000063
:107D20000000000000000000000000000000000053
:107D30000000000000000000000000000000000043
:107D40000000000000000000000000000000000033
:0C7D500000000000000000000000000027
:10800000B0E60020E19F00000B0E0100CD9F0000B4
:10801000CD9F0000CD9F0000CD9F0000CD9F0000B0
:10802000000000000000000000000000A5A100000A
:10803000CD9F0000000000005DA10000CD9F00006A
:1080400031A3000031A3000031A3000031A30000E0
:1080500031A3000031A3000031A3000031A30000D0
:1080600031A3000031A3000031A3000031A30000C0
:1080700031A3000031A3000031A3000031A30000B0
:1080800031A3000031A3000031A3000031A30000A0
:1080900031A3000031A3000031A3000031A3000090
:1080A00031A3000031A3000031A3000031A3000080
:1080B00031A3000031A3000031A3000031A3000070
:1080C00031A3000031A3000031A3000031A3000060
:1080D00031A3000031A3000031A3000031A3000050
:1080E00031A3000031A3000031A3000031A3000040
:1080F00031A3000031A3000031A3000031A3000030
:1081000031A3000031A3000031A3000031A300001F
:1081100031A3000031A3000031A3000031A300000F
:1081200031A3000031A3000031A3000031A30000FF
:1081300031A3000031A3000031A3000031A30000EF
:1081400031A3000053B94AB9002908BF00281CBF59
:108150004FF0FF314FF0FF3000F00CB8ADF1080CDC
:108160006DE904CE00F008F8DDF804E0DDE9022353
:1081700004B07047704700BF2DE9F04786468C4633
:108180000846089E154674461946002B40F0C180EB
:108190008542B2FA82F245D94AB1C2F1200300FA0F
:1081A00002FC954094402EFA03F343EA0C0C4FEA8C
:1081B000154EA8B2230CBCFBFEF80EFB18CC08FB36
:1081C00000F943EA0C43994528D9EB1808F1FF3729
:1081D00004D2994502D9A8F102072B44A3EB090365
:1081E000A4B2B3FBFEFC0EFB1C330CFB00F044EA14
:1081F0000344A04214D92C190CF1FF3304D2A0423D
:1082000002D9ACF102032C44241A43EA07401EB100
:10821000D440002334607360BDE8F0874746DDE753
:108220006346F1E792BB431B01214FEA154EAFB203
:10823000200CB3FBFEFC0EFB1C330CFB07F840EAE2
:108240000343984561D9EB180CF1FF3004D29845EF
:1082500002D9ACF102002B44A3EB0803A4B2B3FB98
:10826000FEFC0EFB1C330CFB07F744EA0344A74259
:108270004DD92C190CF1FF3304D2A74202D9ACF12D
:1082800002032C44E41B43EA0040C0E7C2F1200390
:108290009540944020FA03F12EFA03F34FEA154E6D
:1082A0009040AFB20343B1FBFEFC0EFB1C10190C57
:1082B0000CFB07F841EA0041884522D969180CF106
:1082C000FF3004D2884502D9ACF102002944A1EB69
:1082D00008019BB2B1FBFEFC0EFB1C110CFB07F767
:1082E00043EA01439F420ED9EB180CF1FF3104D24F
:1082F0009F4202D9ACF102012B44DB1B41EA004151
:1083000093E76046E3E76146F7E76046A4E7634624
:10831000B8E7834206D916B9002108467CE7C6E9CA
:1083200000E0F9E7B3FA83F78FB9834201D37245CE
:1083300008D8BEEB020460EB030301209C461EB983
:10834000002169E73846FAE7C6E9004CF8E7C7F1CB
:10835000200CBB400EFA07F522FA0CF42EFA0CF1B1
:10836000BA401C4320FA0CF3B8404FEA14490143C9
:108370001FFA84FEB3FBF9F809FB18300B0C08FB5D
:108380000EFA43EA00439A4540D9E31808F1FF305A
:1083900004D29A4502D9A8F102002344A3EB0A03B0
:1083A00089B2B3FBF9F809FB183308FB0EFE41EA6A
:1083B00003418E452CD9611808F1FF3304D28E4554
:1083C00002D9A8F10203214443EA0040A1EB0E01C7
:1083D000A0FB02984145CE46434602D306D14D4507
:1083E00004D20138B9EB020E68EB0403002EA7D0CB
:1083F000B5EB0E0261EB030101FA0CFC22FA07F364
:10840000F9404CEA0303C6E9003199E74046C5E765
:108410004346D9E7034613F8012B002AFBD1181A6B
:10842000013870472DE9F04F83B000AF514809F093
:108430001CFB20B90121504A504808F021FC50484B
:1084400007F017FD031E04DA01214E4A4B4808F0DD
:1084500020FC484809F009FB20B901214A4A474855
:1084600008F00EFC494807F004FD031E04DA012160
:10847000474A424808F00DFC414807F014FD4348C4
:1084800007F011FD434D284609F0EFFA2B6804462A
:10849000002859D06C4688B06A463F49C2E90513A6
:1084A0004FF4007393833D4B42F8103F00234FF489
:1084B000E651324800F0F6FFA5460321384A2F481E
:1084C00008F0DEFB0024DFF8DCB0DFF8DCA04FF0C2
:1084D000000904EB4408344ED844302200215046B1
:1084E00009F0CFFDB8F80030338098F80230B3704F
:1084F000AB687B609B6803BB7B6810221B6851469E
:1085000024489847034620B10121284A1B4808F017
:10851000C0FB40F26760002109F1010906F04CFE42
:10852000B9F1100F06F10306D7D103230134B4FBD0
:10853000F3F303EB4303E41AC9E7164898470F28FF
:10854000DAD86FF02103DFE788B06A461849C2E93C
:1085500005134FF400739383104B42F8103F4FF410
:10856000E2510346054800F09DFF20460C37BD460A
:10857000BDE8F08F3C2101009A280100BC230100D6
:1085800040240100B1280100D52801003824010051
:10859000ED280100782101001229010003000001EB
:1085A0002C290100832901009CD4002069290100A5
:1085B000482901002DE9F04F91B0009302F0040327
:1085C0000293C2F3C2030133840705460E46DDF869
:1085D00068900392059340F0BB81041D30B10729D8
:1085E00009D86FF01B0011B0BDE8F08F01F007064D
:1085F000341DC6F10806009B4FF000084FF0040A36
:10860000591E4FF0FF3347460193C3465346CDF8FA
:1086100010800DB1009A22600598002800F3E880D0
:108620009848009A824203D397488242C0F0E08083
:10863000039AA4EB050E92074FEA9E0000F1038116
:108640000F2F00F2B180002D00F0058107F14002EC
:108650000DEB020C019A0CF8200C0CF8102C04986D
:1086600001300490E7E07A285DD84B280ED84728DF
:1086700059D829282DD8252852D054D820287AD046
:108680002338D0F1000B4BEB000B74E04C382E2854
:1086900049D8DFE800F0704848484848484848480A
:1086A00048484B484848484848484859484B4B591F
:1086B0005959704B6D487048184B184848827F4B89
:1086C00048484B487F0000204FF0000B4FF0040A51
:1086D00038E001222A38C0B202FA00F010EA0E0F88
:1086E00049D110F0625C2FD110EA020B43D06046F2
:1086F000013C5444B4FBFAF40AFB04F4002D61D0AD
:10870000A3EB050CA444B4453FF66BAF002868D139
:10871000042B47D159F8043B2360042304342AE096
:10872000019A013A01924FF0000B24E011F8010C7C
:108730006C2834D1002011F8023C83466C2BC5D143
:108740004FF0080A5346D3E709F1070929F0070952
:10875000073424F00704F9E802AB35B10698204449
:10876000B0423FF63EAFC4E900AB4FF0000B083417
:108770004FF0080A534611F8010F002878D0BBF1DA
:10878000000F7FF470AF2528F5D14FF0010B019B4E
:10879000013301934FF0040AECE7584694E70020B8
:1087A0008346A5E7082B02D06FF015001BE709F1FF
:1087B000070929F00709F9E80223C4E9002308237F
:1087C0000834D8E768B9042B02D109F10409A4E7F9
:1087D000082BE9D109F1070929F0070909F108096E
:1087E000EDE7059A013A059259F8042B009210E73B
:1087F000039A900720D54FF0010CA4EB050E4FEA29
:108800009E00BEF5007FCFD20F2FCDD8F5B107F176
:1088100040020DEB020E019AC0B20EF8200C0EF8C9
:10882000102CBCF1000F3FF41AAF60F07F000EF87F
:10883000200C08F101080137C5F108024FF6DA7E75
:108840000434069297E74FF0000CDAE7BCF1000F12
:1088500001D00136EFE7029802360028EBD10098EC
:10886000CDE90631FFF7D6FDDDE906310644E2E742
:10887000631BB3F5806F97D245B9A6F10804E018E1
:10888000B1E600BFB820010064360100029A9B08DF
:1088900028602B709DF81030C2B1EB7085F8028013
:1088A000B8F1000F05D0002208A8C5F1010C9742CD
:1088B0000ED14FF0000AC5F101030DF1200901931B
:1088C0000DF1300B574512D1601B8CE66B70E5E75C
:1088D00010F8013B190608D504EB0C0EB64503F061
:1088E0007F033FF67EAE04F8013B0132DFE7B8F1CB
:1088F000000F03D099F90020002A17DB029BD3B1A7
:108900001AF80B2004F8012B0022019B9818204430
:10891000B0423FF666AE99F80000009904F8010BEA
:108920002046039209F0A0FB039A14440AF1010ABD
:1089300009F10109C6E799F8002055F822300093A3
:10894000029B009845F82230FFF764FD421CDCE7EB
:108950006FF00D0047E600BF2DE9F04F97B000AF74
:10896000D7F880B03B62CBF3C0030446894690F849
:1089700002A0FA62BB6141B9457800780AEB800039
:1089800020444D4517D8A0EB0409E378FB61BAF108
:10899000000F02D01BF0010F16D1FB6953BBFB6A1D
:1089A0001BB1494620463A6A98474D4628465C37EF
:1089B000BD46BDE8F08F461C3046FFF72BFD013069
:1089C000304409F10109DCE7626823787A62FA6AC7
:1089D0009900796104EB8301002A40F001810E4681
:1089E0004FF000084D4601EB0A094E454CD101EB12
:1089F0000A0610E01BF0020FD1D023789A007A61AA
:108A0000626804EB83017A62FA6A002A77D14D46E4
:108A1000904601EB0A061BF0050F0CBF0223012351
:108A2000FB62FB6906EB430A0BF00203BB6256458F
:108A3000BCD016F8021B16F8013C54F82390AF4B3B
:108A4000994502D3AE4B994536D3BB69002B40D034
:108A5000786A07F013FD00283BD0E9468AB06A46E1
:108A6000A84B53617B6AC2E906314FF4007313844B
:108A7000A54B42F8103F00234FF41251A34800F0D9
:108A800011FD023DCD46D2E716F8013BF96254F8DC
:108A90002300FFF7BFFCD7F88430F96A01304BB1EF
:108AA000D7F8883098453EBFD7F8843023F81800AF
:108AB00008F10108054498E7BB6923B1786A07F01B
:108AC000DDFC0028C9D11BF0010F05D1FB6AED1AAE
:108AD000ADE7BB6A002BAAD04846FFF79BFCD7F84E
:108AE000843053B1D7F8883098453FBFD7F88420F9
:108AF000431C22F8183008F10108054497E7BAF141
:108B0000000F73D01BF0040673D0D046002607F187
:108B1000480052463B61B96209F0A6FAB96A3B695E
:108B200001EB0A02BA62FA69F9695200FA60BA6A9C
:108B300002EB41023A610BF00202BA603A69B96A8B
:108B40008A4258D162781BF0020F18BF00217A6266
:108B500008BF4FEA5801B2181BF0010FD2B240F023
:108B60009F801BF0040F14BF40460020BB61627061
:108B7000A070E17020463A6A7969FB6A9847051E41
:108B8000FFF614AFBB69414623707B6A3A6A637093
:108B9000FB6984F802A0E37007F14800FB6A98477C
:108BA000B0F10008C0F2B4807B69A9EB0A01C91AD0
:108BB000FB683A6AC91AD7E90A0398470028C0F245
:108BC000A9804FF0000BA84408EB000507F1380A14
:108BD000B34567D300213A6A0846FB6A9847E5E641
:108BE00056464FF0000807F1380092E75646D04647
:108BF00096E7B04694E7BA6A12F8021B12F8015CD5
:108C0000BA6254F825003D4A904202D33C4A904251
:108C10001ED3BA6932B1786A7B6007F02FFC7B689B
:108C200000288BD1BA6802BB08F1280207F1300C8A
:108C300008F10100944407F1580208F1020852FAC1
:108C400080F00CF8101C5FFA88F800F8105C75E7EB
:108C5000BA693AB1786A7B6007F010FC7B6800283B
:108C60007FF46CAF1BF0010F09D006F1280207F169
:108C70003000711C161806F8205CCEB25EE71BF0BF
:108C8000040F3FF45BAF08F1280207F1300008F150
:108C9000010102EB000808F8105C5FFA81F84DE76B
:108CA000002063E71BF80A3054F8239087F8373028
:108CB000D7F88430FBB133F81B8001213A6AFB6A94
:108CC00007F137009847002824DB0544B8F1000F6E
:108CD00006D14846FFF79EFB00F101081FFA88F80D
:108CE000414648463A6AFB6A9847002812DB054429
:108CF0000BF1010B6CE7D7F88480DEE7B8200100A8
:108D00006436010091290100040000019423010050
:108D100045464BE6054649E6014B1860704700BFE3
:108D200080C5002080B505460E461746984606F0D9
:108D30007FFA034609F0B6F90446DFF81890424678
:108D400049F8003039463046A84754F8090001F088
:108D5000AFF900BF080000002DE9F047058B04467D
:108D60002807904611D4022905F0070540F0CC8071
:108D7000204607F017FE78B10138218B042811D85E
:108D8000DFE800F0C2106D85950001290CBF45F0A9
:108D9000100545F02005258388F31188BFF36F8FF8
:108DA000BDE8F08701F0070AAA4500F0A58000277A
:108DB000B9463E46A368002B00F0BC8041F0080194
:108DC000218388F31188BFF36F8FA168002900F019
:108DD000BA800D68002900F0B6803346524620461E
:108DE000D1F80480C047002D76D02B6829461D4657
:108DF000F0E701F007035A1F012A1BD8002221F0D7
:108E00000701062B276889B2C4E9002209D13B4635
:108E100003E0628B013262831B68002BF9D141F0C1
:108E200002012046218307F0BDFD00287AD041F0E1
:108E3000200176E0042B0AD121F0070189B22046F7
:108E4000218307F0AFFD10B141F020012183218B78
:108E500001F0070AAA454FD00027B946AAE72369BF
:108E600021F0070141F00601062DD3F8009021837F
:108E70002DD1B9F1000F3FD041F00801218388F3D3
:108E80001188BFF36F8F20463949C84729E021F088
:108E90000701236941F0040189B2042DD3F804903D
:108EA0002183E6D000274FF0040A3E4682E721F0F6
:108EB0000701236941F0050189B2052DD3F8089017
:108EC0002183D6D000274FF0050A3E4672E70027DF
:108ED0004FF0060A3E466DE72B4687E7B9F1000FD3
:108EE000D1D1EFF31188202383F31288BFF36F8F62
:108EF000238B23F008032383258BEA062ED525F048
:108F00001003238305F007056669218B002EBFF649
:108F100070AF00232768C4E9003321F0070141F056
:108F200001012183218B4FF0000901F0070AAA45B6
:108F30007FF440AF002F9CD041F00801218388F3DB
:108F40001188BFF36F8F002FC8D03D683946334674
:108F50005246204607F052FD2F46F4E7AB067FF558
:108F60001BAF25F02003238305F0070500E700BFB2
:108F7000290A01002DE9F047044607464FF0010990
:108F8000DFF8508014B93846BDE8F08794FAA4F5AC
:108F9000B5FA85F509FA05F32E0108EB05156FEA18
:108FA000030A24EA03042B7B002BEBD058F806308D
:108FB0001B694BB94644736804222846196807EABE
:108FC0000A0700F05BFADDE7284698470028D9D168
:108FD000F0E700BF0424010030B5002289B00F493A
:108FE0000F4808F074FF002200230024CDE9062377
:108FF0000E230C4DCDE903344FF440722846CDE9E1
:109000000144094B0949009405F024FE084928460B
:1090100008F0EFFD204609B030BD00BF35900000DC
:1090200010CC002088C700202193000070D60020BB
:10903000452A0100014805F069BD00BF74C7002042
:109040002DE9F04780461F480F4607F097FD06467A
:10905000002830D000252846BDE8F087237B6BB17F
:109060002368DB680BB12046984723681B69D3B996
:10907000636804222046196800F000FA01361034B3
:109080004C45EBD3B8F1000FE5D0002DE2D02846D7
:10909000FFF770FF0546002FF7D000214FF4A470B2
:1090A00006F08AF8F1E7204698470028E0D00AFA4F
:1090B00006F31D43E2E705464FF0010A024CDFF8D4
:1090C0000C90DDE718CE00200424010014240100D8
:1090D000014B53F8200070475C24010008B503469B
:1090E00008462BB1044A136000F072FC002008BD52
:1090F0006FF01500FBE700BF84C5002010B5044CDD
:10910000237813B9034805F001FD0123237010BD36
:10911000CCD4002074C7002010B50446094807F0DD
:109120002DFD3CB1084BD3E8EF1F0139C3E8E21F26
:10913000002AF8D1054808F0D6FEBDE810400448E2
:1091400005F0E4BC10CE002014CE002010CC00208E
:1091500074C7002000200146034BD3E8EF0FC3E89B
:10916000E21F002AF9D1704710CE002070B5FFF73A
:10917000F1FF0546074C084EB44200D370BD63684A
:109180005B792BB123685B6813B129462046984769
:109190001034F1E7042401001424010010B5044C3C
:1091A0000449204607F09AFA034B1C6010BD00BF2B
:1091B00010C700204824010008CE002008B5002375
:1091C000074A4FF400411370064A07481360074AE4
:1091D0001360FFF783FFBDE80840FFF7DFBF00BF64
:1091E000CDD4002010CE0020790B010014CE002039
:1091F000014600220023014807F091BA10C7002061
:10920000014807F027BB00BF10C70020024B0146F2
:10921000186807F073BB00BF08CE0020014807F0B4
:10922000A8BB00BF10C7002070B5264B18780028D7
:1092300047D0FFF7E5FF054670B1234BD3E8EF1F9A
:109240000139C3E8E21F002AF8D1204C204EB44275
:109250002DD32846FFF7DAFF1E4B1F4C1B68002B4F
:1092600019DD08F0EDFD4FF47A72A0FB020302FB5A
:109270000131C30B43EA4143D4E900209B1A40F279
:10928000E9324FEAD13161EB0001934271F1000103
:1092900001D3FFF76BFFD4E9003213F57A7342F183
:1092A0000002C4E90032BDE87040FFF7B7BF636851
:1092B0005B7923B12368294620461B689847103400
:1092C000C5E770BDCCD4002014CE002004240100DA
:1092D0001424010010CE002008CC002070B50D4DE4
:1092E000297861B90120FFF7ABFE0B4C0B4EB4425D
:1092F00006D3FFF799FF0028FBD101232B7070BD27
:1093000063685B791BB1236820469B6898471034DB
:10931000EDE700BFCDD40020042401001424010097
:1093200000212DE9F0470846FFF78AFE044658B3AE
:1093300040F267684FF0000908F0B4FE1B4B1C4A6E
:109340001B58136033B11B4B1B68092B02DD1A48F5
:1093500005F0DCFB0025194FDFF85CA044B1204686
:10936000FFF708FE044618B94FF0FF384FF0FF39F9
:10937000FFF75AFF064628B9B5B942464B46504654
:1093800005F0E8FB3546E9E74FF0FF384FF0FF39CD
:10939000D2E72B689B691BB10022284611469847EB
:1093A0001035BD42F5D3E8E7054DFAE708000000A7
:1093B0000CCE002014CE002074C70020142401001D
:1093C0000424010013B5184807F0D8FB174B1B788D
:1093D00073B1EFF31184202383F31288BFF36F8FEF
:1093E000FFF722FF84F31188BFF36F8F02B010BD27
:1093F0000F4B1B68002BF9D050B9002200230D48F9
:10940000CDE900234FF40042002306F067F9EDE7B1
:109410000928EBD1074808F066FD074802B0BDE80F
:10942000104005F073BB00BF14CE0020CDD4002047
:109430000CCE002010CC002074C7002010B5064BC5
:1094400004461B6898472146A060044807F0E3F9EA
:10945000BDE81040FFF7B6BF84C5002010C700204C
:10946000044A054B9B1AB1EBD30F34BF52F83100BD
:10947000002070479423010004240100084B10B41D
:10948000C31A44681B110133237143689A71012286
:109490004368196043685A7110BCFFF72FBE00BFC4
:1094A000042401002DE9F04F8FB0C1F34A2804AF26
:1094B0000D469146B8607B600C0DB8F1000F63D08B
:1094C00000264FF0040B4FF00A0A07F11403C7F807
:1094D0000C80C7E907667E620193CDF808B0CDF82D
:1094E00000A007F11C0332464846F968FFF734FA3A
:1094F000B0F5006F03461CD36C468AB0D9F804104F
:1095000004AB26481A46C3E9050140F2FF71D96150
:109510004FF400711984224B42F8103F4FF412515E
:1095200033462048FFF7BEFFA5462C37BD46BDE8B1
:10953000F08FC0F30A0804F11700184420F0070068
:1095400080083B60FFF754FE68F35325044690B152
:109550003B6800F11001C7E9083607F11403F9610F
:10956000CDE900A3CDF808B048460F4AF96807F1E5
:109570001C03FFF7F1F968F353252A4620467B6860
:10958000B96807F02DFBD0E704F1170020F00700C1
:109590008008FFF72DFE0446EDE700BF5A2A0100C0
:1095A00004000001A4230100B50B01002DE9F04FD8
:1095B00087B00446DDE9105ADDE9127993469846F2
:1095C0000391BFB13B46524610210020CDF80090D8
:1095D000CDF81490FEF7EEFFB0F5006F06460AD303
:1095E00040F2FF730221174A174807B0BDE8F04F59
:1095F00007F04FBB3E4605F11700304420F007004E
:109600008008FFF7F5FD04F007040BF0070BE400FA
:1096100044EA8B1444EA462444EA0554054640B122
:109620003FB13B4652463146CDF800901030FEF730
:10963000C1FF434622462846039907B0BDE8F04FD4
:1096400007F0CEBA992A0100A4230100406820B196
:10965000034BC01A40F3CF0070474FF0FF30704704
:10966000942301000EB403B503AB53F8042B014659
:109670000448019301F090F802B05DF804EB03B0E8
:10968000704700BFDD0C0100CA0605D48B064CBF35
:1096900002490349FFF7E6BF704700BF4F3501009D
:1096A0004E3501002DE9F04F89B09B46149B9DF883
:1096B0004CA00693159B04460593169B0D469046B9
:1096C000179E0493BAF1000F00F09D8006F480739A
:1096D000079307F06DFA06F00209024600283ED013
:1096E00020469149FFF7BEFF0746B9F1000F08D0A9
:1096F00016F0440F35D12A4620468C49FFF7B2FFB9
:10970000074406F0010353B1894B204653F82A2041
:10971000884B8949002A08BF1A46FFF7A3FF06F4C1
:109720008073002B49D006F00803002B63D1B8F1F9
:10973000000F66D0424620468049FFF793FF05465A
:10974000069B3D44002B6DD1049B002B73D1F30786
:1097500000F1E48031462046FFF796FFD8E0074647
:10976000C3E7774B18680028CAD0764B4FF47A7954
:109770001B684FF46161B5FBF3F5B5FBF0F300FB3B
:10978000135509FB05F5B3FBF1F2B5FBF0FE4FF005
:109790003C0C01FB123100FB1E55B1FBFCF309FB35
:1097A00005F5B5FBF0F50CFB131120460091CDE952
:1097B00001E56549FFF756FFA2E706F00803EBB1A4
:1097C000624B204653F82A206149FFF74BFF0546BC
:1097D000B8F1000F05D0424620465849FFF742FF36
:1097E0000544BBF1000FABD05A4620465949FFF75C
:1097F00039FF0544A4E74FF0000BE1E706F0080548
:10980000E6E745469CE7BBF1010F069B06D1002B1E
:1098100064D1049B002B7BD000250CE0002BF8D0FA
:109820004D485CE04D48069B22464D4906F0F5FD4B
:10983000049B002B68D0DFF82C81DFF82C91049F6B
:109840003146102F204628BF10274FF0000BFFF79E
:109850001BFF5D4545DC059B494620461A78FFF70E
:1098600001FF4FF0010B1BF0070F03D141462046CB
:10987000FFF7F8FE5F453BD9059B4946204613F8A4
:109880000B20FFF7EFFE0BF1010BBBF1100FEAD13C
:109890004FF0000B20463549FFF7E4FE5A46059B82
:1098A00020469A5CA2F120015F2928BF2E22304970
:1098B000FFF7D8FE0BF1010BBBF1100F1DD01BF011
:1098C000070F03D141462046FFF7CCFE5F455A46BD
:1098D000E5D841462046FFF7C5FEEBE71F48554651
:1098E000A1E741462046FFF7BDFE0BF1010BB0E7B3
:1098F00020462049FFF7B6FEC5E7059B3B4405938C
:10990000049BDB1B04939AD1BAF1000F7FF41FAFC5
:10991000204609B0BDE8F04F07F0D3B92046054A0C
:109920000549FFF79FFE15E7D62A0100DA2A010054
:109930006C240100D12A010029290100FF2A01001D
:1099400020CE00201CCE0020E32A0100802401004C
:10995000032B0100092B01000B0D0100DD0C0100A0
:1099600099A70000162B01000E2B0100182B0100F7
:109970001A2B0100142B010042F20F7373B58B42B6
:1099800028BF0B4605680446052168460D4A05F0C8
:10999000E5FE0646636828460B225B680A4907F025
:1099A00082F963683246694628465B6807F07BF9AE
:1099B00063681B2228465B68044907F074F902B00B
:1099C00070BD00BF8D2C0100392B01001D2B010043
:1099D00000210123064A904206D8064A01B9012314
:1099E0001360054B18607047012140085B00F2E7E7
:1099F00040420F001CCE002020CE0020F8B50D46BE
:109A00000446064F4618B44201D12846F8BD14F862
:109A1000011BBB6801485B689847F4E750210100CF
:109A2000014B036000207047C824010008B50448BA
:109A300006F04BFDBDE80840024806F046BD00BFF9
:109A40007F2B0100B42B01002DE9F04706460C46A0
:109A500000AF002936D0D1E90012E9468AB06D4640
:109A6000A3684FF0050AA8461F48C5E90723C5E9C2
:109A7000050148F810AF002342464FF421511B481E
:109A8000FFF710FDD4E90312CD466369AD461848CF
:109A9000C5E90723C5E90501C5F810A00023424622
:109AA0004FF421511148FFF7FDFCCD46E369012138
:109AB000104A0E4807F0EDF8A36901210E4A0B4841
:109AC00007F0E7F8012E07D1EFF305830B4A314683
:109AD0000648103B07F0DDF82146304604F0B2FDA1
:109AE000BD46BDE8F08700BFE22B0100DC2301008A
:109AF000112C0100402C01004F2C01007D2C010095
:109B000030BFFFF7FDBF00BF2DE9F04105460B4E0A
:109B1000DFF82C80324606EB0807CC1B20460949AB
:109B200008F0A2FAA01942460021083C08F0A9FA60
:109B30002C6707F10800BDE8F08100BF00000000BD
:109B40000800000014240100074A936893F90E10DE
:109B5000002907DB526993421FBF044A536843F050
:109B600080535360704700BF68D4002000ED00E0D0
:109B700070B52A4C06460D4629482A4907F04CF98B
:109B8000A36ADB0647D52648274907F045F9112087
:109B9000A36A1C0704D52248244907F03DF9122086
:109BA0001E4CA36A990712D521491D4807F034F9C4
:109BB000636BA26A120609D501211E4A184807F0F4
:109BC00068F81EB1A36A23F08003A3621320134C2C
:109BD000A36ADE0704D51248174907F01DF91420BF
:109BE000A36A9C0604D50E48144907F015F9152000
:109BF0000A4B9A6AD10658BF9A6A9A6A920642BF7D
:109C00005A6A22F400525A629A6A42F0FF029A6239
:109C100000232B7070BD1020BAE700BF00ED00E0FC
:109C2000DC230100902C0100A62C0100D92C01009E
:109C3000EC2C0100042D01001A2D0100392D01002A
:109C400010B5244C2449254807F0E6F8A36A990189
:109C50003ED52248224907F0DFF81E20A36ADA0128
:109C600004D51E481F4907F0D7F81F20194CA36AD6
:109C7000DB0204D519481C4907F0CEF80220A36A7C
:109C80001C0304D51548194907F0C6F82120114CCA
:109C9000A36A590304D51148154907F0BDF82220DD
:109CA000A36A9A0304D50D48124907F0B5F823209A
:109CB000084CA36ADB0304D508480F4907F0ACF849
:109CC0002420A36A6FEA03436FEA1343A36210BD23
:109CD0001D20C3E700ED00E0682D0100DC2301003A
:109CE000802D0100932D0100AD2D0100D72D010025
:109CF000F52D01001A2E0100342E010070B5294CFB
:109D000006460D462848294907F086F8A36AD90473
:109D10003CD52548264907F07FF81720A36A1A0585
:109D200004D52148234907F077F818201D4CA36A71
:109D30009B0512D51C48204907F06EF8A36BA26A58
:109D4000100409D501211D4A174806F0A2FF1EB1D3
:109D5000A36A23F40043A3621920124CA36A590595
:109D600004D51148164907F057F81A20A36ADA05F6
:109D70000ED50D48134907F04FF81B20094A936A86
:109D800043F47F43936200232B7070BD1620C5E718
:109D9000A36A9B04F2D504480B4907F03DF81C2048
:109DA000ECE700BF00ED00E0DC2301005F2E0100C6
:109DB000752E0100D92C0100862E01009F2E010076
:109DC000B42E0100CF2E0100392D01002DE9F047FE
:109DD0008AB0694B0446D3F804A08946164600258C
:109DE00000AFCAF3080885F31188BFF36F8F02F044
:109DF0007F43B3F17F4F1ED1D3071CD4500603D449
:109E0000110708D4012508E05C495D4807F004F813
:109E100016F0040600D04C4600250023FB71A8F183
:109E20000303092B00F28680DFE803F0077C7F79CB
:109E30008484848484822C46EFE75249504806F09B
:109E4000EBFF00234C4EFB71F36A9A0705D54E4990
:109E50004B4806F0E1FF002329E0F36A002B01DA0A
:109E60004A49F5E7F36A5B00F5D54949444806F0ED
:109E7000D3FF7369A26943F480737361BFF34F8F9B
:109E8000BFF36F8F736932F8022C23F48073736110
:109E9000BFF34F8FBFF36F8F4DF602739A4228D1F5
:109EA000236801213B4A364806F0F3FE2368FA791D
:109EB000DAB907F1080604F1200C3246206861681F
:109EC000083403C264451646F7D17A6A002D4ED095
:109ED000C2F3080121B96FEA52226FEA42227A6284
:109EE000184607F10801FFF7AFFD2837BD46BDE86A
:109EF000F087B36ADBB22BB10120F91DFFF738FE02
:109F00000346D4E7B36A13F47F4F04D00120F91D50
:109F1000FFF7F4FEF4E7B36AB3F5803F9BD3FFF796
:109F20008FFEEDE70020F91DE8E70020F91DEFE7BF
:109F300019498DE7194A6E461AF4F87F8AB0184B12
:109F400018BF13466A461749C2E90513A8F1100362
:109F5000D3614FF400731384134B42F8103F002376
:109F60004FF411510648FFF79DFAB54673E722F406
:109F7000FF7222F00102B2E700ED00E0152F0100B0
:109F8000DC230100382F01004F2F0100702F01004A
:109F90007E2F01009D2F0100B92F0100FC2E010032
:109FA000E72E0100DD2F010004000001064B5A6975
:109FB00042F010025A615A6942F480625A615A6949
:109FC00022F008025A61704700ED00E0EFF30880CC
:109FD000EFF3098101B57246FFF7F8FE01BD00BF3E
:109FE000002080F31488BFF36F8F002080F30A886D
:109FF00080F30B8807F0FEF900200E490860BFF3DC
:10A000004F8F0D4880F3088800F02CF8202080F353
:10A0100011880A484FF40061401880F30988EFF373
:10A0200014800221084380F31488BFF36F8F00F07F
:10A030000FF9000094ED00E0B0E6002070D9002098
:10A04000002318460649D1F89020C2F30722934214
:10A0500000DB7047C1F89830C1F8A0000133F6E783
:10A0600000ED00E010B572B6002484F31388FFF70A
:10A07000E7FF23464FF0FF300C4A03F12001013384
:10A08000102B42F82100F8D100234FF0FF30074A8F
:10A0900003F160010133102B42F82100F8D162B6C0
:10A0A000BFF34F8FBFF36F8F10BD00BF00E100E023
:10A0B000084B9B6883420BD1EFF3058343B1064BFA
:10A0C0005A6842F080525A605A6A22F400425A6238
:10A0D00007F07BBE68D4002000ED00E06FF00A01BD
:10A0E000084A93689967084958674B6843F080535A
:10A0F0004B60002383F31188BFF36F8F9368986FD1
:10A10000704700BF68D4002000ED00E0104A93685B
:10A1100083F87D00EFF31183202383F31288BFF3CC
:10A120006F8F4FF00061536920F0FF009360094A80
:10A130005160196F084A1160002193F87D20104387
:10A140005A6F596782F31188BFF36F8F704700BF52
:10A1500068D4002000ED00E048CE002010498A6855
:10A1600082F87DE04FF030001044EFF3098C80E876
:10A17000F01F74467046FFF7C9FFA64608498A6873
:10A18000864602F1300090E8F01F8CF3098802F156
:10A19000000004B506F04AFEBDE804407047000028
:10A1A00068D400201EF0040F0CBFEFF30880EFF31B
:10A1B0000980816911F8021C0229FFD001B506F05F
:10A1C00020FE01BD40B2002807DB01234109034AFC
:10A1D00000F01F00834042F82130704700E100E0AA
:10A1E00040B200280CDB01220649430900F01F00A1
:10A1F0008240203341F82320BFF34F8FBFF36F8F8E
:10A20000704700BF00E100E0054B420953F82220EF
:10A21000012300F01F0003FA00F01040704700BF58
:10A2200000E100E040B2002801F10101ACBF00F103
:10A230006040064B4FEA4111C9B2ABBF00F5614027
:10A2400000F00F0080F800131954704714ED00E07F
:10A250000B4A08B50B4B22F07F029A60BFF34F8F79
:10A26000BFF36F8FD3F8882022F47002C3F88820E0
:10A2700004F0D4FA05F068F800F04EF804F00EFB94
:10A280000080000000ED00E042F8203C009B0C49FB
:10A2900042F81C3C019B21F0010142F8183C029B52
:10A2A00042F8081C42F8143C4FF0807342F8043C1A
:10A2B000002343674FF43C43203A0265C36770476D
:10A2C000258D000000B50D4B15469860026F0C4BB4
:10A2D0000E461A60036E83F30B882C4686F30988BA
:10A2E0004FF00000074B984720464FF000014FF019
:10A2F00000024FF00003044C204700BF68D4002048
:10A3000048CE0020350E0100258D00001022014BA3
:10A310001A61704700ED00E0002320210348C218B5
:10A320000133412B82F80013F9D1704700E100E0BE
:10A3300008B5EFF30583064A103B02EBC30152F860
:10A34000330049688847BDE80840FFF7FDBB00BF00
:10A350008C2101001FB5094C094A234601210948F7
:10A3600000F012F900230393074B0121E41A01A81E
:10A370000193029400F012F904B010BD0000042013
:10A3800080C50020C824010088C7002010B50C7AC1
:10A390000B6804F01F0223F01F031A43CB68640903
:10A3A00023F01F03054943EA440343F00103C1F8C6
:10A3B0009800C1F89C20C1F8A03010BD00ED00E06D
:10A3C00010B50A4BD3F89030C3F30723013B9842F2
:10A3D00008D901210346064A064806F05AFC6FF0E8
:10A3E000150010BDFFF7D2FFFBE700BF00ED00E056
:10A3F000F42F0100CC2301002DE9F04F89461446CB
:10A4000006464FF00008514D85B0C84527DAD6F80A
:10A4100004A0BAF1000F44D0BAF11F0F17D91AF0F7
:10A420001F0F14D1D6F800B01BF01F0F0FD15846E4
:10A4300006F023FD07460AEB0B00013806F01DFD70
:10A44000874210D06FF01507414A3B4601E0434672
:10A45000404A0121404806F01CFC6FF015042046DC
:10A4600005B0BDE8F08F17F1160FEDD0BC42EBDD63
:10A47000C5F89870D5F89C10C5F89870D5F8A0303C
:10A4800021F01F0143F01F0BD6E900321A44994214
:10A4900002F1FF3A1DD1D34507D13146F8B206F09B
:10A4A000F5FC08F101080C36AFE73146C5F89870A5
:10A4B000D5F89C3022F01F0203F01F031343C5F8A8
:10A4C0009C30E0B206F0E2FC10F1160FC5D0441C3F
:10A4D000E7E7C5F89870D5F8A020013B23F01F03EB
:10A4E00002F01F021343D3453146E0B2C5F8A03055
:10A4F000E8D006F0CBFC10F1160FAED0C5F898707E
:10A50000D5F89C209DF808300BF1FF3B62F3040363
:10A510008DF80830D5F8A0309DF808205B0863F36B
:10A5200047128DF80820D6E900321344009323F037
:10A530001F035B44A3EB0A03013023F01F036946AA
:10A54000C0B20393FFF73CFFBEE700BF00ED00E0A1
:10A550003D3001001A300100CC2301000522044BDC
:10A56000C3F89420BFF34F8FBFF36F8F704700BFC6
:10A5700000ED00E0BFF35F8F0022024BC3F8942090
:10A58000704700BF00ED00E010B5034C2278FFF7E4
:10A5900033FF207010BD00BFCFD400202DE9F74F4E
:10A5A000294D8A4606464FF00008AB46274FD04556
:10A5B0001BDAD6F80490B9F1000F3FD03168084695
:10A5C000019106F05AFC0199044609EB010001389B
:10A5D00006F053FC84424FF014021D4B08D002FBDE
:10A5E00008F36FF015024BF8032003B0BDE8F08FBD
:10A5F00014F1160F2C60F8D01978A142F5DD02FB9A
:10A6000008B0C7F89840C7F89840D7F89C4000F1C8
:10A610000801007B64F304000871D7F8A0000C79EE
:10A62000400860F347140C71D7F89C1021F01F010B
:10A630006960D7F8A01021F01F01296108F1010815
:10A6400014350C36B3E700BF4CCE002000ED00E01F
:10A65000CFD40020F0B54149414CD1F89030256865
:10A66000C3F307239D4287B075D80020FFF782FF10
:10A670003C4BC1F8C030854216D13B4C01A8257037
:10A68000FFF7CEF900250646384FAE4213D1002021
:10A6900023783249D1F89020C2F30722934254DB49
:10A6A000FFF75CFF00202FE0616801EB0011FFF76E
:10A6B0006DFE0130DFE70199280101EB0513DA682F
:10A6C0003A40B2F5001F21D0B2F5800F2BD0B2F581
:10A6D000801F38D15A689B680958013B22F01F003F
:10A6E00003440120844623F01F0340EA4C10CDE9C7
:10A6F00002218DF8100002A920780593FFF760FE73
:10A7000000281DDA6FF0150007B0F0BD5A689B688D
:10A710000958013B22F01F0003444FF0020C0120B6
:10A7200023F01F03E1E75A689B680958013B22F0B8
:10A730001F0003444FF0000C062023F01F03D4E752
:10A7400023780133237001359FE7C1F89830C1F8B1
:10A75000A00001339EE74FF0FF30D5E700ED00E0A9
:10A76000D4240100AAFF4400CFD400200000F0FF51
:10A7700008B5024B1B689847002008BD60CE00203A
:10A78000034B044A1860937843F0020393707047B8
:10A7900060CE002090C50020F0B587B007460E4679
:10A7A00014460021102268461D4607F06AFC022369
:10A7B0008DF80230054B2A4621466846CDE90476DD
:10A7C000019305F0D3F807B0F0BD00BFBF0E010044
:10A7D00008B50649064821F00701C1F1005202F50B
:10A7E000802205F0C2FD002008BD00BFB7E80020B0
:10A7F00064CE00200122024B0020C3F840257047A0
:10A800000090034020B1034B800143F0010318473F
:10A81000704700BF30240100084B70B5C31A0D46C5
:10A8200007499B10044659434022064806F05BFB4B
:10A830002B4601462046BDE87040184784CE0020D4
:10A84000B76DDBB628210100402373B50B4C009394
:10A85000041B0B460D460A49A41061430646094AEB
:10A86000094806F06BFB011E05DA30462B4602B0A4
:10A87000BDE87040184702B070BD00BF84CE002014
:10A88000B76DDBB6A50F01002821010010B5EFF36D
:10A890001184202383F31288BFF36F8F074A136854
:10A8A00023F00201DB07116002D4012006F0AFFDA6
:10A8B00084F31188BFF36F8F10BD00BFD4CE00208A
:10A8C00070B50022012104460520FFF7ABFC0F48BC
:10A8D00001F088FE0E4B984215D101F093FE2669D7
:10A8E0000C49304606F0ADF800280BDB0125356435
:10A8F0002469084904F11C0006F0A3F8002801DBD4
:10A900000020E56470BD6FF00400FBE715AA0000AD
:10A910000000AD0BFC2401001FB500220123CDE98E
:10A9200002236B46084ACDF800D0CDF804D006F0DB
:10A9300032FB002805DB4FF480420023684604F018
:10A9400009F905B05DF804FBC30F01000C22104BA0
:10A95000014602FB0033002030B4D3E90E52986365
:10A96000EFF31180202484F31288BFF36F8F1C6CE7
:10A9700004F0C00444F002041C6480F31188BFF3A7
:10A980006F8F1DB12B4630BC0248184730BC704752
:10A9900084CE00202821010010B4EFF3118220237F
:10A9A00083F31288BFF36F8F1748016841F00204E8
:10A9B0000460C80707D482F31188BFF36F8F0120AA
:10A9C00010BC01F033BE1149D1F80C04D1F80C14BD
:10A9D000C907F0D5EFF3118083F31288BFF36F8FAF
:10A9E0000B490B6C03F0C00343F002030B6480F3CC
:10A9F0001188BFF36F8F82F31188BFF36F8F002030
:10AA000010BCFFF7A3BF00BFD4CE00200050004011
:10AA100084CE002010B1012804D07047034B1B6C7A
:10AA20005B0701D1FFF792BF704700BF84CE0020C3
:10AA30002DE9F041012207463449D1E8EF3FC1E852
:10AA4000E02F0028F9D133B9314932484B60CB604F
:10AA50008A6006F009F87B1E012B28D8012F06D149
:10AA60002D4BD3F81C3403F00303022B1FD007F047
:10AA7000BAF80546E8B9294B1B78D3B1022206463D
:10AA8000254BC3F80823244CDFF89480D4F818240D
:10AA9000D4F81834D20315D503F00303022B01D0E8
:10AAA000012F0FD16DB386F31188BFF36F8FBDE80F
:10AAB000F081EFF31186202383F31288BFF36F8FA9
:10AAC0000125E0E7C5B1304606F0C8F9D4F81835DD
:10AAD000DBB2012BDAD1D4F80421002AD6D000222F
:10AAE000C4F80421D4F804210222C4F81825202235
:10AAF000C8F88021A360C9E70021212004F05CFB95
:10AB0000E4E70222044BC3F80423D0E780CE002000
:10AB100070CE0020A0CE0020005000406ED6002055
:10AB200000E100E008B5074806F09FFF38B106488D
:10AB3000FFF726FE0448FEF7EFF8002008BD6FF08F
:10AB40001200FBE7502101004DAB00000A2838B588
:10AB50000446074D04D1AB680D2128465B68984731
:10AB6000AB6803485B68E1B29847204638BD00BF38
:10AB70005021010038B545682B69B3B1103528461E
:10AB800002F088F9044680B90146284602F046F9E9
:10AB9000084B98420BD122462846074902F014F987
:10ABA000224605213120FFF73DFB002038BD6FF024
:10ABB0000400FBE70000AD0BBDAB0000430970B51E
:10ABC00007D10B4B596821B101250C68094E85400E
:10ABD00001B970BD8A682A4002D030464B68984758
:10ABE0001CB1236821461C46F2E72346FAE700BF62
:10ABF000D8CE00203C2101002DE9F04340F206357B
:10AC00004668D00648BF0320337B02EA050558BFDB
:10AC1000C2F3401087B001F01F07B5F5837F1446DB
:10AC200047EA43178DF8030042D00FD8062D18D0FD
:10AC300007D8B5B1022D3DD06FF0150007B0BDE8C3
:10AC4000F083B5F5807FF7D101250AE040F20222BA
:10AC5000954231D0B5F5407F30D0B5F5007FEBD1CE
:10AC600002250123220303FA01F129D573689960B3
:10AC7000326952BB07F01F037F0973D13B4A84F44A
:10AC8000803102EB8302D2F80032C1F30041C4F3F9
:10AC9000404423F4E16344EA410423F007031C43E6
:10ACA00044EA800444EA0524C2F800420020C5E7D3
:10ACB0000725D6E70425D4E70525D2E70325D0E705
:10ACC000630344BF7368D960D2E710363946304613
:10ACD0000DF1020202F086F814F4403F80460CD1D8
:10ACE0003946304606F045FC214B9845DED13046CA
:10ACF0009DF8021002F0DCF8D8E74FF0000901AB34
:10AD00003946304603AACDE90439CDE90199CDF899
:10AD10000C9001F0C5FE164B98428DD114F400330F
:10AD200015D09DF8033084F48034C4F300448DF8CA
:10AD30000E3039464B46304603AA8DF80C508DF83C
:10AD40000D4001F0A9FF0A4B9842CDD074E7CDE940
:10AD5000043339460DF10303304603AA039301F08F
:10AD60009FFEF0E7803352F82330FFDE0025844059
:10AD70000000AD0BF0B5406801F01F04057B87B003
:10AD800044EA45140569002D5FD0B2F5001F00F1BB
:10AD9000100506D12146284606F0EDFB002007B03D
:10ADA000F0BD0027B2F5800F01AE0197776037D173
:10ADB000B3F1007F14BF052304238DF80430002372
:10ADC000CDE904630393836823FA01F111F00101D3
:10ADD00018D1B2F1A07F15D104F01F03620903F16D
:10ADE000800338D11D4A52F82330DB070AD40DF115
:10ADF000030632462146284601F0F4FF184B9842DC
:10AE000019D002962146284603AA01F049FE154BA7
:10AE100098421DD101222146284602F061F8BDE783
:10AE2000B3F1C06F05D0B3F1007F14BF012302233B
:10AE3000C3E70323C1E73146284602F045F8094B32
:10AE40009842DED06FF00B00A9E76FF08500A6E70F
:10AE50006FF01500A3E751F82330FFDE0025844092
:10AE60000400AD0B0000AD0BB0B54468054600AF63
:10AE7000206806F0FAFD60B1E06830B90023A17FD8
:10AE8000DAB291421ED800201AE006F0EEFD00284A
:10AE9000F4D123686C4688B01B686A461749C2E93A
:10AEA00005134FF400739383154B42F8103F154878
:10AEB00000234FF4E251FEF7F5FA6FF01200A546B9
:10AEC000BD46B0BD226AD25C0133032AD8D96C4694
:10AED00088B06A462B680C49C2E905134FF4007329
:10AEE0009383074B42F8103F064800234FF4E2518A
:10AEF000FEF7D8FA6FF01500A546E1E7A43001008F
:10AF000003000001FC230100BC3001002DE9F047E3
:10AF100040F2FF16594FDFF868C1DFF868E100EB37
:10AF20008101814202D10020BDE8F087046814F459
:10AF3000804FC4F3C325C4F3080340F08C80240E73
:10AF4000B34208BF4FF0FF337D5D192C00F28680BD
:10AF5000DFE804F00D13191C1F251C84848484363B
:10AF60006084848484848484848463787B7EC2F84F
:10AF70000C355C1C5BD10430D3E7C2F814355C1C83
:10AF8000F9D000245CE0C2F80835F2E7C2F81035C9
:10AF9000F5E75C1CC2F80835EDD0002404E05C1C29
:10AFA000C2F80C35E7D001245FEA531859D14FF0AD
:10AFB0000109DFF8CC8009FA03FAC8F80CA008E010
:10AFC000C2F80835002DDAD15C1CD4D00024062547
:10AFD000A146D0F800A00AF40048B8F1000F1CBF49
:10AFE0004FF00009012403F01F085B093FD10CEB6F
:10AFF0008808D8F80032CAF3412A03EA0E0343EA6C
:10B000008A0343EA052343EA090343EA4403C8F8F1
:10B010000032B0E7C2F80C35D4E7C2F86035B3F1BE
:10B02000FF3F0468A7D0C4F30044002CBBD05C09E8
:10B030001AD10124DFF8488004FA03F9C8F808900F
:10B04000A146C6E7C2F86435E9E7C2F86835E6E725
:10B05000C2F86C35E3E76FF0150065E76FF0850027
:10B0600062E70023DB60FFDE00239B60FBE7002339
:10B0700008F1800853F82830F5E700BF1C310100C3
:10B0800000258440F0F8FCFF2DE9F04104460D4610
:10B09000476806F0A8FD4FF0200888B9264B1B78BA
:10B0A00073B16426606806F05AF8F0B9012006F022
:10B0B000A3F9013EF6D10021212004F07DF8F0E74C
:10B0C000EFF31186314688F31288BFF36F8F606803
:10B0D00006F045F8A8B986F31188BFF36F8FEFE744
:10B0E00086F31188BFF36F8FE5E7EFF311863146E2
:10B0F00088F31288BFF36F8F606806F030F800287D
:10B10000EED0BB6900201D706368BA691B68C3F884
:10B1100044250122C3F84825C3F82001D3F8204173
:10B12000C3F85801D3F858019A6081F31188BFF32E
:10B130006F8FBDE8F08100BF6ED60020F7B50546E1
:10B14000002201210820FFF76DF80820FFF73AF8E8
:10B150006A6813691168C1F82435137D507D927DAA
:10B1600003431343C1F86C356E68D6E9004313F00E
:10B17000010350D02F6907F1080006F046F9334B60
:10B18000984208D032480121324A05F079FD6FF02B
:10B19000040003B0F0BD387A04F10C0204F590719C
:10B1A00006F02CF9387A012707FA00F001F0BCF913
:10B1B0000823C4F80035B369C4F844350023C4F843
:10B1C0004835A760D4F85831002BFBD00021C4F8D3
:10B1D00000156B6801AADC68204605F093FF002883
:10B1E00005DB019B226819791868FFF78FFE08219B
:10B1F0006A681368C3F80015117A51B9D269C3F8A7
:10B2000034250122C3F83825C3F81011D3F81011E2
:10B210001A600020BDE70822C4F80025B269C4F80E
:10B220004425C4F848350123A360D4F82031002B0D
:10B23000FBD00023C4F82031D4F820310123E3608F
:10B240004FF48073C4F80433BCE700BF0000AD0BBB
:10B25000F4230100243101002DE9F0474568D0F8BE
:10B26000108006460021686B00AF05F0C3FF041E86
:10B2700011DBA96B481C1AD005F13C0000F01EFB45
:10B2800010F1130F04460AD10121334A334805F067
:10B2900097FF6FF012042046BD46BDE8F087411DC0
:10B2A00005D101212E4A2D4805F08AFFF3E74FF022
:10B2B0000109EB6A9847D8F80850D8E9023203EB45
:10B2C000C2039D420AD3404605F0D7FF73680021B0
:10B2D000586B05F08FFF00EAE074DCE7286806F0A1
:10B2E000C4FB0346B0B92A686C468AB01068297955
:10B2F0006A46D1614FF400711A4D11841A49C2E9AE
:10B30000055042F8101F4FF411511448FEF7CAF8C7
:10B31000A546BEE728682979EB88D0F810C0DA077F
:10B32000DCF8004054BF43F4B01383F4D01323F48B
:10B33000801209FA01FEDB07D0F808A04CBF4EEAE4
:10B34000040424EA0E04CCF80040DAF800309847F0
:10B35000041EA0DB0835B0E75D310100EC230100DD
:10B3600088310100A5310100040000012DE9FF41F1
:10B3700005690646D0F80480A86C2B6D002835D1ED
:10B38000002B53D0B8F830406A6C9C4228BF1C4652
:10B39000EF6CEB6C53B1296D41B107F06041B1F135
:10B3A000005F03D0082C28BF08246F6E00926A6CDF
:10B3B000AC651AB1AA6C002A18BF2246CDE9012754
:10B3C0001BB12B6D002B18BF234600226946404657
:10B3D000039302F025F8184B984229D06FF004012E
:10B3E000304604B0BDE8F04105F069BF696CEF6C10
:10B3F0000A46B8F83040ABB1834228BF03469C42AE
:10B4000028BF1C460029C4D001F06043B3F1005F9F
:10B41000BFD0082C28BF0824286E224606F024FE40
:10B420002A6EB6E7844228BF0446EBE71946D7E701
:10B4300004B0BDE8F08100BF0000AD0B10B502788C
:10B440000346002A5FD10C69A26D32B9606D6FF0BE
:10B450007301BDE8104005F032BFE06C40B1216DD2
:10B4600031B1DB6823B1834202D0616E06F0FCFD8E
:10B47000A36CA26D33B19A4213D90121224A234809
:10B4800005F09EFE236DA26D33B19A4222D90121AF
:10B490001D4A1E4805F094FE606DBDE81040FFF7A0
:10B4A00065BF9B1AA3647BB9636B04F14802083340
:10B4B0006363A36B04F13801013BA36304F134001F
:10B4C00005F085FE6064DDE7636C002BDAD0134481
:10B4D0006364D7E79B1A23657BB9E36B04F15002E1
:10B4E0000833E363236C04F14001013B236404F15E
:10B4F0003C0005F06CFEE064CEE7E36C002BCBD0A3
:10B500001344E364C8E710BDC9310100EC23010016
:10B510002DE9F04F8DB000AFFB6043688846BB60FB
:10B520008B88054699049146046933D44FF0FF3265
:10B530004FF0FF3304F1100003F00CFBC4F804805B
:10B54000D5F804B0D5F810A0DBF808303B609AF8C5
:10B550005D3023B1DAF80030984500F0CC80B8F8BF
:10B56000046016F400631CD00121B14AB14805F013
:10B5700027FE6FF0850623689B8813F4005304D1DF
:10B58000636004F1100003F0C1FA30463437BD4661
:10B59000BDE8F08FA369002BC8D163689845C5D179
:10B5A000CEE7F20715D529686D4688B06A46A248ED
:10B5B000C2E905014FF400719183A04942F8101FC0
:10B5C0004FF4E2519B48FDF76DFFAD466FF0150655
:10B5D000D1E7300705D59A4A0121964805F0F0FDDC
:10B5E000F4E7C6F34513082B01D0964AF4E7D8F8E0
:10B5F00000307B607A68944B9A4201D8934AEBE71B
:10B6000007F1100C0BF10C0EBEE80F00ACE80F00B8
:10B610009EE80F008CE80F00D7E900239A4228BF6C
:10B620001A468B4B9A4211D28A4B9A424CD88A4B7B
:10B630009A424BD8894B9A424AD8894B9A4249D868
:10B640008848894B8949824288BF0B46B1077B6293
:10B6500006F0040340D5002B14BF0323022387F810
:10B660002830C6F3001387F82930DBF8003016F0D5
:10B67000020FD3F80825C6F340014FF001037C48C0
:10B680004FEA52162CD1002E40F012819340C36035
:10B690009AF85D302BB1584601F086FE00238AF8F7
:10B6A0005D302B46734A584607F1100101F048FE01
:10B6B000714A0346904219D00121704A5D4805F055
:10B6C000E8FA6FF0040656E76D4BBFE76D4BBDE738
:10B6D0006D4BBBE76D4BB9E7003B18BF0123BEE7DD
:10B6E000002E40F0E78093408360D1E70123CAF841
:10B6F00000808AF85D30012384F85C30BB68996B68
:10B700004A1C0AD003F13C0000F008F9743004D15F
:10B7100002215F4A474805F053FDB9F1000F68D197
:10B72000C4F834900023A36304F1480204F1380103
:10B7300004F1340005F04BFDFB686064002B60D120
:10B74000E3630023236404F1500204F1400104F197
:10B750003C0005F03CFD002601213246E0642663F2
:10B76000204605F06AFD2846FFF700FE32463346C4
:10B77000A06B83424DD100231946266CB1424FD1B4
:10B78000934238BF1346A0464FF4FA5202FB03F629
:10B7900058F8203B4FF4004C1B6840F2E730B6FBF2
:10B7A000F3F60021C8364FF47A720023E6FB0C0151
:10B7B000FCF7C8FC02460B46404603F0CBF90246B4
:10B7C000002869D00121334A1A4805F0F9FC002607
:10B7D000B868A66501F0E8FD6FF07301284684F8AB
:10B7E0005D6005F06CFD404603F0DAF96FF073061A
:10B7F000C1E6D9F800306363002B93D0D9F8043048
:10B8000091E7FB681B68E363002B9AD0FB685B68D9
:10B8100098E7616B01EBC301496801330A44A8E76B
:10B82000E06B00EBC100406801310344A6E700BFB4
:10B83000E7310100EC2301000132010003000001A7
:10B84000233201004232010047E801007132010059
:10B8500000127A00FF083D007F841E003F420F0067
:10B860001FA107008FD0030048E8010090D003001B
:10B87000002584403DB400000000AD0BA232010061
:10B8800000093D0080841E0040420F0020A10700F7
:10B89000C9320100F3320100266B16F1740F96D005
:10B8A000002E3FF468AE0146286905F0C6FC62E64A
:10B8B000C960FFDE00239B60FBE700BF0123F0B5FA
:10B8C00087B08DF80230022300248DF804306B44D9
:10B8D00003930F4601AB0DF103010493054602915A
:10B8E000059401F0F1FA0C4B064698420FD1394607
:10B8F000284603AA01F0D4F8B0420BD028469DF8A0
:10B90000031001F0D5FA6FF0040007B0F0BD6FF03E
:10B910001200FAE72046F8E70000AD0B2DE9F041F0
:10B920000D46064605F029FE002207462946304608
:10B9300001F0D6FA6B0905F01F0429D1174B03EB70
:10B940008404D4F80022164B134043F00C03C4F8CF
:10B95000003205F0D1FC80463368DB597BB100270B
:10B960003046294605F007FED4F800220C4B384635
:10B97000134043F00403C4F80032BDE8F08105F041
:10B98000BBFCA0EB08000628E6D96FF07307E7E7D9
:10B990000023803453F82430FFDE00BF00258440AC
:10B9A000F0F8FCFF0123834070B5DC430B4AD2E87A
:10B9B000EF1F01EA0405C2E8E65F002EF7D14FF45D
:10B9C000803282400648C0F80823BFF35F8FBFF380
:10B9D0006F8F0B4214BF0120002070BDF4CE0020F9
:10B9E0000050014070B40E4922F07F46D1E9003486
:10B9F000D01AC31844F10004C1E90034A6F50013BD
:10BA0000B3F5400F09D2074B1B681A0A1B069C1995
:10BA1000054B42F10005C3E9004570BC03F06EBD63
:10BA200058CC0020F8CE002060CC0020D9B10123F2
:10BA30000D4A8340D2E8EFCF4CEA030CC2E8E1CFD5
:10BA40000029F7D14FF48033084A8340C2F8043309
:10BA5000074BD3E8AF3FC340DB0742BF4FF40012B0
:10BA6000044BC3F800217047F4CE00200050014081
:10BA7000F0CE002000E100E00D4B1868010A00063E
:10BA8000BFF35F8F0B4BD3F80435181841F1000159
:10BA9000B3F5801F0AD2084BD3E90023904271EB23
:10BAA000030303D210F1807041F10001704700BF21
:10BAB000F8CE00200050014060CC00202DE9F04F6E
:10BAC00085B016461F4604469DF840A0FFF76AFF62
:10BAD0000190FFF7D1FFB04271EB070352D23B4B0D
:10BAE000301A67EB0101984271F100014DD2384BD9
:10BAF00003EB0413D3E902239F4208BF964258D0B8
:10BB00004FF48038334908FA04F8204626F07F4B7A
:10BB1000C1F8488305F0E4FB4FF00309584604F1EF
:10BB20005005AD00ADB205F1804504F5A87305F5EB
:10BB3000A8350293029A20F07F4341F82230C1F8E1
:10BB40004483D1F80435244AC01A033820F07F40DA
:10BB500090422ED9286868B1D1F80435A3EB0B00C8
:10BB600020F07F40B0F5000F039322D9204605F066
:10BB7000B7FB039BBAF1000F07D109EB030009F1F2
:10BB80000109D7E7BAF1000F09D06FF0150520467B
:10BB90000199FFF74BFF284605B0BDE8F08F012360
:10BBA0000E4AA340D2E8EF0F1843C2E8E10F002984
:10BBB000F8D107490E982301C8500F9B01EB0412DE
:10BBC0000025C2E902675360E1E700BF0100800081
:10BBD00048CC002000500140FDFF7F00F0CE002047
:10BBE0007FB500254FF0FF304FF0FF31194C1A4B55
:10BBF0000226C4F80833C4F84833184BC4F8085573
:10BC0000C3E902014FF480334FF40012C4F8043347
:10BC1000134B0121C4F804631520C3F880212A4680
:10BC2000FEF700FB1520FEF7CDFA01230D4AA360B5
:10BC3000236013600C4B0D4A009328460023CDE986
:10BC40000155FFF73BFF3046FEF7F2FE284604B0F1
:10BC500070BD00BF0050014003000F0048CC002021
:10BC600000E100E0F4CE0020E5B90000FFFF7F0016
:10BC70002DE9F7432E4BD3F8042390070BD5D3F8C7
:10BC8000042142B10022C3F804212A4AD3F8043126
:10BC9000136801331360264AD2F80433D90326D53A
:10BCA000254BD3E8EF1F21F00100C3E8E40F002C7F
:10BCB000F7D1CB0702D4D2F84031C3B100251C4CD8
:10BCC000C4F84051D4F84031FFF7D6FEEFF31182AB
:10BCD000202383F31288BFF36F8F184BD3E90267D9
:10BCE000B042B94106D282F31188BFF36F8F03B01F
:10BCF000BDE8F0834FF0FF38D3E900104FF0FF3973
:10BD00001D60C3E902894FF48033C4F84833C4F896
:10BD10004051D4F8403182F31188BFF36F8F00296E
:10BD2000E5D0009032463B4628468847DFE700BF13
:10BD300000500140F8CE0020F0CE002048CC00207A
:10BD400030B5431C124C85B005D08442A8BF0446D0
:10BD5000012CB8BF0124FFF78FFE0E4B0C4DD3E929
:10BD60000013401AB0F5000F0FD22218AA4228BFC4
:10BD70002A46002052180849CDE90100009143F1FC
:10BD80000003FFF79BFE05B030BD2A46F1E700BF78
:10BD9000FFFF7F0058CC0020E5B9000008B5FFF791
:10BDA0006BFE024B1B68C01A08BD00BF58CC0020B8
:10BDB000F0B50F4B01461A680E4B0B2500261846AE
:10BDC0001F46B84201D3013D04D11846013A19601B
:10BDD0005A60F0BD04688C42FBD03CB14468141B2F
:10BDE000A642BCBF034626460830EAE70346ECE716
:10BDF0006CCF002078CF00200020054BC3E9000065
:10BE0000044BD3E8EF2FC3E8E10F0029F9D17047C5
:10BE100070CF00206CCF00202DE9F04F87B0054691
:10BE20000E4605F015FC20B96FF06D0007B0BDE8B7
:10BE3000F08F06F005F833680446002B0F4604D156
:10BE400003F038F96FF00A00F0E7BCBF4FF0FF33A2
:10BE500033600122002101A805F0B9FEE8460595EE
:10BE6000EFF3118B202383F31288BFF36F8F06F05B
:10BE700019F9DFF828A1DFF828915AF80000FFF738
:10BE800097FFD9F8003042689A426ED10023454DA1
:10BE900000936B68002B6FD1C5E900888BF3118884
:10BEA000BFF36F8F33685A1C6BD04FF4004E40F2D3
:10BEB000E730002123EAE37C4FF47A720023CCFBC5
:10BEC0000E01FCF73FF902460B4601A802F042FEC4
:10BED000EFF3118B202383F31288BFF36F8F0022BF
:10BEE0002B685BB1434556D10099002A4DD16A6851
:10BEF00029609A4200D169600023009306F0D2F8CD
:10BF00005AF80000FFF754FFD9F8003043608BF374
:10BF10001188BFF36F8F05F09BFB002884D0356834
:10BF20006B1C27D005F08CFF4FF47A7EA0FB0E32FD
:10BF30000EFB0121A4FB0E420EFB0722DB0BE40BE0
:10BF400043EA414344EA42441B1B4FEAD1314FEAE2
:10BF5000E57C61EBD231ED1A6CEB010CBCF1000F0A
:10BF6000B8BF002535602DB96CE743608BF31188AD
:10BF7000BFF36F8F002059E7C3F80080C5F8048035
:10BF80008CE74FF0FF3213469FE7116069689942D2
:10BF900008BF6A60B0E71A461B68A2E70800000005
:10BFA0006CCF002070CF0020024600B506F07AF872
:10BFB000014B1A505DF804FB0C00000030B404681B
:10BFC0002CB10C4B9C4202D370339C4209D30A4BD8
:10BFD0001C78062C09D8651C1D70064B03EB041356
:10BFE0000360006830BC05F0F2BD6FF00B0030BCA0
:10BFF000704700BFFCCE002062D6002038B5054651
:10C000000A4BD3E8EF1F0131C3E8E21F002AF8D141
:10C01000074B1C6804B938BD6369AB4201D005B158
:10C0200013B9201D02F072FD2468F3E76CCF0020E5
:10C0300070CF0020014600220023014805F08EBD8C
:10C04000C8CF00200146014805F092BDC8CF0020AE
:10C05000014600220023014805F080BDDCCF00200E
:10C060000146014805F084BDDCCF002070B50546CF
:10C07000054C064EB44200D370BDD4E900312846C9
:10C0800098470834F6E700BF5436010054360100E3
:10C09000014801F033BE00BF6DC00000014610B57D
:10C0A000064801F031FE034630B1BDE810400121E1
:10C0B000034A044804F0EDBD10BD00BF292901006A
:10C0C0003A330100C423010008B5B0B90B4805F0AC
:10C0D0005FF90B4805F05CF9084805F059F9074885
:10C0E00005F056F9054805F053F9044805F050F9F4
:10C0F000BDE80840014805F04BB908BD50350100C6
:10C100006033010010B50749074805F04AF90446B5
:10C1100028B101210346054A054804F0BAFD20462E
:10C1200010BD00BF81C30000F0CF002086330100A6
:10C13000DC2301002DE9F041DFF8D4810D46D8F869
:10C14000704000AF072C00F008065BD0132C00F005
:10C15000A080052C40F0B980D8F854806D496E4815
:10C1600005F01BF918F4805F41D06C496A4805F06E
:10C1700014F9172418F4006F04D06949664805F0D3
:10C180000CF9182418F4007F0ED06649624805F0B7
:10C1900004F9654B18F4004F9B6B04D00121634AEE
:10C1A0005D4804F076FD192418F4806F04D06049CE
:10C1B000594805F0F2F81A2418F4807F19D05D4927
:10C1C000554805F0EAF81B24EB69002E40F09B80EF
:10C1D000C3F3080222B96FEA53236FEA4323EB61EA
:10C1E00029462046FDF730FCBD46BDE8F081162407
:10C1F000C0E718F4005FE7D04F49474805F0CDF895
:10C200001C24E1E7D8F85C4043484C4905F0C5F8E8
:10C21000600606D5D8F868300121494A3E4804F046
:10C2200038FDE10705D547493B4805F0B6F8262417
:10C23000CAE7A20705D54449374805F0AEF82724D8
:10C24000C2E7630705D54149334805F0A6F828241D
:10C25000BAE7200705D53E492F4805F09EF8292466
:10C26000B2E7E10605D53B492B4805F096F82A24AC
:10C27000AAE7A20605D53849274805F08EF82B24F1
:10C28000A2E723063DD53549234805F086F82C243E
:10C290009AE7D8F86C8032491F4805F07EF818F00C
:10C2A000020F03D02F491C4805F077F818F0010F52
:10C2B00003D02D49184805F070F818F0040F83D00A
:10C2C0002A49154805F069F87EE7294A294BE846CE
:10C2D0008AB00F2CC8BF13466A462749103CC2E9F2
:10C2E00005134FF400731384244BD46142F8103FBC
:10C2F00000234FF411510848FDF7D4F80024C54637
:10C3000062E7252460E723F4FF7323F0010366E767
:10C31000F0CF00205F2E0100DC230100752E01000C
:10C32000D92C0100862E010000ED00E09F2E0100B7
:10C33000B42E0100CF2E0100392D0100C0330100C1
:10C34000D9330100E9330100FF3301001D3401003E
:10C3500038340100553401006A340100843401008E
:10C3600097340100B1340100E13401000F350100C0
:10C37000FC2E0100E72E0100DD2F0100040000016A
:10C3800000B5104B89B05A6AD86C00929A6A20F0B6
:10C3900005000192DA6A694602921A6B03925A6B9F
:10C3A00004929A6B0592DA6B06921A6C1B6D0792D7
:10C3B0009B0748BF40F00400FFF7BCFE09B05DF8E2
:10C3C00004FB00BFF0CF00202DE9F0411F46164BC3
:10C3D000044693F800800D461646A2B0B8F1000F4F
:10C3E00015D1684604F01CFD3A4631462846289B84
:10C3F000A0470446684604F014FDB8F1000F02D0CF
:10C400000A4802F047FB204622B0BDE8F0814FF019
:10C41000FF324FF0FF33054802F0C4FA0028E0D0A5
:10C420006FF08304EFE700BF6ED6002060C70020E6
:10C43000002300B589B0CDE9063303AB0493042390
:10C4400003900593A9B10B6806934B6807930223E9
:10C45000111E18BF01210848CDE9002140F2F53135
:10C4600004AA00F00BF80028B8BF012009B05DF85D
:10C4700004FB0123ECE700BF0501004010B4B1F557
:10C48000004F029C0ED2042B0CD8042C0AD8240492
:10C4900044EA0364134644EA0102014610BC03481F
:10C4A000FFF792BF6FF0800010BC7047217C000046
:10C4B00030B50468ACB1B4FA84F30122C3F11F03B0
:10C4C000DBB29A4024EA0202D0E8EF5FA54204D131
:10C4D000C0E8EC2FBCF1000FF6D1EAD102480B7096
:10C4E00030BD0248FCE700BF0000AD0B0200AD0B01
:10C4F00010B50368CB40DB0710D401238B400268E2
:10C5000043EA0201D0E8EF4F944204D1C0E8EC1FA7
:10C51000BCF1000FF6D1F2D1014810BD0148FCE793
:10C520000000AD0B0400AD0B014BC3F804057047D0
:10C5300000700140F7B5044618B1012822D003B0BD
:10C54000F0BD0222264B0646C3F808230122DA601A
:10C55000C3F80401D3F80431012342F21075204FCF
:10C560008DF80730D4B1012CE9D1D7F80C3403F49D
:10C57000803386BB002BE2D0012004F03DFF013D5B
:10C58000F3D1DCE70022164B0DF10706C3F80803D0
:10C590005860C3F80021D3F80031DDE7D7F818342C
:10C5A00003F480333EB9002BC9D0012004F024FFEE
:10C5B000013DF3D1C3E7D7F8182402F0030232702B
:10C5C000002BBCD09DF807000128B8D104F014FF5F
:10C5D000013DC7D1B3E7D7F80C2402F00102EEE722
:10C5E00000500040044B1A7922B9012218601A71D8
:10C5F000024870470248704764D000200000AD0B2D
:10C600000C00AD0B08B5074B1B6833B10520FDF7D7
:10C61000FBFD10B90520FDF7D5FD0122024BC3F843
:10C62000182508BD64D000200050004010B510B19E
:10C63000012848D010BD294BD3F81814D3F818247A
:10C64000C90324D502F00303022B05D0012B02D02D
:10C650000020FFF76FFF0123204A0220C2F818359F
:10C6600008224FF48273002103F1804303F5A043B5
:10C6700019601C68012402F1804202F5A042146096
:10C68000174A12681AB3154BC3F80403D2E7D3F85C
:10C690001424D207DFD5D3F81C2402F00302013A98
:10C6A000012AD5D80E4A12681AB10222C3F804230F
:10C6B000C0E7D3F80421002AFBD00022C3F80421EC
:10C6C000D3F80431B6E700224FF48073CBE71A6841
:10C6D000002AFCD019601B68ACE700BF0050004086
:10C6E00064D0002010B5164BD3F8002152B10020C1
:10C6F000C3F80001D3F800210122C3F80823114B2D
:10C700001B6898470E4BD3F8042182B10022C3F86E
:10C710000421D3F80421D3F81824D3F818240221D3
:10C7200002F00302012A03D1C3F818159A6010BD64
:10C73000C3F80813034B0120BDE810401B681847DD
:10C740000050004064D0002001460148FFF7B0BE11
:10C7500008C60020036803F01F025B09026002485C
:10C7600018BF0020704700BF0025844070B43224F9
:10C770000279184B624352FA81F2083233F81240C0
:10C78000E10524D5C4F3432124F4F85423F81240DE
:10C7900064240026027904FB02340E3434F8025F6C
:10C7A00015F4807F03D0C5F34325A9420FD001368D
:10C7B000202EF3D164240025624302EBC1029D5078
:10C7C000027904FB023070BC5830FFF791BE70BC98
:10C7D000704700BF0CC6002032235843034B50FA69
:10C7E00081F1083133F81100400B70470CC600206E
:10C7F00032235843054B50FA81F1083133F81100C8
:10C8000080F00200C0F34000704700BF0CC600205B
:10C8100032235843044B50FA81F1083133F81100A8
:10C82000C0F34010704700BF0CC60020024611F054
:10C83000010004D003490B6A13600B6203B90020A6
:10C84000704700BF00258440F0B505460020012652
:10C85000044607468C420BD1114BD3F87C2132B1F0
:10C860000022C3F87C21D3F87C3140F00040F0BDB9
:10C87000E3B29B0003F580729B0806FA03F31D42A6
:10C880000BD002F1804202F54432D2F800C0BCF174
:10C89000000F02D01760126818430134DAE700BFB6
:10C8A000001003402DE9F3470546544B296DD3F89A
:10C8B0000403C0B240F00040FFF7C6FF061E18DABE
:10C8C00000236846E96D00934FF00108FFF7AEFFC3
:10C8D00095F85C30DA0758D4296D4FF00040FFF727
:10C8E000B3FF6846E96DFFF7A1FF0028F0D126F0FD
:10C8F00000460124002E68D102B0BDE8F08794FA0A
:10C90000A4F4B4FA84F4E00804F1080335F81390B1
:10C9100004F007021DF8003008FA02F223EA0203CD
:10C920000DF8003001A80194FFF714FF019B4FEAB6
:10C930009901803350F82370C9F3820A4B07D1461E
:10C94000C7F3014725D552462846214604F0B9FDD4
:10C9500001A80194FFF7FEFE019BFFB2803350F85F
:10C960002330C3F301439F4207D10021204604F046
:10C9700099FD3946204604F095FD01A80194FFF782
:10C98000E9FE019B08FA03F30362009C002CB6D178
:10C99000A2E7022F0DD10321204604F083FD0AF007
:10C9A0000503012BE9D14A462146284604F089FDBA
:10C9B000E3E70221204604F075FDBAF1030FF2D03F
:10C9C000032FDAD1BAF1020FECE796FAA6F3B3FA25
:10C9D00083F304FA03F29B0003F1804303F544332D
:10C9E000D3F8101526EA0206D3F810252846C2F31C
:10C9F0000142C1F3042104F064FD7BE70010034011
:10CA000032222DE9F3410379214F534353FA81F345
:10CA1000083337F813300546DB070C46CEB234D561
:10CA200004F080FD95F8048021464046FFF7F0FEB3
:10CA300060B121464046FFF7CFFE2A6800B202EB04
:10CA400080030022C3F81025C3F81025284621468C
:10CA5000FFF78CFE32222B7901A802FB036600232C
:10CA6000083627F816300194FFF774FE019B00EB9F
:10CA70008300D0F80022074B134043F00203C0F8B4
:10CA80000032054802B0BDE8F0810448FAE700BF73
:10CA90000CC60020F0F8FCFF0000AD0B0400AD0B4D
:10CAA0002DE9F043D2F8009004460D46164685B0B5
:10CAB000B9F1000F34D032220079DFF8D08142433F
:10CAC00052FA81F2083238F81230CFB29B0703D500
:10CAD000FFF79EFE00283BD100230DF10F02CDE9A8
:10CAE00000338DF80E308DF80F300DF10E014B46EE
:10CAF000284604F08EFC3221237901FB03730833AE
:10CB000038F8132022F0020228F81320237901FBC1
:10CB10000377083738F8173043F0010328F8173047
:10CB20007368002B43D04FF0320C22791F780CFB36
:10CB300002F2D3F804E052FA85F2544B083233F88B
:10CB40001200E9B210F0020F04D0BEF1000F18D0AD
:10CB50004F482FE020F4604020F0200023F812001E
:10CB6000BEF1000F0DD0032FF2D872685068226812
:10CB700090F800E002EB8E02FFB9C2F81075C2F81F
:10CB800010754FF0320C22790CFB0212083233F888
:10CB9000120020F01C0023F8120022790CFB021175
:10CBA000083133F8112042EA870223F81120B368D4
:10CBB00063BB384805B0BDE8F083D2F8108528F093
:10CBC0000308C2F81085226802EB8E00D0F8102509
:10CBD00022F4473222F44072C0F810252A02D0F81D
:10CBE000108502F4F85242EA074242EA0802C0F80D
:10CBF000102522790CFB0212083233F8120040EAA9
:10CC00004E3040F0200023F81200BAE72946D3E95D
:10CC100000872046FFF7AAFDB8F1000FC9D06423B2
:10CC200020791A4E4343F218F358984504D15368BB
:10CC30009F4201D100210CE0642303FB00600DF151
:10CC40000F015830FFF734FC124B9842B2D19DF8D7
:10CC50000F1064222379534303EBC10346F803808A
:10CC600023795343322203EBC10333445F602379BA
:10CC7000534353FA85F3083336F8132042EA41222E
:10CC800042F4807226F8132093E700BF0CC6002000
:10CC90000400AD0B0000AD0B2DE9F04305460C463A
:10CCA0001F4685B09AB306793046FFF7A1FD20B143
:10CCB00021463046FFF7ACFD80BB32235E43DFF8F0
:10CCC000FC9056FA84F6083639F816305FFA84F884
:10CCD00013F01C0F02D05378012B1FD001238DF8C5
:10CCE0000F3000232046CDE900230DF10F01931CE6
:10CCF000013204F08EFB32222B7902FB038808F10B
:10CD0000080839F8183043F0030329F81830002FC9
:10CD100051D021462879FFF76BFD18B1284805B09E
:10CD2000BDE8F0833E782B68244903EB8603C3F803
:10CD30001005C3F8100532202B794FEA860C4343C7
:10CD400053FA84F3083331F813E0E2B22EF4604E64
:10CD50002EF0200E21F813E097F801E0BEF1000F4D
:10CD600029D02B68BF789C44DCF810354FEA0E4E72
:10CD700023F4981323F4F853CCF81035230203F46A
:10CD8000F8530EF4403E3F05DCF8108543EA0E03ED
:10CD900007F480173B4343EA0803CCF810352B799E
:10CDA00000FB0322083231F8123043EA463343F0E5
:10CDB000200321F812300348B1E700BF0CC6002061
:10CDC0000400AD0B0000AD0B30B564250479044BB5
:10CDD00005FB0434A160017905FB0133DA6030BD45
:10CDE0000CC6002038B505790C462846FFF710FD23
:10CDF00058B132235D43064B55FA84F4083433F8B6
:10CE0000143004485B0B137038BD0348FCE700BFC7
:10CE10000CC600200000AD0B0400AD0B2DE9F04165
:10CE2000064607796420184D00FB075898F86040C3
:10CE300044BB404621464022103005F022F92146ED
:10CE40003068D8F850608E4212D10023C0F87C318F
:10CE5000D0F87C3140F30730FDF7B4F9642303FBCD
:10CE600007550123094885F86030AB65BDE8F081BE
:10CE7000CBB29B0003F580727C2B04BF8450835897
:10CE80000131E0E70248F1E70CC600200000AD0BDD
:10CE90000C00AD0B64210279044B01FB023393F8C3
:10CEA0006000003818BF0120704700BF0CC600208A
:10CEB00064235422007913FB002302481844FFF72F
:10CEC00017BB00BF0CC6002064235422007913FB5B
:10CED000002302481844FFF7EBBA00BF0CC600203D
:10CEE00073B503680D46D3F8041306460029A4BFA2
:10CEF0004FF00041C3F80413047929462046FFF798
:10CF000087FC00B329462046FFF772FCD8B12946BA
:10CF10002046FFF761FC002501B23468890001F565
:10CF20008073E550E35833680B44D3F8101541F093
:10CF30000101C3F8101522B1012332688340C2F801
:10CF4000043302B070BD32235C43104B54FA85F4B5
:10CF5000083433F81430C3F38203042B11D0052BAB
:10CF600011D001A80195FFF7F5FB019A0369D340A1
:10CF700003F00103991C284602B0BDE8704004F09C
:10CF800091BA0321F7E70221F5E700BF0CC60020A4
:10CF90000148FFF787BC00BF70C6002070B5084C81
:10CFA0000E462379154643B92A20FDF70BF90123D4
:10CFB000044823712660A56070BD0348FCE700BFEC
:10CFC0006CD000200000AD0B0C00AD0B002330B581
:10CFD0000D4A50F8234003F5A2710133082B42F8A3
:10CFE0002140F6D10023084A00F11C0103F5B27478
:10CFF00051F8045F0133082B42F82450F6D1036C3A
:10D00000C2F8043330BD00BF00A0024038B5002490
:10D01000154D2A20C5F81045C5F81445C5F8184522
:10D02000C5F81C45C5F82045C5F82445C5F8284570
:10D03000C5F82C45C5F89045C5F89445C5F8984500
:10D04000C5F89C45C5F8A045C5F8A445C5F8A84550
:10D05000C5F8AC45FDF7C4F84FF0FF33C5F8083309
:10D06000024B1C7138BD00BF00A002406CD00020F4
:10D070000123024A8340C2F80433704700A00240F3
:10D080000123024A8340C2F80833704700A00240DF
:10D09000F8B5012600270B4B0B4DD3F80C4304B910
:10D0A000F8BD94FAA4F0B0FA80F006FA00F324EA8E
:10D0B0000304064B82009F502B68002BEFD0A96819
:10D0C0009847ECE700A002406CD0002000A102408D
:10D0D000430904D10123034A83409360704700232E
:10D0E0009B60FFDE002584400C4B984213D00AD889
:10D0F0000B4B98420FD00B4B98420CD00A4BC31AE3
:10D10000584258417047094B984204D0084B984206
:10D1100001D0084BF3E70120704700BF40420F00E9
:10D1200090D0030020A1070048E8010000093D005D
:10D1300000127A0080841E00431C14D000F01F03EC
:10D1400040090BD1084A02EB8302D2F80012074BC8
:10D150000B4043F00203C2F80032704700228033D4
:10D1600052F82330FFDE704700258440F0F8FCFFC2
:10D17000430904D10123034A8340D360704700234D
:10D18000DB60FFDE0025844038B51446421C0546AE
:10D1900016D0012902D1A3B1FFF79AFF05F01F03B2
:10D1A0006D0911D10B4A41EA840402EB8303D3F8E1
:10D1B0000002094A0240144344EA4101C3F8001244
:10D1C00038BDFFF7D5FFE9E70022803352F823305E
:10D1D000FFDE00BF00258440F0F8FCFF2DE9F84396
:10D1E000504B4D6906469D420C4690F8049000F065
:10D1F000848077D84C4B9D4200F082804B4B9D42FF
:10D2000000F081804A4B9D420CBF4FF000754FF0FB
:10D2100080452422DFF81C81E07E02FB0983997F90
:10D2200060F3000199773379217C02FB03839A7FB5
:10D2300061F341029A77E77EEFB9237E3A46012BEC
:10D2400094BF0023012301212068FFF79DFF3B4687
:10D250003A4601216068FFF797FF3B463946A27EB8
:10D26000A068FFF791FF237C3A460121E06883F034
:10D270000103FFF789FF242303FB0983E2681A6295
:10D28000217C9A7F61F341029A77277FA07C217EDF
:10D29000637E326847B9D4E900C7A468C2F808C5FC
:10D2A000C2F80C75C2F81045003B18BF01230229D3
:10D2B000C2F8C005C2F824552BD003292CD001296F
:10D2C00001D143F00203C2F8543524223379534389
:10D2D00058F803301BB33068BDE8F84340F307301B
:10D2E000FCF770BF144B9D4210D0144B9D420CBFF5
:10D2F0004FF000454FF080458BE74FF0805588E7B1
:10D300004FF0806585E74FF0006582E74FF00055EC
:10D310007FE743F00403D6E743F00603D3E7BDE815
:10D32000F88300BF40420F0090D0030020A1070007
:10D3300048E8010078D0002080841E0000127A00A6
:10D340002DE9F8430746242597F80480124C05FB85
:10D3500008F504EB05091E4699F81C30C3B999B1CC
:10D360004869FFF7C1FEA8B138466251C9F80460A8
:10D37000FFF734FF242303FB0844002363770123D2
:10D3800006482377BDE8F8836251C9F80460F1E7E5
:10D390000348F7E70348F5E778D000200000AD0B1D
:10D3A0000C00AD0B0400AD0B2DE9F04104460679ED
:10D3B0000068194D40F30730FCF712FF2423734334
:10D3C000EB5853B12368154A06EBC601C3F808238E
:10D3D000206805EB810104F025F92368242404FB6F
:10D3E0000654D3F80805D3F80C75D3F81085A37F3D
:10D3F000DB070AD4FFF7A0FE4046FFF79DFE384644
:10D40000FFF79AFE206AFFF797FE242303FB0655D9
:10D4100000232B77BDE8F08178D00020520108006E
:10D4200024232DE9F0430779534D7B439046EA18B6
:10D430000E46517F814685B0002940F09B80EB5815
:10D4400023B118F0140F04BF01235377242496E866
:10D450000F0004FB075404F10C0C8CE80F00206A49
:10D46000421C04D0A37F9B071AD5FFF731FE336817
:10D47000D9F8004023B103F06043B3F1005F06D157
:10D48000B36883B103F06043B3F1005F0BD0242392
:10D49000002203FB075339485A7705B0BDE8F083F3
:10D4A000FFF766FEE3E718F0010318BF0123C4F895
:10D4B000503518F0020318BF0123EC46C4F840357C
:10D4C00096E80F008CE80F00039BC4F84405C4F8ED
:10D4D0004815C4F83425C4F838350023C4F8183189
:10D4E000D4F818310723C4F8003524237B4318F0FF
:10D4F000080F05EB03021DD10121E858216158B93D
:10D50000D4F81831002BFBD062464021204604F0AD
:10D510004BF824237B43EA18EB5813BB106A461CD4
:10D5200013D107EBC707204605EB870104F07AF813
:10D530001348B2E7EB58A3B9106A411CF8D0937FA7
:10D540009A070BD5FFF714FEF2E7937F9B0702D5EE
:10D55000FFF70EFEE5E7FFF7BBFDE2E7FFF7B8FDDB
:10D56000E6E7402318F0040F14BFC4F80833C4F8EA
:10D570000433DDE7034890E778D000200A00AD0BC4
:10D580000000AD0B0B00AD0B10B540210F4A104849
:10D5900004F00AF8C8B10F4C206A421C04D0A37FE3
:10D5A0009B070FD5FFF7E4FD637F1BB109490848CE
:10D5B00004F038F8002323720748D4E90031BDE8AD
:10D5C00010401847FFF784FDEEE710BD84D000201F
:10D5D00000B0004078D0002080D0002007B5044B78
:10D5E000CDE900011B686846984703B05DF804FB6D
:10D5F0009CD00020014B1870704700BF63D60020FC
:10D60000024B1878431E58425841704763D6002099
:10D6100070B503680446033BDBB2052B03D8094A07
:10D6200052F823502DB9A06858B1BDE8704000F001
:10D6300011B804F05DF821682B46BDE87040090C74
:10D64000184770BD7C260100014B1B68184700BFBE
:10D65000D4C60020014B1B69184700BFD4C6002068
:10D66000014B9B68184700BFD4C60020014B1B68C4
:10D67000D8687047A0D00020002230B50B4B196845
:10D680000C6894420FD001EBC2039D68A8420BD1F5
:10D690004FF003020433D3E8CF1F002903D1C3E8BE
:10D6A000C02F0028F7D130BD0132EAE7B8D0002002
:10D6B0002DE9F041002406460F462046DFF854804D
:10D6C0003368A34201D8BDE8F08106EBC4056B685E
:10D6D000DBB2012B16D16A68B8F80030B3EB124FF9
:10D6E00010D1022FA8680FD1FFF792FF01206B68BD
:10D6F00023F0FF0343F003036B60B8F800300133FD
:10D70000A8F800300134DBE70168090C03F0A2FF40
:10D71000ECE700BF98D4002010B5074C02216068E8
:10D72000FFF7C6FF0028F9D101212068FFF7C0FFED
:10D730000028F3D110BD00BFC0D0002070B507286D
:10D7400060D8DFE800F00B5F475F435F3C0400F008
:10D750000FFF0320BDE87040FEF750BC03202A4BAA
:10D76000D3F81446D3F81866284B1D781870EDB21C
:10D77000FFF740FF012D10D1254B264A9C4212D0C5
:10D78000230C1B04B3F1886F0DD0A4F58033203B2C
:10D79000022B0FD96FF0040313603146C4F30B0062
:10D7A000FFF71CFF00E014601B4B186803F0ACFD92
:10D7B0000020CFE7194931F913301360F4E7002452
:10D7C000124B20461C70FFF715FFEDE7FFF7A4FF93
:10D7D0000220BFE70D4B1A78012AD0B20ED1104AB1
:10D7E0001168104A8C6854604968116002221A70EE
:10D7F000FFF700FF084B186803F086FDFFF78CFF6A
:10D800000120A7E770BD00BF00A0024065D6002040
:10D8100001005005BCD00020A8D0002094280100B1
:10D82000A4D00020C0D000200A23F7B54FF47A75A9
:10D830000C4E0D4F01933168386803F034FF0446F5
:10D8400040B903F05FFD40B9012001A9FEF7E4FAF9
:10D850006E30F0D1204603B0F0BD0198684303F06C
:10D860004FFDE8E7ACD00020B4D00020054B1B787A
:10D870002BB9054B1968054B186803F014BF00203D
:10D88000704700BF64D60020B0D00020B8D0002080
:10D8900070B5164B42681B6822F0FF0242F002028C
:10D8A000C31A42601248134A0168C3F38913D2E8CD
:10D8B000DF4F651CC2E8D65F002EF8D101EBC30133
:10D8C0004A6892B242EA04424A600268032002EBCC
:10D8D000C302536823F0FF0343F00103536003F0D6
:10D8E0000FFD0122044BDA6070BD00BFB0D00020F4
:10D8F000B8D000209AD4002000A002402DE9F04FBB
:10D9000095B038220021064603A804F0BAFB022392
:10D910000493082306932023089304230D931023D4
:10D9200040250F9380230122CDE91153D5230021F7
:10D9300057480B921393FEF741FB0546002840F031
:10D94000A380024653493079FFF728FB03A8FFF76D
:10D950003DFB34686268B2F59D6F40F0928061696A
:10D96000E3680B44E16903F59D630B44B3F5003FA5
:10D9700000F287802068294604F083FB33681C6826
:10D98000D3F81C9004F53A72019204F16007424A00
:10D9900004F1A40804F1200BB9F1000F5BD1C2F827
:10D9A00000B000254FF0010A2570657084F802A0D0
:10D9B000E570336840461B69636033685B69C4F88F
:10D9C00014B0A360354BC4F81890C3F80080344BF2
:10D9D000E7601F600823C4F8108084F8A43088F83A
:10D9E000015088F8025088F8035084F860307D7048
:10D9F000BD70FD7003F03AFE384603F037FE294B48
:10DA000004F53A721A60284B04F1E80231681A6092
:10DA1000264B274E1960274B2749C3F81046C3F8F9
:10DA20001456264B264C1D80264B86F800A01D80E0
:10DA3000254B029525601D611B690293029B144BC7
:10DA4000186803F063FC98B103236FF0730433701C
:10DA5000FFF7DCFA11E09B6904F140096364336865
:10DA60004846DB69C2F800B0236400F059FD98E72E
:10DA70002468002CECD1154B1C70204615B0BDE875
:10DA8000F08F6FF01504E3E76FF02D04F5E700BFAA
:10DA9000A8D000203DD70000A4D00020B8D000209E
:10DAA000B4D00020B0D00020ACD00020A0D0002006
:10DAB00065D6002000A00240F04902009AD4002060
:10DAC000BCD0002098D400200056004064D600202E
:10DAD00070B5164B42681B6822F0FF0242F001024B
:10DAE000C31A42601248134A0168C3F38913D2E88B
:10DAF000DF4F651CC2E8D65F002EF8D101EBC301F1
:10DB00004A6892B242EA04424A600268032002EB89
:10DB1000C302536823F0FF0343F00103536003F093
:10DB2000EFFB0122044B5A6070BD00BFACD0002057
:10DB3000B4D000209AD4002000A0024010B5FFF716
:10DB400073FE012400220321047081704270C270B0
:10DB5000FFF7BEFF054B1C7003F09BFDBDE81040B6
:10DB6000034B47F23051186803F0D0BB64D6002055
:10DB7000A8D0002038B50A4B04461B78022BDDB232
:10DB80000DD1FFF751FE50B10022012184600170D8
:10DB900042708570C270BDE83840FFF799BF38BD4C
:10DBA00065D60020034A126812B1002800DB104736
:10DBB000704700BFCCD000202DE9F74300258146F7
:10DBC0000F461048294690461E46019302F028F958
:10DBD000041E11DB0134204603F0B5FDC9F8000036
:10DBE00068B1334642462146019602F019F92846AB
:10DBF0003C6003B0BDE8F0836FF01500F9E76FF00B
:10DC00000B00F6E72024010010B50E4B04461B68FC
:10DC1000A3B1FAF7FFFB082810D9237A3F2B0DD0C8
:10DC200009490822204604F07AF9014630B904F186
:10DC300008000A22BDE8104001F032BE4FF0FF306C
:10DC400010BD00BFCCD0002043350100F7B504461D
:10DC50000F460420002116461D4603F04BFD0246E8
:10DC600038B914B1204603F070FD6FF00B0003B01B
:10DC7000F0BD00206FF0580314600D4C1373507307
:10DC80009073D073207031460320576003F052FD2B
:10DC90004FF0FF3301932378AB4201D10020E6E738
:10DCA000022001A9FEF7B8F80028F4D0DFE700BF92
:10DCB00066D60020F8B5054600240F4F57F8046BD0
:10DCC0002846314604F064F928B90134042CF5D112
:10DCD0004FF480300DE06CB1A31E012BF8D8304614
:10DCE000FAF798FB0A220021284401F063FD40EA7C
:10DCF0000440F8BD2046FCE794260100014B186063
:10DD0000704700BFCCD000200FB42DE9FF410A9C22
:10DD1000FFF776FC00284AD0002C4BD0284E294F24
:10DD20003168386803F014FB002846D1264D31686D
:10DD3000286803F0EBFA002836D122460BAB03A982
:10DD400002A80193FFF738FF044658B1286803F092
:10DD5000DBFA386803F0FAFA204604B0BDE8F04177
:10DD600004B07047029C2046FFF74EFF0223064690
:10DD7000012220460399FFF769FF04460028E5D1F8
:10DD8000DFF84880D8F80000FFF794FF0446D8F881
:10DD9000000003F0D6FC286803F0B6FA002CD8D1B6
:10DDA0003046FFF7FFFED4E76FF00A04D1E74FF0EB
:10DDB000FF34D1E76FF00D04CEE76FF00A04CBE734
:10DDC000E4D00020DCD00020E0D00020D4D000201F
:10DDD00038B5C3680446A72B01D0206810E003299A
:10DDE00007D0042926D0022902D10122154B1A702E
:10DDF00038BD144B00681A78022A05D10028F7D0E4
:10DE0000BDE8384003F09DBC0F4D2A6862B12B6815
:10DE10009847002320682B6003F093FC0B4B186895
:10DE2000BDE8384003F070BA094A1060616851607B
:10DE30000222DCE7074B1B68002BCED00068984716
:10DE4000CBE700BF66D60020C8D00020E0D000207D
:10DE5000D4D00020D0D0002010B400F11C03D3E8AF
:10DE6000EF2F511EC3E8E41F002CF8D1012A0CDC6F
:10DE7000074BD0E8EF2FC0E8E13F0029F9D1642239
:10DE8000002110BC043004F0FCB810BC704700BF87
:10DE90001EF1010030B5024600236825054905FB47
:10DEA00003F460180C59944203D00133082BF6D1C7
:10DEB000002030BDE8D0002010B50446043003F047
:10DEC00033FD606C08B1FEF7BDF8064BD4E8EF2FC8
:10DED000C4E8E13F0029F9D12046BDE81040FFF732
:10DEE000BBBF00BF1EF1ADDE2DE9F8430F4C064667
:10DEF0000025A0464FF068090D4B0E4F187023689F
:10DF0000BB420CD009FB058393F8202066F3451231
:10DF100083F82020A36B13B1204603F04FFC01359A
:10DF2000082D04F16804EAD1BDE8F883E8D00020A8
:10DF300067D600201EF1010010B5436904461BB9E5
:10DF400003F058FD23684360044B186803F0DCF9C4
:10DF50002046BDE8104003F04FBD00BF28D400208C
:10DF6000F8B548F20F03994205460E4640D022D834
:10DF700048F20D03994233D048F20E03994233D050
:10DF80000069FFF787FF044610B3B6F5004F1FD9AD
:10DF9000A6F50046013E0B2E1AD8DFE816F0AE00BB
:10DFA000E800B600B600B6003A013A01B600C40077
:10DFB000190019000B0149F2040399421CD0B1F574
:10DFC000104F3FD9C068FFF765FF0446002848D1CD
:10DFD0002868002800F02D81BDE8F84003F0B1BBAF
:10DFE000BDE8F840FFF7A8BFBDE8F84003F0ACBCBF
:10DFF000BDE8F84003F0A6BC0369082B00F21981C4
:10E00000DFE813F01000160009000E0016001701DB
:10E01000170118001E000020BDE8F840FFF764BF9C
:10E020000120F9E70021E868BDE8F84003F056BC9C
:10E030000121F8E70021E868BDE8F84003F05ABC88
:10E040000121F8E70069FFF725FF04460028BFD04B
:10E0500048F281039E42BBD10146284600F0ECF80D
:10E0600056E049F202039E4200F0CD8037D803F01B
:10E07000F6FB0746E0B91020FDF7DCFF0646B8B115
:10E080003946102203F0FDFF2B6873606B68338103
:10E09000698A002900F0C8802A8A05F1140003F07B
:10E0A0005CFBF060002840F0BF803046FDF7CAFFFF
:10E0B000286803F046FB204603F0A2FB58B1204637
:10E0C00003F0CDFB38B994F8203043F0800384F896
:10E0D00020300C23A361204603F097FB18E049F29F
:10E0E00003039E423DD049F282039E427FF470AF0B
:10E0F0000146284600F0B8F80AE06B692BB92846BB
:10E1000003F078FCAA6943681A60284603F074FC9F
:10E11000204603F0AFFB002800F08B802046BDE8CE
:10E12000F84003F04BBB90F8203043F0010380F837
:10E13000203003F07BFB18B13E4B186803F0E4F885
:10E1400094F82030204623F00A0384F8203003F0AE
:10E1500091FB10B1204603F031FB2046FFF7ACFEE7
:10E16000D3E7286969280BD16823A361D0E790F829
:10E170002030EE686FF3410380F82030686918B1F1
:10E1800000F014F9A061C3E7204603F043FB28B96F
:10E1900094F8203043F0040384F82030204603F044
:10E1A00039FB0028B4D0002EB2D00021204600F068
:10E1B00079F8ADE76B69F3B9284603F01BFCAA694F
:10E1C00043681A60426892F8203043F0040382F8F2
:10E1D0002030436822691A61436862695A61836822
:10E1E0004BB105F10C0205F1300152F8040B8A42E3
:10E1F00043F8040BF9D194F82230002B85D0013B71
:10E2000084F8223081E790F82230013380F8223000
:10E210007EE7284603F0EEFB6B6913B9AB694360F8
:10E2200073E74FF0FF33FAE73146204603F0DEFA9A
:10E230006EE7F8BD2CD4002010B543690C467BB1C5
:10E2400091F820306FF3C30381F82030406900F06B
:10E25000ADF8044BA061BDE81040186803F054B855
:10E2600010BD00BF2CD4002010B591F820300C4612
:10E270006FF3C30381F82030006960B9DBB223F08B
:10E28000140343F0140381F82030054BBDE810401F
:10E29000186803F039B800F089F8A061F5E700BF0D
:10E2A0002CD400202DE9F743DFF8FC900446D9F880
:10E2B0000000019103F02AF8074650B1019B002BA2
:10E2C00070D11023A3614FF0FF37384603B0BDE88B
:10E2D000F083606CD8B1FAF79DF8461C94F84B8037
:10E2E00031464FEA880808F10C0003F003FA0546AE
:10E2F00078B9204603F09FFA08B16923A361D9F8E1
:10E30000000003F001F86920FDF74EFEDBE73E4612
:10E31000E4E723684246036194F8483004F14C0175
:10E32000037594F84A30183000F8023C94F84930EC
:10E3300000F8033C94F84B3000F8013C03F094FEE5
:10E34000F6B13246616C286803F006FE6E6094F800
:10E350002030042043F008032A4647F2810184F864
:10E36000203003F0E7F9204603F065FA0028ACD12D
:10E37000204603F05BFA40B9A0690028A5D0C3E7A6
:10E380002E706E70AE70EE70E0E7022001A9FDF70E
:10E3900043FD10F10B0F05D00028E9D00028B8BFCD
:10E3A0004042B1E77420AFE72CD4002070289ABF18
:10E3B000024B53F820000248704700BFA42601001A
:10E3C000ADBAADBA2DE9F041056807460C463DB13E
:10E3D00001F47043B3F5005F04D1404BC3E900156D
:10E3E000BDE8F0813E4E336863B144F204029142CD
:10E3F00064D00CD844F2020399424ED044F2030395
:10E40000994253D03868BDE8F04103F09AB944F21C
:10E41000012221F4807393420FD044F203139942F6
:10E42000F0D1304C206808B103F08BF901222E4B5B
:10E430001A7025600420336826E0DFF8B080D8F831
:10E44000000008B103F07DF944F201339C420CBF97
:10E450000322022295F85170254B264C1A70C8F8F9
:10E46000005017F008053368227810D01AB905203B
:10E4700098470123237007F04107012F02D10220A2
:10E480003368984701203368BDE8F0411847002AF7
:10E49000F1D0062098472570EDE7174C206808B1A9
:10E4A00003F04FF9032033682560EDE70D4C206839
:10E4B00008B103F046F900220B4BB9E72A78032A8A
:10E4C000A0D8DFE802F0020507090720984799E77E
:10E4D0000820FBE70920F9E70A20F7E740D40020ED
:10E4E00030D4002034D4002068D600203CD4002052
:10E4F00069D600206AD6002038D4002030B4074BFB
:10E500001C6844B143688589A4460268C1899BB2EE
:10E51000E8B230BC604730BC704700BF48D4002030
:10E5200000210122074B1970074B1A70074B197015
:10E53000074B1960074B1960074B18600748FDF738
:10E540003DBD00BF6BD600206DD600206CD60020EC
:10E5500050D4002054D4002064D400204CD4002097
:10E56000024B186808B102F0CFBE70474CD40020AF
:10E5700070B4284B1B68196958691A7C00221A74F8
:10E580005C7C5A749C7C9A74DC7CDA741C7D1A75F1
:10E590005C7D5A759C7D03299A75DC7DDA7529D0DE
:10E5A000042929D001290FD185681B4E954210D12D
:10E5B0001A7A012100221972597A5A72997A9A723A
:10E5C000DA7A6FF05F02DA72144B70BC186802F0EE
:10E5D0009BBE911C00EB81014C682178622907D019
:10E5E000633918BF0121490046F821400132DDE7B7
:10E5F0000121F9E7187ADEE7187A1972597A5A7206
:10E60000997A9A72DA7A6FF05F02DA720122044B19
:10E610001A70D9E764D4002058D400204CD40020CC
:10E620006CD6002010B50446FAF758FE03480121C5
:10E63000034A02F025FB204603F022FADC23010006
:10E64000713501002DE9F84304460D4600AFEFF3A4
:10E650001188202383F31288BFF36F8F0428294A7F
:10E6600098BF294BE9468AB09668117C98BF53F849
:10E6700020306A4688BF254BC2E9073140F201339A
:10E6800023489384234BC2E9050442F8103F00233A
:10E690004FF431512048FAF705FFCD4645B1EB69FB
:10E6A000C3F3080323B101211C4A1B4802F0E8FA16
:10E6B0002EB1304603F0A0FA08B1037803B9184828
:10E6C000E9468AB06A46174BD061C2E9053640F286
:10E6D00001331384144B42F8103F00234FF41151BF
:10E6E0000D48FAF7DFFE2946CD462046FFF79AFF90
:10E6F00088F31188BFF36F8F3046FBF7D9FCBD4616
:10E70000BDE8F88368D40020682801008035010046
:10E710009635010005000001DC230100BE35010033
:10E720008E350100DF3501000400000138B5094BCA
:10E7300053F82040013053F82050A54200D838BD8E
:10E74000636823B1204603F0A3F90834F5E7236892
:10E750009847FAE77C280100012270B52A4B032074
:10E7600086B01A70FFF7E2FFFBF760F903F0ACF92F
:10E770000420FFF7DBFF254C254D2646AE4204F171
:10E78000300410D300F05AFC204C224EAC4226D369
:10E7900000F068FCF9F746FE1F4A137B23F00103E3
:10E7A000137306B070BD54F80C3C059354F8103C3C
:10E7B000049354F8143C039354F8183C029354F80F
:10E7C0001C3C019354F8203C009354E90A2354E97B
:10E7D0000C0100F001FA54F8303C5E65CDE7D4E955
:10E7E0000A23B3F1FF3F08BFB2F1FF3F05D052EA61
:10E7F0000301206803D103F001FA3034C6E7314643
:10E80000183000F001FEF8E76ED6002094230100D6
:10E81000942301002B1D0100E8CC002008B503481B
:10E82000034A0021121A03F04BF908BD88C70020E3
:10E8300070D600200023012270B586B0CDE90423F4
:10E840000F220193CDE9023214234FF4A0720E4D32
:10E850000E4E03FB00550E4906EBC016044602FBA4
:10E8600000110C4B3046009500F0B6F9737B2C7408
:10E8700023F004037373084B013403EBC423EE60ED
:10E880006B6006B070BD00BF68D4002068CC00206B
:10E8900070E10020A91B010070D90020BFB5002045
:10E8A000FFF744FF2E4B03F5006282F3088883F3E1
:10E8B0000A880024E0232B4D2B4E85F82230EC777C
:10E8C0002C766C76AC7685F820406B6A274F43F443
:10E8D000E0236B6285F82340FBF768FBFBF716FD2E
:10E8E0004FF0FF33AB62EB62FBF7B4FEFBF732FD98
:10E8F000FAF764FC40F201131D4D2846AB81C5E9CF
:10E90000184400F025FFB56003F0AEF80120FFF7D2
:10E910000DFF0220174DFFF709FF00F0C3FB164B58
:10E9200075610593012315494FF48062CDE90343D6
:10E9300028463B46CDE90144009400F04DF90646D7
:10E940006A7B284622F004026A7303F093F920469A
:10E95000FFF770FF3A4631462846FBF7B3FC00BF8D
:10E9600070D9002000ED00E068D4002059E70000D5
:10E9700068CD0020E8CC00208C290100B0E2002006
:10E9800038B5064C064DAC4201D3002038BD2046B8
:10E99000D4E9011203F099F81434F4E74CC70020CD
:10E9A00060C700202DE9F341044617461E46EFF3E9
:10E9B0001188202383F31288BFF36F8FC368334A13
:10E9C0007BB180689168884219D057EA060318D154
:10E9D00088F31188BFF36F8F6FF00F0002B0BDE8AE
:10E9E000F081916891F90E100133E3609368216121
:10E9F000A36088F31188BFF36F8F0020EEE72169D1
:10EA0000F2E791F90E1090F90E306FF07E02994204
:10EA1000A8BF19469142B8BF11468B422DDD03F0C5
:10EA2000CEF8054622464146CDE90076184800F06A
:10EA300051FA0028E1D0EFF31186202383F31288E6
:10EA4000BFF36F8FA068D0B1236821699C420AD0C0
:10EA50004BB193F90E309942A8BF19466FF07E036F
:10EA60009942B8BF194603F0AAF840B131460848A8
:10EA700000F0A0FA6FF00A00B0E70025D2E7002D01
:10EA8000F4D186F31188BFF36F8FF3E768D40020C9
:10EA90006FD6002038B58368044663B3194A92687C
:10EAA00093422BD1C368012B03D9013BC3600020E3
:10EAB00038BDEFF31185202383F31288BFF36F8FE6
:10EAC0000169806803F07BF8204603F048F9A060F4
:10EAD00058B190F90E2022610022826703F0CAF833
:10EAE0002946094800F066FAE1E7E06085F31188FD
:10EAF000BFF36F8FDBE76FF01500D9E74FF0FF3002
:10EB0000D6E700BF68D400206FD6002038B5044691
:10EB1000EFF31185202383F31288BFF36F8F03F087
:10EB20001EF948B10022826703F0A4F82946BDE827
:10EB30003840074800F03EBAD4E902329A4218BF82
:10EB40000133A36085F31188BFF36F8F38BD00BF19
:10EB50006FD6002013B5EFF31181202484F31288BF
:10EB6000BFF36F8F846844B1013C846081F31188E6
:10EB7000BFF36F8F002002B010BD52EA030406D12C
:10EB800081F31188BFF36F8F6FF00F00F3E7CDE9CA
:10EB900000230246014800F09DF9ECE76FD6002003
:10EBA00070B50446EFF31185202383F31288BFF379
:10EBB0006F8F6FF00A06204603F0D1F818B1866710
:10EBC00003F058F8F7E7A0602946BDE87040014817
:10EBD00000F0F0B96FD600202DE9F043984685B0DB
:10EBE00000F15803C0E91633109B00260373042379
:10EBF000073222F0070543730F9B01EB05090F460F
:10EC000083734946C0E906668660C6730446FAF710
:10EC10007BFF0E9B073020F00700A066C4E9187543
:10EC200002930D9BA9EB000901930C9B4A460093AC
:10EC3000394643462046FBF727FB054B66659B6834
:10EC400003B1DB6E4846E36605B0BDE8F08300BF64
:10EC500068D40020F0B5002587B00595109DDDE94A
:10EC6000127604950F9D044603950E9D02950D9D09
:10EC700001950C9D0095FFF7AFFFB6F1FF3F08BF70
:10EC8000B7F1FF3F05D056EA070305D1204600F053
:10EC9000A3F9204607B0F0BD3A463346024904F1D5
:10ECA000180000F0B1FBF4E72B1D010038B50D4D45
:10ECB0002B4653F8184F9C4200D004B9EC68AB685F
:10ECC00038B95A7BD20604D1A26912B9DA897F2AEF
:10ECD00005D89C4202D0204600F0DEFA23466B6144
:10ECE00038BD00BF68D4002008B590F90D2001465A
:10ECF000002A437B04DA03F07F03437302F080FFB2
:10ED0000044B9868431A58425841BDE80840FFF741
:10ED1000CDBF00BF68D4002070B490F90D30427BA5
:10ED2000002B29DBD30627D183692BBB134962F063
:10ED30007F0242730A4652F8184F944218BF234686
:10ED4000CC6923B9C0E900242060C8610CE090F9C7
:10ED50000E5093F90E60B5420AD0AE4208DD5A68F3
:10ED6000C0E9003210605860002070BCFFF79EBF01
:10ED70009C42E7D01B68E4E770BC704768D4002071
:10ED8000002A2DE9F0410E460CBF10210821427BDC
:10ED9000044611420FD141EA0203D20918D143734C
:10EDA00008291BD00120FFF781FFBFF35F8F637B32
:10EDB00023F060036373284B9B68A34245D1EFF3B4
:10EDC0000583002B41D13046BDE8F041FBF786B901
:10EDD00003F07F03437302F013FFE1E7A36813B16D
:10EDE000204602F015FF04F1180003F010F8A56D9D
:10EDF00004F15807AF4211D04FF0000875B1284612
:10EE000002F006FF05F1180003F001F82846C5F8E6
:10EE10007880FFF781FFA56DAF42EFD10E4FBB6841
:10EE20009C42BFD1EFF30583002BBBD00120FFF73D
:10EE30003DFF40F20113094DAB8100232846C5E98F
:10EE4000183300F085FCBD60AFE786F31188BFF38F
:10EE50006F8FBDE8F08100BF68D4002068CD00202E
:10EE600070B590F90D200146002A437B04DA03F0C7
:10EE70007F03437302F0C4FE154A4B7B104663F0D8
:10EE80007F034B7350F8183FD469834208BF0023B7
:10EE900023B9C1E900042160D1610CE091F90E5061
:10EEA00093F90E60B5420ED0AE420CDD5868C1E950
:10EEB0000030016059609068BDE87040431A5842C4
:10EEC0005841FFF7F3BE9C42E3D01B68E0E700BF68
:10EED00068D40020F8B5124B0C46DDE906761146E1
:10EEE0009868104A1060EFF31182202282F3128892
:10EEF000BFF36F8F9D68284602F094FEB6F1FF3F86
:10EF000008BFB7F1FF3F06D03A463346064905F140
:10EF1000180000F079FA2046BDE8F840FBF7DEB8AB
:10EF200068D4002088D400202B1D0100F8B50446C9
:10EF3000EFF31186202383F31288BFF36F8F437B97
:10EF400049B2DA0619D18569BDB903F07F0343736D
:10EF500002F056FE437B164A63F07F034373134669
:10EF6000817353F8180F984218BF0546D0695DB9F0
:10EF7000C4E900300460D46111E00020A17386F37D
:10EF80001188BFF36F8FF8BD95F90E70B9420BD0A1
:10EF90008F4209DD6B68C4E900531C606C6001207E
:10EFA000FFF784FE0120EAE7A842E1D02D68DEE702
:10EFB00068D4002049B9EFF3058030B9054B5A6990
:10EFC0009B689A4201D0FBF789B881F31188BFF39F
:10EFD0006F8F704768D4002010B5EFF311842022A2
:10EFE00082F31288BFF36F8F427B510704D484F3FE
:10EFF0001188BFF36F8F10BD22F004024273FFF738
:10F000008BFE2146BDE810400148FFF7D3BF00BF8B
:10F010006FD60020034648B9EFF3058232B9064A9D
:10F0200051699268914201D0FBF758B883F3118877
:10F03000BFF36F8F704700BF68D40020EFF31181DA
:10F04000202383F31288BFF36F8F054B9A68D37B1D
:10F05000013BD37381F31188BFF36F8F704700BFFB
:10F0600068D4002038B5EFF31185202484F312888A
:10F07000BFF36F8F0A4B00209A68D37B0133D373A1
:10F08000FFF714FE85F31188BFF36F8FEFF3118044
:10F0900084F31288BFF36F8FBDE83840FFF7BABF23
:10F0A00068D40020024B03F11802C3E9062270471E
:10F0B00068D40020F8B5EFF31185202383F312887C
:10F0C000BFF36F8F19498868437B03F07F03437355
:10F0D00002F096FD08468B685A7B62F07F025A73F5
:10F0E00050F8182FCC69824208BF002222B9C3E928
:10F0F00000042360CB610CE093F90E6092F90E706E
:10F10000BE420ED0B7420CDD5168C3E900210B604E
:10F1100053600120FFF7CAFD2846BDE8F840FAF722
:10F12000DDBFA242E3D01268E0E700BF68D4002050
:10F1300050EA01032DE9F04105460E4603D1FFF7E1
:10F14000B9FF00202BE0831C71F1FF3329DB02F0B3
:10F1500073FE2C18EFF31188202383F31288BFF37A
:10F160006F8F124F124BB8681860FFF7BDFDB8687B
:10F1700010492A463346183000F046F9BA6840462E
:10F18000537B43F010035373FAF7A8FF02F054FEC9
:10F19000201A63EB0303012873F10003D1DBBDE800
:10F1A000F0816FF00104241AD4E700BF68D4002076
:10F1B00088D400202B1D0100B1F1FF3F08BFB0F142
:10F1C000FF3F08B506D10A4B986802F062FD4FF088
:10F1D000FF3008BDFFF7ACFF4FF47A7147F6FF73BD
:10F1E0000022C0FB0132D80B40EA4240F1E700BFE9
:10F1F00068D4002038B500240B494FF400458C46F4
:10F200002146C0FB05C100236046084AF8F79AFF73
:10F21000C117FFF78DFF47F6FF73044AC0FB0234A6
:10F22000DB0B43EA444038BD3F420F0040420F0031
:10F23000014B9868704700BF68D400200122044B3E
:10F24000C01A044BC0105843034B1A54704700BFF8
:10F25000E8CD0020ABAAAAAA6FD60020C3897F2BD5
:10F2600012D80A4B1B6863B1094B90F90E201B683A
:10F270009A4209DB437BDB0606D1064BC31A18BF53
:10F28000012303F0010070470023FAE790D4002027
:10F290008CD4002068CC002070B50E4B0E4C1E7C28
:10F2A000054606EB460304EBC304204602F0AFFD1F
:10F2B00000220A4B28469A55FFF7D0FF48B1084B69
:10F2C0002046BDE870401A680649013AD31700F09D
:10F2D0009BB870BD68D40020E8CD00206FD6002018
:10F2E00090D400203DF2000038B5EFF311852023C3
:10F2F00083F31288BFF36F8F104B114A9C6810681C
:10F30000A04206D1FFF7C8FF85F31188BFF36F8FC6
:10F3100038BD00211B7C11600A4AD35C002BF3D05E
:10F320002046FFF79BFF0028EED0637BDB0602D16F
:10F330002046FFF795FD2046E4E700BF68D4002093
:10F3400088D400206FD6002008B50648064A074931
:10F35000121A02F0B7FBBDE80840054A0549064805
:10F3600002F0B0BB80C5002084C700207C360100BD
:10F37000000000006436010080C50020034B1B68BC
:10F380000BB9FCF70BBD0020704700BF94D40020E0
:10F3900030B570B10B4B5B6898420AD0036843B13B
:10F3A000D3E90421D0E90445121941EB0501C3E971
:10F3B0000421D0E9003213605A600023C0E9003311
:10F3C00030BD00BFFCC6002010B50E4B1C689C422F
:10F3D00004D1FFF7D3FF6FF0004010BDFFF7CEFF61
:10F3E000002CF8D0D4E904321B1A62EBE072B3F1BE
:10F3F000004F72F10001EEDA002AACBF184600207F
:10F40000EBE700BFFCC60020B3F1FF3F08BFB2F13D
:10F41000FF3FF8B504461D4616465ED08160EFF307
:10F420001187202383F31288BFF36F8F013275F1A8
:10F43000FF3324DA6FF001032D49D1E900209B1A34
:10F440004FF0FF3262EB00009E1B60EB0500012EC7
:10F4500070F1000301DA01260020C4E90460254EA2
:10F46000D6F800C07568B44508BF4FF0000CBCF179
:10F47000000F0DD1C4E900652C6074601CE0FFF73B
:10F480007DFF013645F10005361845EBE070E4E7F5
:10F49000DCE90420D4E90431934271EB000E1DDA5B
:10F4A000D21ADCF8043060EB0100CCE90420C4E996
:10F4B00000C31C60CCF804403368B34209D09C42BE
:10F4C00007D10D4B1C6824B9FFF77EFF2146FCF7DE
:10F4D00037FC87F31188BFF36F8FF8BD9B1A61EB80
:10F4E0000001AC45C4E90431C4D0DCF800C0BEE77B
:10F4F00000CE0020FCC6002094D400202DE9F84F57
:10F50000EFF3118C202383F31288BFF36F8FDFF8A2
:10F51000B0A0DFF8B0900024C9F80000DAF80000CD
:10F520000025504508BF0020274FE046D7E90021BD
:10F53000D9F8003078B3D0E9046C4FEAE37EB342E7
:10F540007EEB0C0B05DAF61A6CEB0E04C0E90464D2
:10F5500021E0B21841EBE671C0E90445C7E900219A
:10F56000FFF716FF88F31188BFF36F8F8368984702
:10F57000EFF31188202383F31288BFF36F8FD9F83C
:10F580000030DAF800009B1B5045C446C9F8003033
:10F59000CBD1D7E9002100249A1841EBE373C7E9E6
:10F5A0000023C9F80040FFF70FFF2146FCF7C8FB16
:10F5B00088F31188BFF36F8FBDE8F84FFFF794BE53
:10F5C000FCC6002094D4002000CE002010B5EFF33C
:10F5D0001184202383F31288BFF36F8FFFF7CEFED1
:10F5E0000346054AD2E90001181841EBE37184F3A0
:10F5F0001188BFF36F8F10BD00CE0020F8B5044610
:10F60000EFF31187202383F31288BFF36F8F026813
:10F6100022B187F31188BFF36F8FF8BDD0E90A36A6
:10F62000581C46F10001022871F1000127D3012B7B
:10F6300076F10001BCBF012316465D1E46F1FF3680
:10F6400002F0FEFB013041F10001401946EB0101DF
:10F65000012871F1000139DB02F0F2FB013041F1C8
:10F6600000016FF00102401946EB01034FF0FF313A
:10F67000121A61EB030320461749FFF7C5FE236BFF
:10F6800001332363236A6BB187F31188BFF36F8F54
:10F690002046236A9847EFF31187202383F31288CB
:10F6A000BFF36F8F54F8185FA542B2D0002DB0D0D1
:10F6B000284602F008FB0023AB6787F31188BFF3ED
:10F6C0006F8F2846BDE8F84002F0D4BA6FF001020F
:10F6D0004FF0FF33CFE700BFFDF500002DE9F0410B
:10F6E00005461C4690461F46EFF31186202383F300
:10F6F0001288BFF36F8FB4F1FF3F08BFB2F1FF3F35
:10F7000005D186F31188BFF36F8FBDE8F081531CDC
:10F7100074F1FF3309DB012A74F10003BCBF01223D
:10F72000002412F1FF3844F1FF37284602F06FFB46
:10F73000DDE906010023C5E90A012B6342463B4689
:10F7400028460249FFF760FEDBE700BFFDF5000039
:10F75000014BC366704700BF4CC700200CB430B5E6
:10F7600089B005460C461C22002101A802F089FC44
:10F77000022305958DF806300D4B029323462CB1DC
:10F78000B4F1004F28BF4FF00043013B1D440DAAC8
:10F790000C9901A80695009200F0E8F814B1059BB9
:10F7A00000221A7009B0BDE8304002B0704700BFB7
:10F7B00093200100242A2DE9F041044601D8012AB2
:10F7C0004CD1364B162202F06DFC1A5001B10C6080
:10F7D00000273846BDE8F08135462E4616F8010B65
:10F7E0002028F9D0A0F109070346042FF4D92B28CB
:10F7F00036D02D2837D14FF0010CAE1C6B78302B52
:10F8000038D1307840F0200078282FD132F0100025
:10F810002CD173783446102202360CF100400027B8
:10F820000138B0FBF2FE02FB1E08392B82BF03F148
:10F83000FF3343F02003263B303B9A421ED97745E5
:10F8400002DC03D1984501D24CF0020C354607FB8F
:10F850000237344615F8013B2E46E6E70546BCE77D
:10F860004FF0000CC9E74FF0000CC8E7002A08BFB2
:10F870000822D2E7002A08BF0A22CEE701B10C60B5
:10F880001CF0010F18BF7F421CF0020FA1D0034BE8
:10F890002222074602F006FC1A509AE70C000000EC
:10F8A000242AF0B5044601D8012A40D12E4B162255
:10F8B00002F0F8FB1A5001B10C600020F0BD2F4699
:10F8C0003D4615F8010B2028F9D0A0F109060346A2
:10F8D000042EF4D92B282CD02D282CD10126BD1C88
:10F8E0007B78302B2DD1287840F02000782824D147
:10F8F00032F0100021D16B782C4610220235002006
:10F90000392B82BF03F1FF3343F02003263B303B0A
:10F910009A421AD9A0FB02040CB9C01801D346F0D0
:10F9200002062F462C4617F8013B3D46E8E70746FE
:10F93000C6E70026D3E70026D3E7002A08BF08223F
:10F94000DDE7002A08BF0A22D9E701B10C60F207FF
:10F9500048BF4042B307B1D5034B222202F0A2FBBD
:10F960001A504FF0FF30A9E70C0000002DE9F04FCE
:10F9700043688DB015468046029383789A0740F11C
:10F980000D8100240E78002E00F00A81252E0BD068
:10F990004B1C0393013441463046029B9847002894
:10F9A000C0F2F6800399EDE74E788B1C252E039369
:10F9B000F0D00027B946BB46BBF11F0F38D8A6F1DF
:10F9C0002003102B0AD8DFE803F02A0909300909BF
:10F9D000092109090928092D09091F00A6F1300389
:10F9E000092B33D92A2E37D11BF0400F55F8043B91
:10F9F00040F08280002BA7BF4BF0200B9946C3F14B
:10FA000000094BF0280B01E04BF0010B039B13F8AE
:10FA1000016B0393002ECFD130E04BF0020B4BF083
:10FA2000040BF3E74BF0080BF0E74BF0100BEDE79E
:10FA3000BBF17F0F19D8A6F13003092BD2D81BF0E8
:10FA4000400F03D00A2101FB0737DFE70A214BF003
:10FA5000200B01FB0939D9E72E2E06D11BF0400FF0
:10FA600040F09E804BF0400BD0E76C2E31D02BD86D
:10FA7000682E36D06A2E3CD04C2E3AD0002F46F05D
:10FA80002003B8BF2BF04002A3F16501BCBF0027E3
:10FA90001FFA82FB022901D9612B2FD107350727D5
:10FAA000DFF8ACA225F0070508351BF0080F66D07B
:10FAB0000AEB070B56465E4563D1A4EB0A0AA9EB95
:10FAC000070906EB0A026FE1742E9FD07A2E9DD0B3
:10FAD000D4E71BF0800F18BF4BF4007B4BF0800B7A
:10FAE00094E71BF4807F18BF4BF4007B4BF4807BC2
:10FAF0008CE74BF4207B89E71F4687E7A6F163017B
:10FB0000122900F2F080DFE811F013004F00EE0040
:10FB1000EE00EE00EE004F00EE00EE00EE00EE0014
:10FB2000EE00FE00E900EE00EE001B00EE00AF006C
:10FB300055F8043B01270DF1180A8DF81830B4E789
:10FB400055F804AB834BBAF1000F08BF9A461BF07F
:10FB5000400F504614BF39464FF0FF3102F00CFA07
:10FB60000746A2E741462020029B984700280FDB6A
:10FB7000013EB742F6D34C44B146A41B98E74E462B
:10FB8000F7E7414616F8010B029B9847002892DAE6
:10FB900098F8023043F0040388F802304FF0FF3445
:10FBA00020460DB0BDE8F08F1BF0800F34D01BF461
:10FBB000007F2CD0073525F00705AA4669685AF85A
:10FBC000080B2BF010050029ADB237DA404245F49E
:10FBD000806561EB41010DF1180B0A235A4602F0D2
:10FBE000EDF9A0EB0B0301936B0662D5019B25F0A9
:10FBF00001019F4289B240F3A180002E00F099805C
:10FC000015F0100240F09C80BB460D4623E0AA464A
:10FC10005AF8040BC117D4E7AA461BF4807F5AF8A0
:10FC2000041B01D10846F5E71BF4007F19BF48B259
:10FC300041F3C01108B241F3C031C2E750EA0103F9
:10FC4000C9D11BF0400FC6D0002FC4D12BF0110238
:10FC5000BB46019795B240F2064115EA01021CBF6E
:10FC60000BF1010B00222CE02BF010020A231FFAEB
:10FC700082FB1BF0800C49D01BF4007115BF0735C7
:10FC8000AA4625F007055AF8040B1EBFAA46696864
:10FC90005AF8080B50EA010545D12BF016051BF068
:10FCA000400FADB242D0002F40D12BF01702019788
:10FCB00095B215F0100248D0019B002E42D103F1FD
:10FCC000010B29075AD4EB0706D5D9456FDDA9EBFF
:10FCD0000B030199CB465F185B4649E04BF0100BD4
:10FCE00010237826C5E7782B04D1C6F1780343F0BA
:10FCF0001003BEE741462520029B98470028FFF6E7
:10FD000047AF023447E608230026B2E7AA461BF4B1
:10FD100080715AF8040BBDD01BF400711ABFC0B239
:10FD2000614680B2B6E72BF0060295B20DF1180BD2
:10FD300054E725F01105BB46ADB28CE70D46B8E798
:10FD40003B460D4603F1020BBBE7DDF804B082E74A
:10FD50004B36010044360100CDE9043241462020F3
:10FD6000029B98470028FFF613AF049B059A0133C6
:10FD70009945F1DCA4EB0B019B46CC180AB3414634
:10FD80003020029B98470028FFF602AF8EB901345D
:10FD90002744391B019B994224DC1D4655BB019A1F
:10FDA000A9EB0B09554622441446914433E0019FC8
:10FDB00092E7023441463046029B98470028E7DA32
:10FDC000E6E640F206410D42E2D015F0020F04F1E2
:10FDD0000104414614BF2B20202015F4806F18BF6A
:10FDE0002D20E9E741463020029B01349847002846
:10FDF000CFDACDE606AB013D4146585D029B984700
:10FE00000028CBDAC4E641462020029B0134984703
:10FE10000028FFF6BDAEA9EB0403002BF3DCC1E51F
:10FE2000F0B589B005460C46164600211C2201A8F3
:10FE30001F4602F026F90223204605958DF806306C
:10FE40000A4B02932CB1B4F1004F28BF4FF0004091
:10FE5000013805443A46314601A80695FFF786FD6C
:10FE600014B1059B00221A7009B0F0BD9320010067
:10FE700070470346F0B419790068DB8801250669EC
:10FE8000DA07346854BF43F4D01383F4B0138D40C1
:10FE900023F48012DB0787684CBF2C43AC433460EB
:10FEA0003B68F0BC1847034601211B790068994064
:10FEB00003691B68194283680CBFDB681B6918471C
:10FEC000836800EBC101B3F5004F2CBF51F822004D
:10FED00031F81200704700EBC1018068B0F5004FA7
:10FEE0002CBF41F8223021F812307047012208B5AA
:10FEF000FFF7E6FFD04008BD836800EBC101B3F512
:10FF0000004F08D34B681AB143F001034B607047B0
:10FF100023F00103FAE74B881AB143F001034B8049
:10FF2000704723F00103FAE753000122FFF7D3BF24
:10FF30008368B3F5004F34BF04230823C91A081A95
:10FF4000C0087047B0F5004F34BF04230823481C95
:10FF50000833A0EBD300B0FA80F0C0F11F00704767
:10FF60002DE9F041174603220E460446FFF7A8FF8D
:10FF70008642054607F104080AD10122E368BA4027
:10FF800023EA0203E360002344F82830BDE8F0814F
:10FF9000314602222046FFF793FF06462B460146D4
:10FFA0000322204644F82850FFF795FF33462946A0
:10FFB0002046BDE8F0410222FFF78DBF70B50D4627
:10FFC00086680446FFF792FFB6F5004F014601D35D
:10FFD000012809D03046FFF7B5FF294602462046E2
:10FFE000BDE87040FFF7BCBF70BD2DE9F047054686
:10FFF0008068FFF7A7FF05EB800ADAF810908846C3
:020000040001F9
:100000000646B9F1000F1BD00327DAF81040284646
:100010002146FFF76BFF404507D33246214628466D
:10002000FFF79EFF2046BDE8F087032221462846C1
:10003000FFF746FF013FCAF8100001D08145E4D127
:100040004FF0FF34EB680136B4401C40EAD094FA1C
:10005000A4F2B2FA82F2131D55F82340DEE72DE92F
:10006000F04114460E460546FFF740FFA4EB060894
:10007000371B0744424631462846FFF755FF3A46AC
:1000800021462846FFF750FF4346002221462846D6
:10009000FFF721FF21462846FFF728FF3B4621189E
:1000A00000222846BDE8F041FFF715BF2DE9F041D9
:1000B000164604460F46FFF719FF3146054620460F
:1000C000FFF714FF05442A4639462046FFF72CFF68
:1000D00031462046FFF70AFF2B4631180022204602
:1000E000BDE8F041FFF7F7BE2DE9F0410D46866807
:1000F0000446FFF7FBFEB6F5004F014601D3012889
:1001000032D03046FFF71EFF04EB80010E6996B92E
:100110000122E36882401343E36002220D612B4613
:1001200029462046FFF7D7FE032229462046BDE890
:10013000F041FFF7D0BE022231462046FFF7C0FE55
:100140000746034629462046FFF7C5FE03223346ED
:1001500029462046FFF7BFFE39462B462046FFF7CB
:10016000BAFE02223146E1E7BDE8F081F8B50C465F
:100170000546FFF7BBFE2618012231462846FFF749
:100180009FFEC3070CD431462846FFF717FF2146D0
:100190002846FFF7ABFE214622182846FFF786FFC8
:1001A000002221462846FFF78BFE271A01223946F6
:1001B0002846FFF785FE10EA020613D13946284685
:1001C000FFF7FCFE214632462846FFF779FE22461D
:1001D000211A2846FFF76AFF214632462846FFF7D4
:1001E0006FFE241A21462846BDE8F840FFF77CBF81
:1001F00038B571B1056800222846FFF799FE04461C
:1002000001462846FFF778FE2146BDE83840FFF753
:10021000ADBF38BD70B5066809B9002070BDB368C0
:10022000B3EBD10FF9D9B3F5004F34BF0423082342
:10023000CC1D1C44E40821463046FFF7D6FE054697
:100240000028EAD001463046FFF750FEA04209D907
:100250002C44294630462246FFF701FF214630460E
:10026000FFF742FF304601222946FFF745FEB368FB
:10027000B3F5004F34BF0423082303EBC503184430
:10028000CCE72DE9F84306681446B26801F1FF395E
:10029000B2F5004F34BF0423082319EA01090F46C1
:1002A0000BD0494239408B424F4628BF0B46894606
:1002B00054B900252846BDE8F8839942F8D821466C
:1002C000BDE8F843FFF7A6BFB2EBD40FF1D9B2F502
:1002D000004F34BF04220822E11D3944C91A1144D9
:1002E0003046C908FFF781FE80460028E1D0B36898
:1002F00009EBC005B3F5004F34BF042308231D44A8
:1003000035447B1E1D44B5FBF7F57D43A5EB090580
:1003100029463046FFF70CFE2C44073424F007042E
:10032000A41B804507464FEAE40408D20246414632
:100330003046FFF794FE41463046FFF7D5FE39467A
:100340003046FFF7D3FD3844844208D23946304660
:100350002246FFF784FE21463046FFF7C5FE012204
:1003600039463046FFF7C8FDA4E7B2F5802F2CBF11
:10037000082304232DE9F0410026D21A8C18CD1D44
:1003800025F0070524F00704641BE40805602146F6
:100390002046AC60EE60FFF7D5FD421D92000130B3
:1003A00002F107074FEAD7073146A2F1100205F123
:1003B0001000B8BF324601F064FE3A463146284686
:1003C000FFF7B2FD3346324631462846FFF783FD3C
:1003D000A4EB0708284631460122FFF78DFD42466F
:1003E0003946FFF7A1FD3B46324639462846FFF71E
:1003F00072FD21462846FFF797FD434632462146C7
:100400002846FFF768FD214628460122FFF774FDC4
:100410003946BDE8F041FFF767BE2DE9F0470646D3
:100420000D46174698462BB34FF0000A98F8004047
:1004300093F80190DB78A40004EB430498F80230B1
:100440001C444444CA4509D339463046AC46D8F822
:10045000042008F10803BDE8F047604714F8013BA9
:100460000AF1010A204648F82340F7F7D3FF01308C
:100470000444E7E76FF01500BDE8F08770B500258C
:1004800002462846144614F8013B0BB9184609E009
:1004900098B18D4207D1702B04D0A3F140023A2AC3
:1004A0000BD8002070BDA3F140063A2E05D8537832
:1004B0000135941C002BE9D00020252B224608BFD3
:1004C00080F00100DEE7002070470FB407B504A9F3
:1004D00051F8040B019100F05AFB03B05DF804EBF6
:1004E00004B0704710B50369024613F0080009D143
:1004F0001368D4689C429BBF0120126AE31AD31A86
:100500000B6010BD00231846FAE713B501A9044695
:10051000FFF7E8FF20B1019BE268013B1344019320
:10052000206A019BC01A013802B010BD10B5044604
:1005300050182269236AD20702D5013B184010BD2A
:10054000984228BFC01AFAE710B504460A46C168A7
:10055000FFF7ECFF2369E06023F00803236110BD7F
:1005600038B50D46C2698B00016843F002030446AA
:1005700042F8213001682A46FFF7D8FFE368616836
:10058000984208BF2369206008BF43F008032A4649
:10059000204608BF2361FFF7C9FF606038BD2DE921
:1005A000F74FC768C6699B4616F82730044603F024
:1005B0000303022B884691464FF0000306EB870A9F
:1005C00009D01360CBF800302369990710D40020BC
:1005D00003B0BDE8F08F56F8271013608908CBF8F8
:1005E0000030F1D0FFF7B0FFE368A3600120EFE730
:1005F000A3695046984716F827300546DA07E6D52E
:1006000013F002031DD0B8F1000F03D0414620467D
:10061000FFF7A6FF61682A462046FFF787FFD4E967
:1006200002319942606004D12A462046FFF77EFFDE
:10063000A060A3682360E360236943F0080323619B
:10064000D4E7014620460193FFF77EFFE268A260EF
:10065000B8F1000F04D02168E269019B42F8213013
:1006600005EB0802CBF8002021682046FFF75EFF6B
:100670002369206043F00803236116F827306FF3E5
:10068000000306F82730C9F800A0AFE770B50446AC
:100690001546FFF74BFF2368834205D1236921608C
:1006A00023F00803236170BDE269AB0043F002034D
:1006B00042F8213061682A462046FFF737FF606024
:1006C000F1E738B5036904465B0706D5456AFFF7CD
:1006D0001CFF85422CBF6562606238BD38B50D468F
:1006E00004461C22002101F0CCFC0022EB68A3612F
:1006F000AB6863612B68E3616B68626223622A699D
:1007000023B1591E194208BF42F0010222610122A1
:1007100004F128000021BDE8384001F058BA2DE965
:10072000F04F002587B00093036A04468B420E46C3
:100730009246A9460395059539D3EFF3118B2023F3
:1007400083F31288BFF36F8F059AD8462AB12946E2
:100750002046FFF79BFF0023059304A92046FFF7DF
:10076000C1FE04990746B1422AD32268E3692046B4
:1007700013F8221003EB820921F0030103F8221081
:1007800021683246FFF7D2FEE3682060984212D01B
:10079000002788F31188BFF36F8F039929B162692D
:1007A0000AB12046904700230393002FC5D1484645
:1007B00007B0BDE8F08F236943F008032361E7E742
:1007C00018B12046FFF7CCFEE3E7009B5AEA03038B
:1007D00019D0019101F007FA0199A0B98BF31188A2
:1007E000BFF36F8F5246009B04F12800FEF7B2F969
:1007F000EFF31188202383F31288BFF36F8FB0FAD1
:1008000080F77F09C5E7204605AB03AA2568FFF7F7
:10081000C6FE0746BDE770B50446836908460D4627
:1008200098470246EFF31186202383F31288BFF323
:100830006F8F2B78204643F001032B706168FFF720
:1008400075FE60602046FFF73CFF86F31188BFF31A
:100850006F8F70BD2DE9F04104462027EFF311861C
:1008600087F31288BFF36F8F236913F0080FA36813
:1008700002D16268934200D9226AD21AE16932B980
:1008800086F31188BFF36F8F4FF0000833E011F843
:10089000232001EB830812F00300F1D0022803D1DA
:1008A00051F82350AD0805D1D00712D44046A369B2
:1008B00098470546A1682A462046FFF737FE294695
:1008C000A0602046FFF740FE86F31188BFF36F8FCC
:1008D000C4E742F0020201F82320A3694046A5685C
:1008E0009847294602462046FFF720FEA06086F37F
:1008F0001188BFF36F8F4046BDE8F081F8B504461C
:10090000836908460D4698470646EFF31187202372
:1009100083F31288BFF36F8F2B786FF300032B7074
:1009200023699B0705D5E268E36903EB82039D42D7
:100930001AD12B786FF341032B70D4E9023199421D
:1009400004D132462046FFF7F1FDA0603146204633
:10095000FFF7FAFD87F31188BFF36F8F04F12800CA
:10096000BDE8F840FEF7D2B82B6860F39F032B6018
:10097000F0E7EFF31181202383F31288BFF36F8F29
:10098000036913F0080F836802D14268934200D9CB
:10099000026AD31A81F31188BFF36F8F181E18BF34
:1009A00001207047038B13F0070305D10368002B68
:1009B0000CBF002003207047022B05D1408BB0FAFA
:1009C00080F0400980007047012B05D10368002B9F
:1009D0000CBF0020052070470020704710B50C4662
:1009E00000B111B96FF0150010BD081D00F093F8AB
:1009F0000028F9D1A368032BF6D9F3E72DE9F041DC
:100A00000D4607461946281D90461E4600F094F8EC
:100A1000044638B13346424629463846A446BDE826
:100A2000F0416047BDE8F08110B4EFF3118220245B
:100A300084F31288BFF36F8F416110BC0121F8F776
:100A40008BB938B50C46054658B151B10B6843B166
:100A50004B6833B11C22002101F013FB00202C61F4
:100A600038BD6FF01500FBE770B505460E46FFF781
:100A7000B5FF041E14DBEFF31182202383F31288E9
:100A8000BFF36F8F4FF6FF716B8B2C8B8B4204F093
:100A9000070407D182F31188BFF36F8F6FF00A0448
:100AA000204670BD022C0CD101336B8382F3118878
:100AB000BFF36F8F0023224631462846FFF79EFF83
:100AC000EEE7062C14D8DFE804F004131313041A1D
:100AD0000400002333606B683BB9C5E90066ACB91C
:100AE00002212846F8F738F9DAE71E606E60F6E76B
:100AF00082F31188BFF36F8F6FF00404D0E782F3A5
:100B00001188BFF36F8F6FF08504C9E782F31188F6
:100B1000BFF36F8FC4E7034658B1426802F0030287
:100B2000012A03D0032A04D1026812B10020986080
:100B300070476FF0150070474268034602F00302E9
:100B4000032A4FF00002816014BF104600685A600B
:100B50007047704703785B075FBF03684288C3F341
:100B60004A2303EB12105DBF173020F00700800806
:100B7000002070470020704700F0BEBB0346D3E85A
:100B8000EF0F421CC3E8E12F0029F8D170471FB5D1
:100B90000023CDE902011A4619461846CDE9003373
:100BA000F8F704FD05B05DF804FB0120F8F7B4BACE
:100BB0000020704770B5D2E901369B1B8B420C4672
:100BC00015460AD313680A460146981901F04CFAF3
:100BD0002046AB682344AB6070BD6FF01B00FBE7A1
:100BE00070B50E4615461946044618B9BDE8704062
:100BF000F8F792BA33B1C2F34A231030120D1844F9
:100C000001F032FAC4E900562046BDE87040F8F71A
:100C100015BC2DE9F3415F1C4FEA8708064608F131
:100C2000170020F0070080080C461546F8F7E0FA98
:100C300000238DF80470ADF805308DF8073068B1E9
:100C40000346019AA8F1040143F8102F2A462944CB
:100C500052F8045B8A4243F8045FF9D1002331461D
:100C6000A20102F4E07242EA482222F07F4222F41A
:100C7000700222F03F0202B0BDE8F041FFF7B0BFC2
:100C800007B50123019201AAFFF7C3FF03B05DF886
:100C900004FB07B5CDE9002302236A46FFF7B9FF3D
:100CA00003B05DF804FBF8B506460D4614461F4632
:100CB00004B9F8BD214628463A46B047241A0544EF
:100CC000F6E710B542680446D2E90023816800685F
:100CD000FFF7E9FF002263681A6010BD38B54B6862
:100CE00005461A68CB680C469A4202D10846FFF7BF
:100CF000E8FF6368D3E8EF2F511CC3E8E01F00282A
:100D0000F8D1A36800209D5438BD0A2838B50446A0
:100D10000D4602D10D20FFF7E1FF29462046FFF7DF
:100D2000DDFF002038BD2DE9F043054687B00846B9
:100D30000E8891F800900C46D1F808801746F8F715
:100D400085FC011EC6F38216C9F3C2091EDB4846A4
:100D5000F8F786FB0346214651F8102B6088C2F352
:100D60004A22002A01EB020408BF00210022C0F33E
:100D70000B10CDE90407CDE902142846414601963F
:100D80000092F8F78FFC07B0BDE8F0830023E2E79C
:100D9000436800201B685B681961704743681B68E3
:100DA0001A6852685360704701212DE9F041436889
:100DB0001B685A6811751D682F68D5E90136D3E99B
:100DC00000481CB96B681C60BDE8F08121463046C4
:100DD0004246B847241A0644F3E743681B6818687C
:100DE000F8F7CABD70B543680C461D686B68186992
:100DF000F8F76EF9214603460F222868BDE87040D7
:100E0000184701460068F8F71FBE08B5F8F778FEE6
:100E1000BDE80840F8F798BE0A460121FFF730BF49
:100E20007047704700210120F8F70EBE036E83F370
:100E30000B88704761B662B680F31188BFF36F8F7D
:100E4000704772B6002383F31188BFF36F8FBFF32F
:100E50004F8F30BF62B6BFF36F8F704772B60023FB
:100E600083F31188BFF36F8FBFF34F8F20BF80F3E1
:100E70001188BFF36F8F62B6704740E800F313F438
:100E8000803FD8B208BF6FF01500704730B50C68CE
:100E90004B6885B00A894D890094013B24F01F04FA
:100EA000234402F01F0242EA451223F01F03694661
:100EB0008DF808200393F9F783FA05B030BD08B523
:100EC000D1E904319847002008BD08B5F9F750FC76
:100ED000002008BD0C220369C9B201FB0233186C63
:100EE00000F00700704770B5C9B20369EFF31185D0
:100EF000202484F31288BFF36F8F0C2606FB013485
:100F0000246C14F0C00408D0A24206D085F31188E6
:100F1000BFF36F8F4FF0FF3070BD012271430B4460
:100F20001A6485F31188BFF36F8F43680B445B68C5
:100F300098470020F0E78022FFF7D5BFF8B5069F5D
:100F40000469C9B2EFF31186202585F31288BFF337
:100F50006F8F0C2569430C44256C05F0070CBCF120
:100F6000010F0BD1276486F31188BFF36F8FC4E99B
:100F70000E2343685B5898470020F8BD05F0C00574
:100F8000AF4286F31188BFF36F8F0CBF6FF077000D
:100F90004FF0FF30F1E713B580240094FFF7CEFF48
:100FA00002B010BD10B41C240069CBB203FB0400D6
:100FB000002110BC10470020FBF738BB002000F0D8
:100FC00026BA1046FDF7A2BD436800205B681B6986
:100FD0000B607047436802EA01005B6821EA020186
:100FE00098600020D9607047436800205B68996072
:100FF0007047436800205B68D960704743685A684F
:10100000536821EA03000B4090600020D3607047D2
:1010100010B503695868F8B1884219D19C6808680E
:10102000A142586000D19860002008602AB15A6837
:101030000A609A68596002B99960002010E0814204
:1010400006D10868206098688142EDD19C60EBE78A
:10105000044600680028F2D1002AE8D16FF015009C
:1010600010BD4368586A70472DE9FF41446802EBA0
:101070004202A37F606AA5694343DB000193012319
:10108000277F94F81DC00095CDF808D003930A443B
:10109000914232D1214651F8040B836802AA1D689F
:1010A0000023A8470546208DFEF7A4F8284604B083
:1010B000BDE8F081236A1B5C032B20D8DFE803F036
:1010C0000302191B0B78072005F1FF3E23FA00F8F5
:1010D00018F0010F0CBFE046B84601380EF8018F3A
:1010E000F4D208350136A37FF0B28342E2D803314F
:1010F000CEE74B78E7E78B78E5E70026F3E76FF07C
:101100001505D3E730B543681360057A446804EBEE
:10111000C504A34202D36FF0010030BD5C798C425C
:1011200001D00833F0E70020F7E743681B68D3F8E5
:101130008004C3F88004704742681368D3F8100134
:1011400050B10020D26912780A70C3F81001D3F8A8
:10115000102101221A6070474FF0FF30704702687B
:101160000346D2F8580140B95B68DB0706D4D2F8D1
:101170002001003818BF01207047012070474368E4
:101180001B68D3F80423D20517D5D3F82021A2B1C8
:10119000EFF31182202181F31288BFF36F8FD3F810
:1011A000201131B10021C3F82011D3F82011012101
:1011B000D96082F31188BFF36F8FD3F8583170472D
:1011C000FFF75EBD002201210B20F9F72BB810B507
:1011D0000B6813B91846136005E003685C681CB11E
:1011E00014600368186810BD083303600B68013B86
:1011F0000B60EDE713B501AA0446FFF783FF002853
:1012000005DB019B226819791868F9F77FFE02B0A7
:1012100010BD03460A4619790123006803FA01F15B
:1012200003691B68194218BF82F0010212B183687A
:10123000DB68184783681B69FBE710B50446006844
:10124000D0B18368C3B149B101210830FFF7E1FF94
:1012500023681869BDE8104000F002BC12B9838809
:10126000DB0409D4006900F0FBFB20680021BDE825
:1012700010400830FFF7CDBF10BD10B5012200218E
:101280000446FFF7DAFFA36933B9636004F1100085
:10129000BDE81040FDF73ABC10BD10B50069036809
:1012A0008B4206D190F85C4034B9FFF7E6FF204648
:1012B00010BD6FF01500FBE76FF00F00F8E738B5D1
:1012C00005690446296305F12000FDF71FFC002293
:1012D00085F85C2020691146BDE83840FFF7ADBFB6
:1012E000002200F150039B009BB203F1804303F501
:1012F000A8331A601B68704708B5FAF7BDFB08BD34
:1013000000F0AEBB00F06FBCFDF700BC4B1C70B52D
:10131000054617D021EAE1744FF4004640F2E73069
:1013200000214FF47A720023C4FB0601F6F70AFF8E
:1013300002460B462846FDF70DFC002818BF6FF04B
:101340000A0070BD4FF0FF321346F3E7FDF7A2BB72
:101350004B1C70B5054617D021EAE1744FF40046E6
:1013600040F2E73000214FF47A720023C4FB0601FB
:10137000F6F7E8FE02460B462846FDF713FB002869
:1013800018BF6FF00A0070BD4FF0FF321346F3E74D
:1013900003780BB1FAF782BE70470A460121FFF7C6
:1013A0006FBC00B589B006AB02930823039301AB71
:1013B000049304230791CDE9053004AA184602A935
:1013C000FBF736F80228019B09D003280AD060B940
:1013D000181E18BF0120404209B05DF804FB6FF0F1
:1013E0001500F9E76FF08500F6E74FF0FF30F3E7FF
:1013F000002070477047004700F032BB40F00040CB
:10140000C1F88000C2F880007047FBF79DB9FBF778
:1014100091B8F7B51646DDE90847019001A81D46C9
:10142000FBF798F9019BB6F1000C18BF4FF0010CC7
:1014300000EB83000B1E18BF0123002D43EA4C0371
:1014400014BF4FF00C0C4FF0000C002C43EA0C03BF
:1014500014BF4FF4E06C4FF0000C002F43EA0C0374
:1014600014BF4FF4403C4FF0000CD0F8002243EA88
:101470000C0322EA030301B109780EB13678760035
:1014800019430DB12D78AD0031430CB124782402FD
:1014900029430FB13F783F040C433C43C0F800425E
:1014A00003B0F0BD1FB50DF10F03019300238DF8BC
:1014B0000F101A4619460093FFF7ABFF05B05DF811
:1014C00004FB70B501F1080330F813301646DA0555
:1014D00004460D4609D5C3F3432300EBC30231464E
:1014E00050F83330526828469847A3682BB13146EC
:1014F0002846E268BDE87040184770BD10B5047911
:101500000A462046FBF784F948B111462046FBF70E
:1015100063F900B2800000F5807080B210BD4FF416
:10152000BE70FBE738B50579044628460A46FBF746
:101530006FF9C0B111462846FBF75AF998B1114628
:101540002846FBF749F9012322688340C2F8083393
:10155000226803B202EB8303D3F8102522F00302C2
:10156000C3F8102538BD0021BDE838401046FFF70C
:1015700099BFFBF745BAFFF7D5BFFFF7BFBF70B5FF
:101580000126A2F58074A40806FA04F4054614EABC
:10159000010008D0A85830B100213046A950AA58FF
:1015A0001A6822431A6070BD00232DE9F3410446F6
:1015B0000D460193904601AB4FF4A672FFF7DFFF93
:1015C0004FF4827229462046FFF7D9FF4FF48C7200
:1015D000074629462046FFF7D2FF064630B1B8F14C
:1015E000000F1DD017B13E46D4F83C354FF4887239
:1015F0002946204601ABFFF7C2FF30B1B8F1000F1A
:1016000003D016B90FB1D4F83C354FF49072294687
:10161000204601ABFFF7B3FF019802B0BDE8F081AF
:101620004646E3E7012370B504460D466426436150
:10163000002202212046FFF7B7FF20B90120FFF763
:10164000DBFE013EF4D100236B77C4F8003570BD9A
:10165000FBF7D6BF022904D0042906D0012900D106
:101660007047806808B1FAF7FBBC7047002210B5DC
:101670000468944200D110BD00EBC2014B680132F6
:1016800023F0FF0343F003034B60F2E70420FBF772
:10169000EFBC0420FBF7F4BC08B5FBF7B7FCBDE8D2
:1016A0000840FCF75DBF38B504460025031D2268DD
:1016B000AA4201D8002319E04FF00002D3E8CF0F6F
:1016C000032804D1C3E8CC2FBCF1000FF6D102D01F
:1016D00008330135EBE701EB851318464022002162
:1016E00000F0CFFC034604EBC504A060184638BDEB
:1016F0000830704770B506460D4621B9FBF7A4FFC8
:1017000090B9002070BD0846FAF7A2FC04460028F4
:10171000F7D03046FBF798FF38B92046FAF7A0FC1F
:101720000120FAF76BFCECE72C460661C56040F837
:10173000084FE7E740EA0141104640F8081DFBF773
:101740008FBFFBF787BFFAF783BC08B5FAF788FCB1
:10175000BDE808400120FAF751BC0429F8B5054658
:10176000174603D0102910D000240CE00820FAF707
:1017700061FC04460028F7D0002343600123478022
:1017800003802B6843602046F8BD1620FAF752FC10
:1017900004460028E8D0061D12220021304600F041
:1017A00070FC022323802B46678005F1100253F85A
:1017B000041B934246F8041BF9D1E4E737B5002532
:1017C000036804460093838F6846ADF80650ADF871
:1017D000043000F0C6F838B1A36B6846984794F817
:1017E0003E300BB1A563E56303B030BD00230B6051
:1017F000836813B9C0E901117047196081607047AF
:101800000069431E5842584170470069831E584280
:10181000584170474069B0F5817F05D040F21113FF
:10182000C31A5842584170470120704790F8200071
:10183000C0F3C0007047006C00F00100704790F8E2
:10184000200000F0010070470369012B05D1806979
:10185000A0F180035842584170470020704790F82B
:101860002000C0097047836933F0800314BF012052
:1018700000207047806B003818BF01207047406817
:10188000003818BF0120704790F82200003818BFB8
:101890000120704710B50446FFF7E5FF94F82010CB
:1018A000C1F3401340EA0302236982F00102012BD5
:1018B00014BF0123C1F38003D2B220461A40FFF7C0
:1018C000A9FF48B1C1F300112046FFF7BDFF0A4050
:1018D00080F00100104010BD0121F5E710B50C4665
:1018E000FCF7D8FA28B190F8203064F3861380F81A
:1018F000203010BD10B50C46FCF7CCFA28B190F89A
:10190000213064F3000380F8213010BD10B5044687
:101910004068FFF716FFE06808B1FAF793FB20462E
:10192000BDE81040FAF78EBB10B50446206800B938
:1019300010BD626803689042236008BF6360FFF7D0
:10194000E5FFF3E700F058B810B5044600F052F890
:1019500023684360A36983602046BDE8104000F01F
:101960004BB838B504460068FCF794FA054628B928
:101970000120E38843F02003E38038BDFFF75FFFD9
:101980000028F5D12846FFF76EFFF8B1E38843F051
:101990000803E380A388DA0707D52846FFF76FFF1F
:1019A000E8B1E38843F00103E380A3885B0707D530
:1019B0002846FFF76FFF18B1E38843F00403E38084
:1019C000B4F90600003818BF0120D6E72846FFF713
:1019D0003BFF0028DED0E38843F01003D9E7284618
:1019E000FFF752FF0028DCD12846FFF72DFF002823
:1019F000D7D1DAE7C06870474269C3681A60704798
:101A000070B504460E4600F025F80546206808B17A
:101A1000FFF797FE48F202039E4218D048F20903EE
:101A20009E4214D048F201039E420BD16B684BB129
:101A300004F1140204F1380152F8040B8A4243F80D
:101A4000040BF9D12046BDE8704000F005B8636989
:101A50006B60F7E7C06870470269C3681A60704737
:101A600008B1F8F7CFBE7047704740B1C3685878E7
:101A700010F001001EBF1878B0FA80F040097047DE
:101A8000EFF31183202383F31288BFF36F8FFEE7F8
:101A900010B5D0E9003433B90020E268537843F040
:101AA0000103537010BD204698470028F4D0002849
:101AB000B8BF4042FF28A8BFFF20E3681870ECE7DA
:101AC00000F0DFBA00F0D0BA704710B400F10C0497
:101AD000C0E9034410BCFEF748BC2DE9F04F0546B1
:101AE00089B0DDE9126791463B46324606A805916A
:101AF00005F1140A00F0A6F9DDE90634CDE9023457
:101B0000EFF311844FF0200888F31288BFF36F8F32
:101B100005F10C0B4A4628460599FEF7B2FB30B199
:101B200084F31188BFF36F8F09B0BDE8F08F3E4397
:101B3000F6D0DDE9022306A800F0A8F9DDE9066782
:101B40005A4621465046CDE90067FDF7C3F9EFF349
:101B5000118488F31288BFF36F8FDBE707B5CDE9F7
:101B600000230A460421FFF7B8FF03B05DF804FB29
:101B700038B50446EFF31185202383F31288BFF3B1
:101B80006F8FFEF735FB04F10C0000F00BF930B15C
:101B9000294604F11400BDE83840FDF70BBA85F37F
:101BA0001188BFF36F8F38BD202408B5EFF3118380
:101BB00084F31288BFF36F8FFFF743F9F6E790F9CC
:101BC0000E308B4201D0FDF7B1B9002070473AB119
:101BD0008A4205D3C0E90212C0E900000020704724
:101BE0006FF015007047EFF30580003818BF012033
:101BF00070476FF05700704700207047FDF7ECB951
:101C0000D0E9003213605A600023C0E90033704706
:101C100008B5FFF7F5FF437B23F00203437300236E
:101C2000836008BD38B504460D46FDF75DF8637B5B
:101C300043F002036373E5B1A5602B689D4209D1AF
:101C40006B68C4E900531C606C6012E06A689A42D9
:101C5000F6D01B68002BF3D094F90E2093F90E10E8
:101C60008A42F3D09142F1DD5A68C4E9003214602F
:101C70005C6038BD10B5EFF31184202383F3128824
:101C8000BFF36F8FFDF748F884F31188BFF36F8FB0
:101C900010BD10B50446183000F0B9F8EFF311810B
:101CA000202383F31288BFF36F8F627B12F0100240
:101CB00004D081F31188BFF36F8F10BD2046BDE8BB
:101CC0001040FDF75DB808B5EFF31181202282F3D3
:101CD0001288BFF36F8F83680BB1FFF799FF81F311
:101CE0001188BFF36F8F08BD38B50446EFF3118537
:101CF000202383F31288BFF36F8F437B13F0280FE9
:101D00000BD183680BB1FFF783FF637B51B903F0FD
:101D1000FB0320466373FCF7FFFF85F31188BFF3D5
:101D20006F8F38BD03F0EB03F3E701211838FFF79D
:101D3000DBBF08B50346EFF31181202282F312883E
:101D4000BFF36F8F0068834207D008B1FFF760FFD1
:101D500081F31188BFF36F8F08BD0020F8E738B515
:101D6000EFF31185202383F31288BFF36F8F04688C
:101D7000A0420DD034B12046FFF74AFF04F118000D
:101D800000F045F885F31188BFF36F8F204638BD0A
:101D90000024F7E710B5FFF796FFBDE810401830B4
:101DA00000F035B838B5054604680020AC4200D1D3
:101DB00038BD002CFCD02046FFF7ECFF2046FFF793
:101DC00059FF2C680120A542F1E7EFF31181202291
:101DD00082F31288BFF36F8F027BD2070CD581F399
:101DE0001188BFF36F8F002383F31188BFF36F8FC8
:101DF0000423184602DF7047437B1B0704D581F399
:101E00001188BFF36F8F70470122FCF7B9BF10B57F
:101E1000EFF31184202282F31288BFF36F8F0368DF
:101E20003BB1FDF7B5FA002084F31188BFF36F8F43
:101E300010BD6FF01500F7E708B5FDF7C7FB08BD4B
:101E4000FDF7C4BBB3F1FF3F08BFB2F1FF3F70B570
:101E500004461D46164613D01A4315D06FF00102F2
:101E60004FF0FF33921B63EB0501002904DAFDF705
:101E7000ADFB821941EB0501C4E90021204670BD8C
:101E80004FF0FF321146F7E70022FBE7B3F1FF3FC7
:101E900008BFB2F1FF3FF8B5074616461C4610D002
:101EA00054EA020311D0FDF791FBB0420A46A1416A
:101EB00003460AD2F31A64EB0204C7E90034384639
:101EC000F8BD4FF0FF331C46F7E70023FBE7002384
:101ED000C0E9081200F11802C0E90622C0E9003387
:101EE00003634363704710B50446FFF790FFA8B93A
:101EF000636A0BB12046984704F11800FFF719FFF9
:101F000060B1FFF7B7FEEFF31180202383F312884F
:101F1000BFF36F8FBDE81040FDF77CB810BD30B542
:101F20000A440546914201D100200FE015F8013B1B
:101F300011F8014BA3F141001928A4F1410098BF09
:101F40002033192803D82034181BEBD030BD181BC0
:101F5000FCD1002CE6D1F9E710B50139044632B1C5
:101F600011F8013F013A00F8013B002BF7D10021A5
:101F700000F087F8204610BD0246014410B58A42A1
:101F8000134603D01C780132002CF8D1181A10BD6A
:101F90000A7870B56AB970BD9A4209D10C460546F7
:101FA00014F8013F002BF6D015F8016F9E42F7D0D0
:101FB00001300378002BEFD11846ECE7F0B5C3F100
:101FC0003707044603F01F031046FFB2082BE6B2A2
:101FD00032D0102B3DD06508A40845EAC17544EA0B
:101FE00081748A082D1942EB5102290941EA0271D4
:101FF0006D1842EB1212290A41EA02616D1842EB98
:102000001222290C41EA02416D1842EB1242AD182E
:1020100042F10002EC0844EA4274D10804EB840265
:10202000A6EB4205EDB2092D0CD90134A5F10A0544
:1020300041F10001EDB212E0E40806F0070544EAC0
:102040004174C908303554EA010200F8015BBDD182
:10205000F0BD240906F00F0544EA01740909092DB1
:1020600084BFED19EDB2EDE70A44431E914200D161
:10207000704710B511F8014B914203F8014FF9D1A7
:1020800010BD02440346934200D1704703F8011B80
:10209000F9E7D1E9043293421EBF5A1C0A61187055
:1020A00070470000014800687047000048CE0020DB
:1020B000C860FF7F01000000F5A7000000000000DD
:1020C00005C1000000000000C1A800002821010097
:1020D00081E900000000000075AB00003C21010018
:1020E0003DB100005021010025AB000000000000C0
:1020F000E1BB000000000000D98F000000000000DC
:10210000F9BD000000000000D1A7000000000000A1
:10211000F11301000000000059B200006421010029
:1021200069AE00007821010073300100082501002C
:102130002025010004C7002084CE00209830010033
:102140003C2501005425010006C70020D8CE002000
:1021500043310100B0250100F42501000AC7002029
:10216000E4CE00201933010000260100742601008E
:102170000CC70020A0C50020053101007825010012
:10218000A425010008C70020000000000000000096
:10219000250E010000000000250E010000000000D7
:1021A000250E010000000000250E010000000000C7
:1021B000250E0100E5C60000F71301000000000035
:1021C000250E010000000000250E01005021010035
:1021D0007F11010000000000250E0100000000003A
:1021E000250E010089D50000F71301000000000052
:1021F000250E010000000000250E01000000000077
:10220000250E010000000000250E01000000000066
:10221000250E010000000000250E01000000000056
:10222000250E010000000000250E01000000000046
:10223000250E01000000000071BC0000000000003D
:10224000250E010000000000250E01000000000026
:10225000250E010000000000250E01000000000016
:10226000250E010000000000250E01000000000006
:10227000250E010000000000250E010000000000F6
:10228000250E010000000000250E010000000000E6
:10229000250E010000000000250E010000000000D6
:1022A000250E010000000000250E010000000000C6
:1022B000250E010000000000250E010000000000B6
:1022C000250E010000000000250E010000000000A6
:1022D000250E010000000000250E010091D0000035
:1022E000F713010000000000250E010000000000AF
:1022F000250E010000000000250E01000000000076
:10230000250E010000000000250E01000000000065
:10231000250E010091CF0000F7130100000000001E
:10232000250E010000000000250E01000000000045
:10233000250E010000000000250E01000000000035
:10234000250E010000000000250E01000000000025
:10235000250E010000000000250E01000000000015
:10236000250E010000000000250E01000000000005
:10237000250E010000000000250E010000000000F5
:10238000250E010000000000250E010000000000E5
:10239000250E0100342A0100030000008A300100EC
:1023A000030000004D2A010003000000512A010033
:1023B00003000000762B0100030000008C290100BF
:1023C000040000007833010003000000F02F01003A
:1023D000030000003033010003000000413601001B
:1023E000030000006F3001000300000022330100F1
:1023F000030000004D310100030000000E31010018
:1024000004000000AC24010088C50020652B0100F9
:1024100001000000FFFFFFFFFFFFFFFFFFFFFFFFC7
:1024200000000000000000000000000000000000AC
:102430000338FDD8704700003C2101001A0000005D
:102440003C2101001D00000008C800200001000020
:10245000AB0B0100550B010002000000270D01002D
:10246000000000000000000000000000000000006C
:10247000452B01004D2B0100000000000000000072
:1024800000000000552B0100592B01005D2B0100BD
:10249000612B01009C24010024CE0020FD99000046
:1024A0003CCE0020CED4002001000000E50D01004C
:1024B000DB0D0100A90D01009D0D010000000000D1
:1024C000910D01000000000080C500200000000008
:1024D0000600010002000000DC24010000000000F2
:1024E0006030010006000000E0FF0F0068C500201A
:1024F0006830010021000000E0FF032049A800002F
:1025000019A800000000000099A900008DA8000093
:102510007E300100B70F0100BD0F010084300100C3
:1025200019A90000370F0100970F010000000000FB
:10253000D50E01000000000000000000FFFFFFFFBB
:10254000002584400000000000000000001003404F
:1025500001000000F9AB0000C90F0100D50F010018
:10256000E90F0100F30F0100FD0F010075AD000040
:1025700011100100000000006421010000093D006D
:10258000000100003C2101000A00010000000000E1
:10259000D0D4002070400300193101001000000069
:1025A0000800000069100100000000006310010035
:1025B000008000400100000000000000D025010064
:1025C0000000D6010000000051D6002050D60020A7
:1025D00000800040DC25010001000000E42501002E
:1025E000040000001B0000000E0000021A0600019B
:1025F0000F0600033911010089B000002B11010002
:1026000000B000400000000000127A00000000004E
:102610000000000000000000FFFFFFFF0000FF00BF
:10262000000000000000000101000000C5110100D1
:10263000FF1F000044260100FFFFFFFF0000000015
:102640000000000000B00040502601000100000022
:1026500058260100030000000D1800040C180006A5
:10266000091800053C2101000A0001003C2101007D
:102670001400010011B500009B120100D1DD000023
:1026800061DF000000000000011A0100C5E3000046
:10269000FDE400004C3501005135010059350100C1
:1026A00065350100000000000C000000690000001A
:1026B0000B00000072000000800000001600000007
:1026C00070000000780000007F0000008000000023
:1026D0007100000068000000160000007400000097
:1026E0007300000073000000710000008C00000007
:1026F0007A0000000D0000000B0000000B0000003D
:1027000076000000ADBAADBAADBAADBAADBAADBAE9
:10271000ADBAADBAADBAADBAADBAADBAADBAADBA81
:10272000ADBAADBAADBAADBAADBAADBAADBAADBA71
:10273000ADBAADBAADBAADBAADBAADBAADBAADBA61
:10274000ADBAADBAADBAADBAADBAADBAADBAADBA51
:10275000ADBAADBAADBAADBAADBAADBAADBAADBA41
:10276000ADBAADBAADBAADBAADBAADBAADBAADBA31
:10277000ADBAADBAADBAADBAADBAADBAADBAADBA21
:10278000ADBAADBAADBAADBAADBAADBAADBAADBA11
:10279000ADBAADBAADBAADBAADBAADBAADBAADBA01
:1027A000ADBAADBAADBAADBAADBAADBAADBAADBAF1
:1027B000ADBAADBAADBAADBAADBAADBAADBAADBAE1
:1027C000ADBAADBAADBAADBAADBAADBAADBAADBAD1
:1027D000ADBAADBAADBAADBAADBAADBAADBAADBAC1
:1027E000ADBAADBAADBAADBAADBAADBAADBAADBAB1
:1027F000ADBAADBAADBAADBAADBAADBAADBAADBAA1
:10280000ADBAADBAADBAADBAADBAADBAADBAADBA90
:10281000ADBAADBAADBAADBAADBAADBAADBAADBA80
:10282000ADBAADBAADBAADBAADBAADBAADBAADBA70
:10283000ADBAADBA6F0000006F0000006F0000007D
:102840006F0000006F0000006F0000006F000000CC
:102850000B0000007A000000470000000B000000A1
:102860000B0000005F000000F73501000536010095
:10287000193601002836010034360100B820010065
:10288000B8200100F0200100F820010028210100FB
:1028900028210100EAFF7AFFF4FF626F6F73742052
:1028A00035762070696E206E6F7420726561647970
:1028B000004572726F7220636F6E66696775726928
:1028C0006E6720626F6F7374203576202865727290
:1028D0002025642900626F6F737420337633207073
:1028E000696E206E6F742072656164790045727242
:1028F0006F7220636F6E6669677572696E672062BA
:102900006F6F7374203376332028657272202564CC
:102910002900466F756E64204C45442073747269BB
:10292000702064657669636520257300446973705F
:102930006C6179696E67207061747465726E206F66
:102940006E207374726970004C4544207374726910
:102950007020646576696365202573206973206E35
:102960006F7420726561647900636F756C646E27A3
:1029700074207570646174652073747269703A2094
:102980002564000F0000000F0000000F6D61696EEC
:102990000028756E7369676E6564292063686172CB
:1029A000202A207573656420666F722025257020AB
:1029B000617267756D656E742E204974277320727D
:1029C00065636F6D6D656E64656420746F2063610F
:1029D000737420697420746F20766F6964202A20D4
:1029E00062656361757365206974206D6179206328
:1029F00061757365206D69736265686176696F7270
:102A000020696E206365727461696E20636F6E6603
:102A1000696775726174696F6E732E205374726981
:102A20006E673A2225732220617267756D656E7438
:102A30003A25640063627072696E74665F706163E8
:102A40006B616765006C6F6767696E67006C6F67C5
:102A5000006C6F675F6D676D74004D6573736167C0
:102A600065202822257322292064726F70706564A6
:102A7000206265636175736520697420657863659C
:102A80006564732073697A65206C696D697461741B
:102A9000696F6E2028257529004D65737361676520
:102AA0002064726F70706564206265636175736520
:102AB00020697420657863656564732073697A653D
:102AC000206C696D69746174696F6E2028257529A1
:102AD000001B5B306D00257320005B2530386C7562
:102AE0005D20005B253032753A253032753A25304D
:102AF00032752E253033752C253033755D20002539
:102B0000732F003C25733E200025733A20002530AA
:102B100032782000202020007C00256300206D6595
:102B20007373616765732064726F70706564202DC4
:102B30002D2D0D0A1B5B306D001B5B313B33316D5E
:102B40002D2D2D20001B5B313B33316D001B5B3184
:102B50003B33336D006572720077726E00696E668A
:102B600000646267006C6F675F6261636B656E64CF
:102B70005F75617274006C6F675F75617274002AB3
:102B80002A2A20426F6F74696E67206E5246204376
:102B90006F6E6E6563742053444B2076322E382E50
:102BA000302D613233383662666338343031202A52
:102BB0002A2A0A002A2A2A205573696E67205A6534
:102BC00070687972204F532076332E372E39392D85
:102BD000306263333339336662313132202A2A2A34
:102BE0000A0072302F61313A202030782530387851
:102BF000202072312F61323A202030782530387809
:102C0000202072322F61333A2020307825303878F6
:102C10000072332F61343A20203078253038782004
:102C20007231322F69703A20203078253038782080
:102C30007231342F6C723A20203078253038780089
:102C400020787073723A202030782530387800462A
:102C500061756C74696E6720696E737472756374E4
:102C6000696F6E20616464726573732028723135F8
:102C70002F7063293A2030782530387800556E68F7
:102C8000616E646C6564204952516E3A202564007F
:102C90002A2A2A2A2A204D5055204641554C542094
:102CA0002A2A2A2A2A002020537461636B696E67DE
:102CB000206572726F722028636F6E74657874205D
:102CC00061726561206D69676874206265206E6F4E
:102CD000742076616C696429002020556E737461DC
:102CE000636B696E67206572726F720020204461A9
:102CF0007461204163636573732056696F6C6174FE
:102D0000696F6E0020204D4D46415220416464722F
:102D10006573733A2030782578002020496E7374EB
:102D200072756374696F6E204163636573732056B7
:102D3000696F6C6174696F6E002020466C6F6174FE
:102D4000696E672D706F696E74206C617A7920737B
:102D50007461746520707265736572766174696FF1
:102D60006E206572726F72002A2A2A2A2A20555311
:102D7000414745204641554C54202A2A2A2A2A00F8
:102D800020204469766973696F6E206279207A65C4
:102D9000726F002020556E616C69676E6564206DEE
:102DA000656D6F72792061636365737300202053D2
:102DB0007461636B206F766572666C6F7720286331
:102DC0006F6E746578742061726561206E6F742017
:102DD00076616C6964290020204E6F20636F7072E9
:102DE0006F636573736F7220696E73747275637449
:102DF000696F6E73002020496C6C6567616C206C94
:102E00006F6164206F66204558435F5245545552A8
:102E10004E20696E746F205043002020496C6C6511
:102E200067616C20757365206F6620746865204546
:102E3000505352002020417474656D707420746F7B
:102E4000206578656375746520756E646566696E66
:102E5000656420696E737472756374696F6E002A9D
:102E60002A2A2A2A20425553204641554C54202ACA
:102E70002A2A2A2A002020537461636B696E672016
:102E80006572726F720020205072656369736520ED
:102E90006461746120627573206572726F720020C4
:102EA000204246415220416464726573733A203077
:102EB000782578002020496D7072656369736520FC
:102EC0006461746120627573206572726F72002094
:102ED00020496E737472756374696F6E20627573C6
:102EE000206572726F720052657365727665642038
:102EF000457863657074696F6E2028005370757231
:102F0000696F757320696E746572727570742028AC
:102F10004952512000457863657074696F6E206F67
:102F20006363757272656420696E205365637572A0
:102F300065205374617465002A2A2A2A2A20484190
:102F40005244204641554C54202A2A2A2A2A00203D
:102F500020427573206661756C74206F6E207665F3
:102F600063746F72207461626C65207265616400C5
:102F700020204465627567206576656E74002020A8
:102F80004661756C7420657363616C6174696F6E02
:102F900020287365652062656C6F77290041524374
:102FA000485F4558434550542077697468207265DE
:102FB00061736F6E2025780A002A2A2A2A2A204463
:102FC00065627567206D6F6E69746F7220657863D6
:102FD000657074696F6E202A2A2A2A2A002A2A2AF2
:102FE0002A2A20257320256429202A2A2A2A2A0011
:102FF0006D7075004661696C656420746F20616C4A
:103000006C6F63617465206E6577204D505520723A
:103010006567696F6E2025750A0050617274697466
:10302000696F6E2025753A2073616E69747920632B
:103030006865636B206661696C65642E00496E7615
:10304000616C696420756E6465726C79696E672065
:10305000726567696F6E20696E64657820257500FA
:10306000464C4153485F30005352414D5F3000732E
:103070006F6300636C6F636B40353030300068669F
:10308000636C6B006C66636C6B00636C6F636B5F8F
:10309000636F6E74726F6C006770696F40383432A2
:1030A00035303000535049206465766963652025CA
:1030B00073206E6F742072656164790025733A2005
:1030C000696E76616C6964206368616E6E656C2000
:1030D000746F20636F6C6F72206D617070696E67C2
:1030E0002E436865636B2074686520636F6C6F7234
:1030F0002D6D617070696E672044542070726F701E
:1031000065727479007773323831324030007773EA
:10311000323831325F73706900020103000102032B
:10312000040506074661696C656420746F20616C54
:103130006C6F6361746520505049204368616E6E06
:10314000656C0075617274403830303000756172A2
:10315000745F6E7266785F7561727465004661694E
:103160006C656420746F20616C6C6F6361746520A2
:103170004750494F5445206368616E6E656C206608
:103180006F722057414B45004661696C656420743D
:103190006F20636F6E6669677572652057414B4596
:1031A0002070696E004353204750494F20706F7262
:1031B000742025732070696E202564206973206E49
:1031C0006F74207265616479005570646174652064
:1031D000657863656564732063757272656E7420CB
:1031E0006275666665720048616C662D6475706C08
:1031F0006578206E6F7420737570706F727465647B
:1032000000536C617665206D6F6465206973206E74
:103210006F7420737570706F72746564206F6E20A8
:103220002573004C6F6F706261636B206D6F646516
:10323000206973206E6F7420737570706F7274657F
:103240006400576F72642073697A6573206F7468C5
:103250006572207468616E20382062697473206121
:103260007265206E6F7420737570706F7274656410
:10327000004672657175656E63696573206C6F7762
:103280006572207468616E20313235206B487A2077
:10329000617265206E6F7420737570706F727465E3
:1032A00064004661696C656420746F20696E69749E
:1032B00069616C697A65206E7266782064726976DD
:1032C00065723A20253038780057616974696E67F5
:1032D00020666F722057414B452061636B6E6F779C
:1032E0006C6564676D656E742074696D6564206FCC
:1032F00075740054696D656F7574207761697469C0
:103300006E6720666F72207472616E7366657220DC
:10331000636F6D706C657465007370694062303006
:1033200030007370695F6E7266785F7370696D00EC
:103330006E72665F6D6F64656D004661696C656491
:1033400020746F2073657420636F6E666967757291
:103350006174696F6E20286572723A2025642900B5
:1033600041542558434F4558303D312C312C31358F
:1033700036352C31353836006D6F64656D5F616EA2
:1033800074656E6E610054462D4D206E6F6E2D7308
:1033900065637572652063616C6C6261636B206943
:1033A0006E697469616C697A6174696F6E206661B7
:1033B000696C65642C206572726F723A2025640016
:1033C0002A2A2A2A2A205345435552452046415548
:1033D0004C54202A2A2A2A2A00202041646472653B
:1033E00073733A2030782578002020496E76616C1E
:1033F000696420656E74727920706F696E74002044
:1034000020496E76616C696420696E7465677269C3
:103410007479207369676E61747572650020204944
:103420006E76616C696420657863657074696F6E2F
:103430002072657475726E00202041747472696226
:103440007574696F6E20756E69742076696F6C6132
:1034500074696F6E002020496E76616C6964207417
:1034600072616E736974696F6E0020204C617A79A5
:10347000207374617465207072657365727661740F
:10348000696F6E0020204C617A79207374617465D5
:10349000206572726F72002A2A2A2A2A20535055F8
:1034A00020494E54455252555054202A2A2A2A2A3D
:1034B00000202053656375726974792076696F6C9A
:1034C0006174696F6E20666F722074686520666C27
:1034D000617368206D656D6F7279207370616365CB
:1034E00000202053656375726974792076696F6C6A
:1034F0006174696F6E20666F722074686520524136
:103500004D206D656D6F7279207370616365002069
:103510002053656375726974792076696F6C617484
:10352000696F6E206F6E206F6E65206F72207365FD
:10353000766572616C207065726970686572616C25
:10354000732E0041542B4346554E3D004F4B0D0A00
:10355000004552524F520D0A002B434D4520455213
:10356000524F523A002B434D53204552524F523A3C
:103570000048616C74696E672073797374656D00BF
:10358000556E6B6E6F776E206572726F7200756E1E
:103590006B6E6F776E003E3E3E205A455048595242
:1035A00020464154414C204552524F522025643A06
:1035B000202573206F6E20435055202564004661FE
:1035C000756C7420647572696E6720696E746572BB
:1035D000727570742068616E646C696E670A00436E
:1035E000757272656E74207468726561643A202524
:1035F0007020282573290043505520657863657035
:1036000074696F6E00556E68616E646C65642069E4
:103610006E7465727275707400537461636B206FA1
:10362000766572666C6F77004B65726E656C206FA5
:103630006F7073004B65726E656C2070616E6963AC
:10364000006F7300286E756C6C29002A666C6F61C0
:10365000742A000091C0000000000000C9C00000F2
:1036600000000000FFFFFFFFFFFFFFFFFFFFFFFF66
:10367000FFFFFFFFFFFFFFFFFFFFFFFFC70401008A
:10368000750B010094240100000000000000000000
:10369000CB0E010000000000000000000000000050
:1036A000000000006426010002000000B0C50020F8
:1036B000B0C500200000000001000000C0C50020CF
:1036C000C0C5002000000000010000000000000054
:1036D00000000000000000000000000000000000EA
:1036E00000000000000000000000000000000000DA
:1036F0006421010000000000000000005AD60020F4
:1037000052D60020FFFF0000000000000000000073
:1037100000000000000000000000000000000000A9
:103720000000000000000000000000000000000099
:103730000000000000000000000000000000000089
:103740000000000000000000000000000000000079
:10375000000000000000000008000000FF00000062
:103760000000000001000000000000000000000058
:103770000000000000000000000000000000000049
:103780000000000000000000000000000000000039
:103790000000000000000000000000000000000029
:1037A0000000000000000000000000000000000019
:1037B0000000000000000000000000000800000001
:1037C000FF000000000000000100000000000000F9
:1037D0006DD800006DD6000091D8000079D60000A9
:1037E00075DB0000FDD800003DDB000099160100EC
:1037F000931601008D160100FCC60020FCC60020B7
:1038000000000000000000000000FFFF00000000BA
:1038100000000000000000000000000000000000A8
:103820000000000000000000000000000000000098
:103830000000000000000000000000000000000088
:10384000000000000000000000000000B0E60020C2
:1038500000020000000000000000000060C700201F
:1038600060C7002000000000000000000E00000003
:1038700074C7002074C70020000000000100000091
:0438800015E015E05A
:00000001FF
