:10800000B0E60020E19F00000B0E0100CD9F0000B4
:10801000CD9F0000CD9F0000CD9F0000CD9F0000B0
:10802000000000000000000000000000A5A100000A
:10803000CD9F0000000000005DA10000CD9F00006A
:1080400031A3000031A3000031A3000031A30000E0
:1080500031A3000031A3000031A3000031A30000D0
:1080600031A3000031A3000031A3000031A30000C0
:1080700031A3000031A3000031A3000031A30000B0
:1080800031A3000031A3000031A3000031A30000A0
:1080900031A3000031A3000031A3000031A3000090
:1080A00031A3000031A3000031A3000031A3000080
:1080B00031A3000031A3000031A3000031A3000070
:1080C00031A3000031A3000031A3000031A3000060
:1080D00031A3000031A3000031A3000031A3000050
:1080E00031A3000031A3000031A3000031A3000040
:1080F00031A3000031A3000031A3000031A3000030
:1081000031A3000031A3000031A3000031A300001F
:1081100031A3000031A3000031A3000031A300000F
:1081200031A3000031A3000031A3000031A30000FF
:1081300031A3000031A3000031A3000031A30000EF
:0481400031A3000067
:1081440053B94AB9002908BF00281CBF4FF0FF31BA
:108154004FF0FF3000F00CB8ADF1080C6DE904CE1F
:1081640000F008F8DDF804E0DDE9022304B070470C
:10817400704700BF2DE9F04786468C460846089EA6
:10818400154674461946002B40F0C1808542B2FA68
:1081940082F245D94AB1C2F1200300FA02FC9540AB
:1081A40094402EFA03F343EA0C0C4FEA154EA8B29E
:1081B400230CBCFBFEF80EFB18CC08FB00F943EAC9
:1081C4000C43994528D9EB1808F1FF3704D2994597
:1081D40002D9A8F102072B44A3EB0903A4B2B3FB11
:1081E400FEFC0EFB1C330CFB00F044EA0344A042EB
:1081F40014D92C190CF1FF3304D2A04202D9ACF1EA
:1082040002032C44241A43EA07401EB1D44000233D
:1082140034607360BDE8F0874746DDE76346F1E705
:1082240092BB431B01214FEA154EAFB2200CB3FBA6
:10823400FEFC0EFB1C330CFB07F840EA0343984595
:1082440061D9EB180CF1FF3004D2984502D9ACF196
:1082540002002B44A3EB0803A4B2B3FBFEFC0EFB09
:108264001C330CFB07F744EA0344A7424DD92C19ED
:108274000CF1FF3304D2A74202D9ACF102032C441F
:10828400E41B43EA0040C0E7C2F120039540944058
:1082940020FA03F12EFA03F34FEA154E9040AFB2E1
:1082A4000343B1FBFEFC0EFB1C10190C0CFB07F87E
:1082B40041EA0041884522D969180CF1FF3004D203
:1082C400884502D9ACF102002944A1EB08019BB214
:1082D400B1FBFEFC0EFB1C110CFB07F743EA014348
:1082E4009F420ED9EB180CF1FF3104D29F4202D900
:1082F400ACF102012B44DB1B41EA004193E76046E9
:10830400E3E76146F7E76046A4E76346B8E78342DC
:1083140006D916B9002108467CE7C6E900E0F9E76A
:10832400B3FA83F78FB9834201D3724508D8BEEB01
:10833400020460EB030301209C461EB9002169E797
:108344003846FAE7C6E9004CF8E7C7F1200CBB4011
:108354000EFA07F522FA0CF42EFA0CF1BA401C437B
:1083640020FA0CF3B8404FEA144901431FFA84FE83
:10837400B3FBF9F809FB18300B0C08FB0EFA43EABF
:1083840000439A4540D9E31808F1FF3004D29A45D6
:1083940002D9A8F102002344A3EB0A0389B2B3FB78
:1083A400F9F809FB183308FB0EFE41EA03418E4538
:1083B4002CD9611808F1FF3304D28E4502D9A8F1F3
:1083C4000203214443EA0040A1EB0E01A0FB029802
:1083D4004145CE46434602D306D14D4504D2013829
:1083E400B9EB020E68EB0403002EA7D0B5EB0E0226
:1083F40061EB030101FA0CFC22FA07F3F9404CEAA1
:108404000303C6E9003199E74046C5E74346D9E787
:10841400034613F8012B002AFBD1181A01387047C0
:108424002DE9F04F83B000AF514809F01CFB20B98F
:108434000121504A504808F021FC504807F017FD2C
:10844400031E04DA01214E4A4B4808F020FC484838
:1084540009F009FB20B901214A4A474808F00EFCFB
:10846400494807F004FD031E04DA0121474A424843
:1084740008F00DFC414807F014FD434807F011FDD6
:10848400434D284609F0EFFA2B680446002859D0DA
:108494006C4688B06A463F49C2E905134FF400733D
:1084A40093833D4B42F8103F00234FF4E65132488A
:1084B40000F0F6FFA5460321384A2F4808F0DEFBFA
:1084C4000024DFF8DCB0DFF8DCA04FF0000904EB97
:1084D4004408344ED84430220021504609F0CFFDE0
:1084E400B8F80030338098F80230B370AB687B6022
:1084F4009B6803BB7B6810221B685146244898473D
:10850400034620B10121284A1B4808F0C0FB40F271
:108514006760002109F1010906F04CFEB9F1100F62
:1085240006F10306D7D103230134B4FBF3F303EBC1
:108534004303E41AC9E7164898470F28DAD86FF0BE
:108544002103DFE788B06A461849C2E905134FF4EE
:1085540000739383104B42F8103F4FF4E2510346EB
:10856400054800F09DFF20460C37BD46BDE8F08F5E
:108574003C2101009A280100BC2301004024010091
:10858400B1280100D528010038240100ED2801009C
:108594007821010012290100030000012C290100A7
:1085A400832901009CD40020692901004829010085
:1085B4002DE9F04F91B0009302F004030293C2F34B
:1085C400C2030133840705460E46DDF86890039222
:1085D400059340F0BB81041D30B1072909D86FF021
:1085E4001B0011B0BDE8F08F01F00706341DC6F181
:1085F4000806009B4FF000084FF0040A591E4FF084
:10860400FF3347460193C3465346CDF810800DB15E
:10861400009A22600598002800F3E8809848009AA0
:10862400824203D397488242C0F0E080039AA4EBCD
:10863400050E92074FEA9E0000F103810F2F00F20E
:10864400B180002D00F0058107F140020DEB020C12
:10865400019A0CF8200C0CF8102C049801300490AA
:10866400E7E07A285DD84B280ED8472859D829281E
:108674002DD8252852D054D820287AD02338D0F1A8
:10868400000B4BEB000B74E04C382E2849D8DFE884
:1086940000F07048484848484848484848484B48CB
:1086A4004848484848484859484B4B595959704BD1
:1086B4006D487048184B184848827F4B48484B48CF
:1086C4007F0000204FF0000B4FF0040A38E0012235
:1086D4002A38C0B202FA00F010EA0E0F49D110F0A5
:1086E400625C2FD110EA020B43D06046013C544433
:1086F400B4FBFAF40AFB04F4002D61D0A3EB050CDF
:10870400A444B4453FF66BAF002868D1042B47D18D
:1087140059F8043B2360042304342AE0019A013A03
:1087240001924FF0000B24E011F8010C6C2834D1B5
:10873400002011F8023C83466C2BC5D14FF0080A87
:108744005346D3E709F1070929F00709073424F050
:108754000704F9E802AB35B106982044B0423FF66D
:108764003EAFC4E900AB4FF0000B08344FF0080AE9
:10877400534611F8010F002878D0BBF1000F7FF4A5
:1087840070AF2528F5D14FF0010B019B0133019304
:108794004FF0040AECE7584694E700208346A5E727
:1087A400082B02D06FF015001BE709F1070929F027
:1087B4000709F9E80223C4E9002308230834D8E7A9
:1087C40068B9042B02D109F10409A4E7082BE9D103
:1087D40009F1070929F0070909F10809EDE7059AE4
:1087E400013A059259F8042B009210E7039A900776
:1087F40020D54FF0010CA4EB050E4FEA9E00BEF508
:10880400007FCFD20F2FCDD8F5B107F140020DEB89
:10881400020E019AC0B20EF8200C0EF8102CBCF116
:10882400000F3FF41AAF60F07F000EF8200C08F13F
:1088340001080137C5F108024FF6DA7E04340692C6
:1088440097E74FF0000CDAE7BCF1000F01D00136D6
:10885400EFE7029802360028EBD10098CDE9063103
:10886400FFF7D6FDDDE906310644E2E7631BB3F505
:10887400806F97D245B9A6F10804E018B1E600BFAD
:10888400B820010064360100029A9B0828602B700E
:108894009DF81030C2B1EB7085F80280B8F1000F7A
:1088A40005D0002208A8C5F1010C97420ED14FF063
:1088B400000AC5F101030DF1200901930DF1300BFC
:1088C400574512D1601B8CE66B70E5E710F8013B4D
:1088D400190608D504EB0C0EB64503F07F033FF6EA
:1088E4007EAE04F8013B0132DFE7B8F1000F03D09C
:1088F40099F90020002A17DB029BD3B11AF80B2048
:1089040004F8012B0022019B98182044B0423FF642
:1089140066AE99F80000009904F8010B2046039212
:1089240009F0A0FB039A14440AF1010A09F10109B0
:10893400C6E799F8002055F822300093029B00986E
:1089440045F82230FFF764FD421CDCE76FF00D00B0
:1089540047E600BF2DE9F04F97B000AFD7F880B0DD
:108964003B62CBF3C0030446894690F802A0FA6246
:10897400BB6141B9457800780AEB800020444D453D
:1089840017D8A0EB0409E378FB61BAF1000F02D019
:108994001BF0010F16D1FB6953BBFB6A1BB149469F
:1089A40020463A6A98474D4628465C37BD46BDE89E
:1089B400F08F461C3046FFF72BFD0130304409F19F
:1089C4000109DCE7626823787A62FA6A99007961BE
:1089D40004EB8301002A40F001810E464FF00008A9
:1089E4004D4601EB0A094E454CD101EB0A0610E055
:1089F4001BF0020FD1D023789A007A61626804EBED
:108A040083017A62FA6A002A77D14D46904601EBD7
:108A14000A061BF0050F0CBF02230123FB62FB694E
:108A240006EB430A0BF00203BB625645BCD016F8B2
:108A3400021B16F8013C54F82390AF4B994502D31E
:108A4400AE4B994536D3BB69002B40D0786A07F00A
:108A540013FD00283BD0E9468AB06A46A84B53610F
:108A64007B6AC2E906314FF400731384A54B42F8C4
:108A7400103F00234FF41251A34800F011FD023DB2
:108A8400CD46D2E716F8013BF96254F82300FFF70C
:108A9400BFFCD7F88430F96A01304BB1D7F888307D
:108AA40098453EBFD7F8843023F8180008F1010830
:108AB400054498E7BB6923B1786A07F0DDFC002818
:108AC400C9D11BF0010F05D1FB6AED1AADE7BB6AF2
:108AD400002BAAD04846FFF79BFCD7F8843053B14B
:108AE400D7F8883098453FBFD7F88420431C22F834
:108AF400183008F10108054497E7BAF1000F73D064
:108B04001BF0040673D0D046002607F148005246F5
:108B14003B61B96209F0A6FAB96A3B6901EB0A0242
:108B2400BA62FA69F9695200FA60BA6A02EB410260
:108B34003A610BF00202BA603A69B96A8A4258D1C2
:108B440062781BF0020F18BF00217A6208BF4FEA57
:108B54005801B2181BF0010FD2B240F09F801BF0F5
:108B6400040F14BF40460020BB616270A070E17026
:108B740020463A6A7969FB6A9847051EFFF614AFE6
:108B8400BB69414623707B6A3A6A6370FB6984F867
:108B940002A0E37007F14800FB6A9847B0F10008AF
:108BA400C0F2B4807B69A9EB0A01C91AFB683A6A6E
:108BB400C91AD7E90A0398470028C0F2A9804FF0E0
:108BC400000BA84408EB000507F1380AB34567D346
:108BD40000213A6A0846FB6A9847E5E656464FF094
:108BE400000807F1380092E75646D04696E7B046AB
:108BF40094E7BA6A12F8021B12F8015CBA6254F8DC
:108C040025003D4A904202D33C4A90421ED3BA69A1
:108C140032B1786A7B6007F02FFC7B6800288BD127
:108C2400BA6802BB08F1280207F1300C08F1010010
:108C3400944407F1580208F1020852FA80F00CF843
:108C4400101C5FFA88F800F8105C75E7BA693AB14D
:108C5400786A7B6007F010FC7B6800287FF46CAFB7
:108C64001BF0010F09D006F1280207F13000711C36
:108C7400161806F8205CCEB25EE71BF0040F3FF432
:108C84005BAF08F1280207F1300008F1010102EBA3
:108C9400000808F8105C5FFA81F84DE7002063E7EC
:108CA4001BF80A3054F8239087F83730D7F884300B
:108CB400FBB133F81B8001213A6AFB6A07F13700E4
:108CC4009847002824DB0544B8F1000F06D1484634
:108CD400FFF79EFB00F101081FFA88F84146484659
:108CE4003A6AFB6A9847002812DB05440BF1010B32
:108CF4006CE7D7F88480DEE7B82001006436010011
:108D040091290100040000019423010045464BE62B
:108D1400054649E6014B1860704700BF80C5002036
:108D240080B505460E461746984606F07FFA034678
:108D340009F0B6F90446DFF81890424649F80030C5
:108D440039463046A84754F8090001F0AFF900BF8E
:108D5400080000002DE9F047058B044628079046DB
:108D640011D4022905F0070540F0CC80204607F015
:108D740017FE78B10138218B042811D8DFE800F000
:108D8400C2106D85950001290CBF45F0100545F012
:108D94002005258388F31188BFF36F8FBDE8F08722
:108DA40001F0070AAA4500F0A5800027B9463E460F
:108DB400A368002B00F0BC8041F00801218388F3F4
:108DC4001188BFF36F8FA168002900F0BA800D6885
:108DD400002900F0B680334652462046D1F804807C
:108DE400C047002D76D02B6829461D46F0E701F0D8
:108DF40007035A1F012A1BD8002221F00701062B62
:108E0400276889B2C4E9002209D13B4603E0628B9A
:108E1400013262831B68002BF9D141F00201204624
:108E2400218307F0BDFD00287AD041F0200176E0CF
:108E3400042B0AD121F0070189B22046218307F0CF
:108E4400AFFD10B141F020012183218B01F0070A0D
:108E5400AA454FD00027B946AAE7236921F00701A4
:108E640041F00601062DD3F8009021832DD1B9F1EC
:108E7400000F3FD041F00801218388F31188BFF32C
:108E84006F8F20463949C84729E021F0070123693B
:108E940041F0040189B2042DD3F804902183E6D073
:108EA40000274FF0040A3E4682E721F007012369B8
:108EB40041F0050189B2052DD3F808902183D6D05D
:108EC40000274FF0050A3E4672E700274FF0060AD6
:108ED4003E466DE72B4687E7B9F1000FD1D1EFF39A
:108EE4001188202383F31288BFF36F8F238B23F021
:108EF40008032383258BEA062ED525F0100323834C
:108F040005F007056669218B002EBFF670AF0023BC
:108F14002768C4E9003321F0070141F001012183EE
:108F2400218B4FF0000901F0070AAA457FF440AFF6
:108F3400002F9CD041F00801218388F31188BFF3EE
:108F44006F8F002FC8D03D683946334652462046BD
:108F540007F052FD2F46F4E7AB067FF51BAF25F073
:108F64002003238305F0070500E700BF290A010059
:108F74002DE9F047044607464FF00109DFF8508019
:108F840014B93846BDE8F08794FAA4F5B5FA85F526
:108F940009FA05F32E0108EB05156FEA030A24EA22
:108FA40003042B7B002BEBD058F806301B694BB91C
:108FB4004644736804222846196807EA0A0700F041
:108FC4005BFADDE7284698470028D9D1F0E700BFCF
:108FD4000424010030B5002289B00F490F4808F07D
:108FE40074FF002200230024CDE906230E230C4D38
:108FF400CDE903344FF440722846CDE90144094BCE
:109004000949009405F024FE0849284608F0EFFDBC
:10901400204609B030BD00BF3590000010CC0020C0
:1090240088C700202193000070D60020452A010043
:10903400014805F069BD00BF74C700202DE9F04761
:1090440080461F480F4607F097FD0646002830D09B
:1090540000252846BDE8F087237B6BB12368DB68D5
:109064000BB12046984723681B69D3B9636804226F
:109074002046196800F000FA013610344C45EBD351
:10908400B8F1000FE5D0002DE2D02846FFF770FFBD
:109094000546002FF7D000214FF4A47006F08AF89B
:1090A400F1E7204698470028E0D00AFA06F31D436A
:1090B400E2E705464FF0010A024CDFF80C90DDE7C9
:1090C40018CE00200424010014240100014B53F89D
:1090D400200070475C24010008B5034608462BB104
:1090E400044A136000F072FC002008BD6FF0150004
:1090F400FBE700BF84C5002010B5044C237813B9E6
:10910400034805F001FD0123237010BDCCD40020D9
:1091140074C7002010B50446094807F02DFD3CB182
:10912400084BD3E8EF1F0139C3E8E21F002AF8D146
:10913400054808F0D6FEBDE81040044805F0E4BC3C
:1091440010CE002014CE002010CC002074C70020C4
:1091540000200146034BD3E8EF0FC3E8E21F002AC7
:10916400F9D1704710CE002070B5FFF7F1FF054626
:10917400074C084EB44200D370BD63685B792BB1D1
:1091840023685B6813B12946204698471034F1E7F9
:10919400042401001424010010B5044C04492046A1
:1091A40007F09AFA034B1C6010BD00BF10C70020E3
:1091B4004824010008CE002008B50023074A4FF4D4
:1091C40000411370064A07481360074A1360FFF70B
:1091D40083FFBDE80840FFF7DFBF00BFCDD4002008
:1091E40010CE0020790B010014CE0020014600228D
:1091F4000023014807F091BA10C70020014807F086
:1092040027BB00BF10C70020024B0146186807F0B7
:1092140073BB00BF08CE0020014807F0A8BB00BF05
:1092240010C7002070B5264B1878002847D0FFF7E8
:10923400E5FF054670B1234BD3E8EF1F0139C3E8BE
:10924400E21F002AF8D1204C204EB4422DD32846E8
:10925400FFF7DAFF1E4B1F4C1B68002B19DD08F0CB
:10926400EDFD4FF47A72A0FB020302FB0131C30B44
:1092740043EA4143D4E900209B1A40F2E9324FEA21
:10928400D13161EB0001934271F1000101D3FFF789
:109294006BFFD4E9003213F57A7342F10002C4E99A
:1092A4000032BDE87040FFF7B7BF63685B7923B154
:1092B4002368294620461B6898471034C5E770BDCB
:1092C400CCD4002014CE0020042401001424010076
:1092D40010CE002008CC002070B50D4D297861B95E
:1092E4000120FFF7ABFE0B4C0B4EB44206D3FFF745
:1092F40099FF0028FBD101232B7070BD63685B7953
:109304001BB1236820469B6898471034EDE700BFE3
:10931400CDD40020042401001424010000212DE9EF
:10932400F0470846FFF78AFE044658B340F26768E0
:109334004FF0000908F0B4FE1B4B1C4A1B58136085
:1093440033B11B4B1B68092B02DD1A4805F0DCFB0B
:109354000025194FDFF85CA044B12046FFF708FE52
:10936400044618B94FF0FF384FF0FF39FFF75AFFA2
:10937400064628B9B5B942464B46504605F0E8FBC7
:109384003546E9E74FF0FF384FF0FF39D2E72B6855
:109394009B691BB100222846114698471035BD42EF
:1093A400F5D3E8E7054DFAE7080000000CCE0020ED
:1093B40014CE002074C700201424010004240100EA
:1093C40013B5184807F0D8FB174B1B7873B1EFF3AC
:1093D4001184202383F31288BFF36F8FFFF722FFDA
:1093E40084F31188BFF36F8F02B010BD0F4B1B685D
:1093F400002BF9D050B9002200230D48CDE90023F9
:109404004FF40042002306F067F9EDE70928EBD199
:10941400074808F066FD074802B0BDE8104005F0B3
:1094240073BB00BF14CE0020CDD400200CCE00208E
:1094340010CC002074C7002010B5064B04461B68EE
:1094440098472146A060044807F0E3F9BDE81040BE
:10945400FFF7B6BF84C5002010C70020044A054B9F
:109464009B1AB1EBD30F34BF52F831000020704780
:109474009423010004240100084B10B4C31A446867
:109484001B110133237143689A71012243681960E7
:1094940043685A7110BCFFF72FBE00BF04240100BB
:1094A4002DE9F04F8FB0C1F34A2804AF0D46914621
:1094B400B8607B600C0DB8F1000F63D000264FF04C
:1094C400040B4FF00A0A07F11403C7F80C80C7E92C
:1094D40007667E620193CDF808B0CDF800A007F1CD
:1094E4001C0332464846F968FFF734FAB0F5006FBA
:1094F40003461CD36C468AB0D9F8041004AB264842
:109504001A46C3E9050140F2FF71D9614FF40071B5
:109514001984224B42F8103F4FF41251334620482D
:10952400FFF7BEFFA5462C37BD46BDE8F08FC0F35C
:109534000A0804F11700184420F0070080083B6073
:10954400FFF754FE68F35325044690B13B6800F1DD
:109554001001C7E9083607F11403F961CDE900A346
:10956400CDF808B048460F4AF96807F11C03FFF725
:10957400F1F968F353252A4620467B68B96807F059
:109584002DFBD0E704F1170020F007008008FFF757
:109594002DFE0446EDE700BF5A2A01000400000135
:1095A400A4230100B50B01002DE9F04F87B0044658
:1095B400DDE9105ADDE91279934698460391BFB16B
:1095C4003B46524610210020CDF80090CDF814906F
:1095D400FEF7EEFFB0F5006F06460AD340F2FF73C4
:1095E4000221174A174807B0BDE8F04F07F04FBBF8
:1095F4003E4605F11700304420F007008008FFF7CD
:10960400F5FD04F007040BF0070BE40044EA8B14A7
:1096140044EA462444EA0554054640B13FB13B467A
:1096240052463146CDF800901030FEF7C1FF434654
:1096340022462846039907B0BDE8F04F07F0CEBA9A
:10964400992A0100A4230100406820B1034BC01AE9
:1096540040F3CF0070474FF0FF3070479423010070
:109664000EB403B503AB53F8042B0146044801932D
:1096740001F090F802B05DF804EB03B0704700BF4E
:10968400DD0C0100CA0605D48B064CBF0249034910
:10969400FFF7E6BF704700BF4F3501004E350100AC
:1096A4002DE9F04F89B09B46149B9DF84CA006937E
:1096B400159B04460593169B0D469046179E0493EE
:1096C400BAF1000F00F09D8006F48073079307F051
:1096D4006DFA06F00209024600283ED02046914960
:1096E400FFF7BEFF0746B9F1000F08D016F0440F8C
:1096F40035D12A4620468C49FFF7B2FF074406F0CD
:10970400010353B1894B204653F82A20884B8949D9
:10971400002A08BF1A46FFF7A3FF06F48073002B44
:1097240049D006F00803002B63D1B8F1000F66D0CE
:10973400424620468049FFF793FF0546069B3D4479
:10974400002B6DD1049B002B73D1F30700F1E4804F
:1097540031462046FFF796FFD8E00746C3E7774B2C
:1097640018680028CAD0764B4FF47A791B684FF4F6
:109774006161B5FBF3F5B5FBF0F300FB135509FB91
:1097840005F5B3FBF1F2B5FBF0FE4FF03C0C01FB29
:10979400123100FB1E55B1FBFCF309FB05F5B5FBCB
:1097A400F0F50CFB131120460091CDE901E5654964
:1097B400FFF756FFA2E706F00803EBB1624B204621
:1097C40053F82A206149FFF74BFF0546B8F1000F13
:1097D40005D0424620465849FFF742FF0544BBF1F5
:1097E400000FABD05A4620465949FFF739FF0544CC
:1097F400A4E74FF0000BE1E706F00805E6E745466D
:109804009CE7BBF1010F069B06D1002B64D1049B9E
:10981400002B7BD000250CE0002BF8D04D485CE0F9
:109824004D48069B22464D4906F0F5FD049B002B4E
:1098340068D0DFF82C81DFF82C91049F3146102F7B
:10984400204628BF10274FF0000BFFF71BFF5D4594
:1098540045DC059B494620461A78FFF701FF4FF087
:10986400010B1BF0070F03D141462046FFF7F8FE1A
:109874005F453BD9059B4946204613F80B20FFF76B
:10988400EFFE0BF1010BBBF1100FEAD14FF0000B0F
:1098940020463549FFF7E4FE5A46059B20469A5C6C
:1098A400A2F120015F2928BF2E223049FFF7D8FEFC
:1098B4000BF1010BBBF1100F1DD01BF0070F03D1EF
:1098C40041462046FFF7CCFE5F455A46E5D841465F
:1098D4002046FFF7C5FEEBE71F485546A1E7414682
:1098E4002046FFF7BDFE0BF1010BB0E720462049EF
:1098F400FFF7B6FEC5E7059B3B440593049BDB1BC2
:1099040004939AD1BAF1000F7FF41FAF204609B037
:10991400BDE8F04F07F0D3B92046054A0549FFF7E3
:109924009FFE15E7D62A0100DA2A01006C24010003
:10993400D12A010029290100FF2A010020CE00209C
:109944001CCE0020E32A010080240100032B010027
:10995400092B01000B0D0100DD0C010099A700008B
:10996400162B01000E2B0100182B01001A2B0100ED
:10997400142B010042F20F7373B58B4228BF0B46C0
:1099840005680446052168460D4A05F0E5FE0646CD
:10999400636828460B225B680A4907F082F963680A
:1099A4003246694628465B6807F07BF963681B22E8
:1099B40028465B68044907F074F902B070BD00BF23
:1099C4008D2C0100392B01001D2B010000210123E6
:1099D400064A904206D8064A01B901231360054B92
:1099E40018607047012140085B00F2E740420F0015
:1099F4001CCE002020CE0020F8B50D460446064FAC
:109A04004618B44201D12846F8BD14F8011BBB68BE
:109A140001485B689847F4E750210100014B03605B
:109A240000207047C824010008B5044806F04BFD27
:109A3400BDE80840024806F046BD00BF7F2B010088
:109A4400B42B01002DE9F04706460C4600AF00296F
:109A540036D0D1E90012E9468AB06D46A3684FF0CA
:109A6400050AA8461F48C5E90723C5E9050148F8C2
:109A740010AF002342464FF421511B48FFF710FD5D
:109A8400D4E90312CD466369AD461848C5E90723F6
:109A9400C5E90501C5F810A0002342464FF4215141
:109AA4001148FFF7FDFCCD46E3690121104A0E4839
:109AB40007F0EDF8A36901210E4A0B4807F0E7F817
:109AC400012E07D1EFF305830B4A31460648103BBC
:109AD40007F0DDF82146304604F0B2FDBD46BDE88E
:109AE400F08700BFE22B0100DC230100112C0100F0
:109AF400402C01004F2C01007D2C010030BFFFF7EA
:109B0400FDBF00BF2DE9F04105460B4EDFF82C8068
:109B1400324606EB0807CC1B2046094908F0A2FA96
:109B2400A01942460021083C08F0A9FA2C6707F165
:109B34000800BDE8F08100BF00000000080000003C
:109B440014240100074A936893F90E10002907DBD7
:109B5400526993421FBF044A536843F080535360D1
:109B6400704700BF68D4002000ED00E070B52A4CB7
:109B740006460D4629482A4907F04CF9A36ADB0634
:109B840047D52648274907F045F91120A36A1C0741
:109B940004D52248244907F03DF912201E4CA36A3B
:109BA400990712D521491D4807F034F9636BA26A5D
:109BB400120609D501211E4A184807F068F81EB19B
:109BC400A36A23F08003A3621320134CA36ADE0765
:109BD40004D51248174907F01DF91420A36A9C06FE
:109BE40004D50E48144907F015F915200A4B9A6A52
:109BF400D10658BF9A6A9A6A920642BF5A6A22F4F8
:109C040000525A629A6A42F0FF029A6200232B7051
:109C140070BD1020BAE700BF00ED00E0DC230100B6
:109C2400902C0100A62C0100D92C0100EC2C010081
:109C3400042D01001A2D0100392D010010B5244C0A
:109C44002449254807F0E6F8A36A99013ED522483D
:109C5400224907F0DFF81E20A36ADA0104D51E4862
:109C64001F4907F0D7F81F20194CA36ADB0204D55B
:109C740019481C4907F0CEF80220A36A1C0304D536
:109C84001548194907F0C6F82120114CA36A590355
:109C940004D51148154907F0BDF82220A36A9A0398
:109CA40004D50D48124907F0B5F82320084CA36ADF
:109CB400DB0304D508480F4907F0ACF82420A36A55
:109CC4006FEA03436FEA1343A36210BD1D20C3E789
:109CD40000ED00E0682D0100DC230100802D01006F
:109CE400932D0100AD2D0100D72D0100F52D0100AC
:109CF4001A2E0100342E010070B5294C06460D467B
:109D04002848294907F086F8A36AD9043CD5254890
:109D1400264907F07FF81720A36A1A0504D52148BD
:109D2400234907F077F818201D4CA36A9B0512D528
:109D34001C48204907F06EF8A36BA26A100409D5E9
:109D440001211D4A174806F0A2FF1EB1A36A23F49D
:109D54000043A3621920124CA36A590504D5114883
:109D6400164907F057F81A20A36ADA050ED50D48EC
:109D7400134907F04FF81B20094A936A43F47F43C1
:109D8400936200232B7070BD1620C5E7A36A9B0461
:109D9400F2D504480B4907F03DF81C20ECE700BF5E
:109DA40000ED00E0DC2301005F2E0100752E0100B0
:109DB400D92C0100862E01009F2E0100B42E010033
:109DC400CF2E0100392D01002DE9F0478AB0694BEF
:109DD4000446D3F804A089461646002500AFCAF30A
:109DE400080885F31188BFF36F8F02F07F43B3F146
:109DF4007F4F1ED1D3071CD4500603D4110708D4B7
:109E0400012508E05C495D4807F004F816F00406F3
:109E140000D04C4600250023FB71A8F10303092B55
:109E240000F28680DFE803F0077C7F7984848484F1
:109E340084822C46EFE75249504806F0EBFF00239A
:109E44004C4EFB71F36A9A0705D54E494B4806F010
:109E5400E1FF002329E0F36A002B01DA4A49F5E720
:109E6400F36A5B00F5D54949444806F0D3FF7369AA
:109E7400A26943F480737361BFF34F8FBFF36F8F95
:109E8400736932F8022C23F480737361BFF34F8F2C
:109E9400BFF36F8F4DF602739A4228D123680121D4
:109EA4003B4A364806F0F3FE2368FA79DAB907F13B
:109EB400080604F1200C324620686168083403C2A5
:109EC40064451646F7D17A6A002D4ED0C2F30801D4
:109ED40021B96FEA52226FEA42227A62184607F1E8
:109EE4000801FFF7AFFD2837BD46BDE8F087B36A28
:109EF400DBB22BB10120F91DFFF738FE0346D4E78E
:109F0400B36A13F47F4F04D00120F91DFFF7F4FE68
:109F1400F4E7B36AB3F5803F9BD3FFF78FFEEDE719
:109F24000020F91DE8E70020F91DEFE719498DE746
:109F3400194A6E461AF4F87F8AB0184B18BF1346B4
:109F44006A461749C2E90513A8F11003D3614FF417
:109F540000731384134B42F8103F00234FF4115144
:109F64000648FFF79DFAB54673E722F4FF7222F024
:109F74000102B2E700ED00E0152F0100DC2301002F
:109F8400382F01004F2F0100702F01007E2F010098
:109F94009D2F0100B92F0100FC2E0100E72E0100C6
:109FA400DD2F010004000001064B5A6942F0100243
:109FB4005A615A6942F480625A615A6922F008026D
:109FC4005A61704700ED00E0EFF30880EFF3098178
:109FD40001B57246FFF7F8FE01BD00BF002080F313
:109FE4001488BFF36F8F002080F30A8880F30B88F6
:109FF40007F0FEF900200E490860BFF34F8F0D48AB
:10A0040080F3088800F02CF8202080F311880A4897
:10A014004FF40061401880F30988EFF314800221A3
:10A02400084380F31488BFF36F8F00F00FF900002A
:10A0340094ED00E0B0E6002070D90020002318461B
:10A044000649D1F89020C2F30722934200DB7047FF
:10A05400C1F89830C1F8A0000133F6E700ED00E044
:10A0640010B572B6002484F31388FFF7E7FF234684
:10A074004FF0FF300C4A03F120010133102B42F85A
:10A084002100F8D100234FF0FF30074A03F16001AB
:10A094000133102B42F82100F8D162B6BFF34F8F81
:10A0A400BFF36F8F10BD00BF00E100E0084B9B6859
:10A0B40083420BD1EFF3058343B1064B5A6842F058
:10A0C40080525A605A6A22F400425A6207F07BBEF8
:10A0D40068D4002000ED00E06FF00A01084A93689C
:10A0E4009967084958674B6843F080534B600023D5
:10A0F40083F31188BFF36F8F9368986F704700BF25
:10A1040068D4002000ED00E0104A936883F87D00D5
:10A11400EFF31183202383F31288BFF36F8F4FF083
:10A124000061536920F0FF009360094A5160196F80
:10A13400084A1160002193F87D2010435A6F596733
:10A1440082F31188BFF36F8F704700BF68D400207B
:10A1540000ED00E048CE002010498A6882F87DE0D6
:10A164004FF030001044EFF3098C80E8F01F744680
:10A174007046FFF7C9FFA64608498A68864602F179
:10A18400300090E8F01F8CF3098802F1000004B558
:10A1940006F04AFEBDE804407047000068D4002081
:10A1A4001EF0040F0CBFEFF30880EFF30980816900
:10A1B40011F8021C0229FFD001B506F020FE01BDF2
:10A1C40040B2002807DB01234109034A00F01F00C5
:10A1D400834042F82130704700E100E040B200289B
:10A1E4000CDB01220649430900F01F0082402033A2
:10A1F40041F82320BFF34F8FBFF36F8F704700BF29
:10A2040000E100E0054B420953F82220012300F04D
:10A214001F0003FA00F01040704700BF00E100E0A7
:10A2240040B2002801F10101ACBF00F16040064BCF
:10A234004FEA4111C9B2ABBF00F5614000F00F0015
:10A2440080F800131954704714ED00E00B4A08B568
:10A254000B4B22F07F029A60BFF34F8FBFF36F8FD7
:10A26400D3F8882022F47002C3F8882004F0D4FACA
:10A2740005F068F800F04EF804F00EFB00800000D2
:10A2840000ED00E042F8203C009B0C4942F81C3CE5
:10A29400019B21F0010142F8183C029B42F8081C82
:10A2A40042F8143C4FF0807342F8043C00234367A7
:10A2B4004FF43C43203A0265C3677047258D000084
:10A2C40000B50D4B15469860026F0C4B0E461A6094
:10A2D400036E83F30B882C4686F309884FF0000045
:10A2E400074B984720464FF000014FF000024FF013
:10A2F4000003044C204700BF68D4002048CE00204F
:10A30400350E0100258D00001022014B1A617047A3
:10A3140000ED00E0002320210348C2180133412B43
:10A3240082F80013F9D1704700E100E008B5EFF3BB
:10A334000583064A103B02EBC30152F83300496817
:10A344008847BDE80840FFF7FDBB00BF8C21010032
:10A354001FB5094C094A23460121094800F012F9A6
:10A3640000230393074B0121E41A01A801930294EB
:10A3740000F012F904B010BD0000042080C50020D4
:10A38400C824010088C7002010B50C7A0B6804F0BB
:10A394001F0223F01F031A43CB68640923F01F0331
:10A3A400054943EA440343F00103C1F89800C1F8A6
:10A3B4009C20C1F8A03010BD00ED00E010B50A4BA0
:10A3C400D3F89030C3F30723013B984208D9012105
:10A3D4000346064A064806F05AFC6FF0150010BD05
:10A3E400FFF7D2FFFBE700BF00ED00E0F42F010010
:10A3F400CC2301002DE9F04F8946144606464FF060
:10A404000008514D85B0C84527DAD6F804A0BAF142
:10A41400000F44D0BAF11F0F17D91AF01F0F14D12F
:10A42400D6F800B01BF01F0F0FD1584606F023FDDD
:10A4340007460AEB0B00013806F01DFD874210D0D9
:10A444006FF01507414A3B4601E04346404A01216B
:10A45400404806F01CFC6FF01504204605B0BDE82A
:10A46400F08F17F1160FEDD0BC42EBDDC5F89870F4
:10A47400D5F89C10C5F89870D5F8A03021F01F01CC
:10A4840043F01F0BD6E900321A44994202F1FF3A15
:10A494001DD1D34507D13146F8B206F0F5FC08F1D9
:10A4A40001080C36AFE73146C5F89870D5F89C30F2
:10A4B40022F01F0203F01F031343C5F89C30E0B2DF
:10A4C40006F0E2FC10F1160FC5D0441CE7E7C5F80E
:10A4D4009870D5F8A020013B23F01F0302F01F025F
:10A4E4001343D3453146E0B2C5F8A030E8D006F0B6
:10A4F400CBFC10F1160FAED0C5F89870D5F89C209F
:10A504009DF808300BF1FF3B62F304038DF808302B
:10A51400D5F8A0309DF808205B0863F347128DF846
:10A524000820D6E900321344009323F01F035B4450
:10A53400A3EB0A03013023F01F036946C0B203935F
:10A54400FFF73CFFBEE700BF00ED00E03D30010037
:10A554001A300100CC2301000522044BC3F89420D7
:10A56400BFF34F8FBFF36F8F704700BF00ED00E064
:10A57400BFF35F8F0022024BC3F89420704700BFE3
:10A5840000ED00E010B5034C2278FFF733FF207094
:10A5940010BD00BFCFD400202DE9F74F294D8A46C6
:10A5A40006464FF00008AB46274FD0451BDAD6F8D5
:10A5B4000490B9F1000F3FD031680846019106F0CC
:10A5C4005AFC0199044609EB0100013806F053FCDA
:10A5D40084424FF014021D4B08D002FB08F36FF0C5
:10A5E40015024BF8032003B0BDE8F08F14F1160FE9
:10A5F4002C60F8D01978A142F5DD02FB08B0C7F849
:10A604009840C7F89840D7F89C4000F10801007BB7
:10A6140064F304000871D7F8A0000C79400860F3D3
:10A6240047140C71D7F89C1021F01F016960D7F80A
:10A63400A01021F01F01296108F1010814350C361E
:10A64400B3E700BF4CCE002000ED00E0CFD40020E3
:10A65400F0B54149414CD1F890302568C3F3072344
:10A664009D4287B075D80020FFF782FF3C4BC1F8AC
:10A67400C030854216D13B4C01A82570FFF7CEF9B6
:10A6840000250646384FAE4213D1002023783249C4
:10A69400D1F89020C2F30722934254DBFFF75CFF0A
:10A6A40000202FE0616801EB0011FFF76DFE01301F
:10A6B400DFE70199280101EB0513DA683A40B2F5A6
:10A6C400001F21D0B2F5800F2BD0B2F5801F38D1F6
:10A6D4005A689B680958013B22F01F00034401207B
:10A6E400844623F01F0340EA4C10CDE902218DF883
:10A6F400100002A920780593FFF760FE00281DDAF8
:10A704006FF0150007B0F0BD5A689B680958013B0B
:10A7140022F01F0003444FF0020C012023F01F031A
:10A72400E1E75A689B680958013B22F01F00034483
:10A734004FF0000C062023F01F03D4E723780133E5
:10A74400237001359FE7C1F89830C1F8A0000133A8
:10A754009EE74FF0FF30D5E700ED00E0D424010080
:10A76400AAFF4400CFD400200000F0FF08B5024B3C
:10A774001B689847002008BD60CE0020034B044AA4
:10A784001860937843F002039370704760CE002002
:10A7940090C50020F0B587B007460E461446002148
:10A7A400102268461D4607F06AFC02238DF8023029
:10A7B400054B2A4621466846CDE90476019305F007
:10A7C400D3F807B0F0BD00BFBF0E010008B50649BD
:10A7D400064821F00701C1F1005202F5802205F07C
:10A7E400C2FD002008BD00BFB7E8002064CE0020F1
:10A7F4000122024B0020C3F840257047009003401B
:10A8040020B1034B800143F001031847704700BF98
:10A8140030240100084B70B5C31A0D4607499B103C
:10A82400044659434022064806F05BFB2B4601468A
:10A834002046BDE87040184784CE0020B76DDBB6D3
:10A8440028210100402373B50B4C0093041B0B46D5
:10A854000D460A49A41061430646094A094806F010
:10A864006BFB011E05DA30462B4602B0BDE8704092
:10A87400184702B070BD00BF84CE0020B76DDBB6B0
:10A88400A50F01002821010010B5EFF31184202346
:10A8940083F31288BFF36F8F074A136823F0020112
:10A8A400DB07116002D4012006F0AFFD84F31188A8
:10A8B400BFF36F8F10BD00BFD4CE002070B500224F
:10A8C400012104460520FFF7ABFC0F4801F088FE88
:10A8D4000E4B984215D101F093FE26690C4930467F
:10A8E40006F0ADF800280BDB01253564246908491E
:10A8F40004F11C0006F0A3F8002801DB0020E56445
:10A9040070BD6FF00400FBE715AA00000000AD0B5A
:10A91400FC2401001FB500220123CDE902236B466C
:10A92400084ACDF800D0CDF804D006F032FB002858
:10A9340005DB4FF480420023684604F009F905B0B2
:10A944005DF804FBC30F01000C22104B014602FB0F
:10A954000033002030B4D3E90E529863EFF3118032
:10A96400202484F31288BFF36F8F1C6C04F0C0049E
:10A9740044F002041C6480F31188BFF36F8F1DB18F
:10A984002B4630BC0248184730BC704784CE0020A8
:10A994002821010010B4EFF31182202383F31288DD
:10A9A400BFF36F8F1748016841F002040460C807C1
:10A9B40007D482F31188BFF36F8F012010BC01F01C
:10A9C40033BE1149D1F80C04D1F80C14C907F0D5E1
:10A9D400EFF3118083F31288BFF36F8F0B490B6C75
:10A9E40003F0C00343F002030B6480F31188BFF348
:10A9F4006F8F82F31188BFF36F8F002010BCFFF7B5
:10AA0400A3BF00BFD4CE00200050004084CE00205D
:10AA140010B1012804D07047034B1B6C5B0701D1B4
:10AA2400FFF792BF704700BF84CE00202DE9F041AC
:10AA3400012207463449D1E8EF3FC1E8E02F00285E
:10AA4400F9D133B9314932484B60CB608A6006F0A2
:10AA540009F87B1E012B28D8012F06D12D4BD3F8E2
:10AA64001C3403F00303022B1FD007F0BAF8054689
:10AA7400E8B9294B1B78D3B102220646254BC3F80B
:10AA84000823244CDFF89480D4F81824D4F818341C
:10AA9400D20315D503F00303022B01D0012F0FD1EC
:10AAA4006DB386F31188BFF36F8FBDE8F081EFF3C8
:10AAB4001186202383F31288BFF36F8F0125E0E70B
:10AAC400C5B1304606F0C8F9D4F81835DBB2012B0D
:10AAD400DAD1D4F80421002AD6D00022C4F8042103
:10AAE400D4F804210222C4F818252022C8F88021B1
:10AAF400A360C9E70021212004F05CFBE4E7022203
:10AB0400044BC3F80423D0E780CE002070CE00208D
:10AB1400A0CE0020005000406ED6002000E100E0EE
:10AB240008B5074806F09FFF38B10648FFF726FE30
:10AB34000448FEF7EFF8002008BD6FF01200FBE7B1
:10AB4400502101004DAB00000A2838B50446074DDA
:10AB540004D1AB680D2128465B689847AB6803486D
:10AB64005B68E1B29847204638BD00BF5021010020
:10AB740038B545682B69B3B11035284602F088F919
:10AB8400044680B90146284602F046F9084B98422B
:10AB94000BD122462846074902F014F92246052122
:10ABA4003120FFF73DFB002038BD6FF00400FBE7C8
:10ABB4000000AD0BBDAB0000430970B507D10B4BD2
:10ABC400596821B101250C68094E854001B970BD51
:10ABD4008A682A4002D030464B6898471CB12368E3
:10ABE40021461C46F2E72346FAE700BFD8CE0020F0
:10ABF4003C2101002DE9F04340F206354668D006B9
:10AC040048BF0320337B02EA050558BFC2F3401056
:10AC140087B001F01F07B5F5837F144647EA431751
:10AC24008DF8030042D00FD8062D18D007D8B5B13F
:10AC3400022D3DD06FF0150007B0BDE8F083B5F5E7
:10AC4400807FF7D101250AE040F20222954231D0FB
:10AC5400B5F5407F30D0B5F5007FEBD10225012357
:10AC6400220303FA01F129D573689960326952BB52
:10AC740007F01F037F0973D13B4A84F4803102EB50
:10AC84008302D2F80032C1F30041C4F3404423F4F8
:10AC9400E16344EA410423F007031C4344EA8004CB
:10ACA40044EA0524C2F800420020C5E70725D6E798
:10ACB4000425D4E70525D2E70325D0E7630344BF81
:10ACC4007368D960D2E71036394630460DF1020276
:10ACD40002F086F814F4403F80460CD139463046E1
:10ACE40006F045FC214B9845DED130469DF8021014
:10ACF40002F0DCF8D8E74FF0000901AB39463046E2
:10AD040003AACDE90439CDE90199CDF80C9001F0FD
:10AD1400C5FE164B98428DD114F4003315D09DF81E
:10AD2400033084F48034C4F300448DF80E30394683
:10AD34004B46304603AA8DF80C508DF80D4001F0B7
:10AD4400A9FF0A4B9842CDD074E7CDE904333946C4
:10AD54000DF10303304603AA039301F09FFEF0E7CD
:10AD6400803352F82330FFDE002584400000AD0B11
:10AD7400F0B5406801F01F04057B87B044EA451430
:10AD84000569002D5FD0B2F5001F00F1100506D152
:10AD94002146284606F0EDFB002007B0F0BD002751
:10ADA400B2F5800F01AE0197776037D1B3F1007F20
:10ADB40014BF052304238DF804300023CDE9046374
:10ADC4000393836823FA01F111F0010118D1B2F160
:10ADD400A07F15D104F01F03620903F1800338D169
:10ADE4001D4A52F82330DB070AD40DF1030632461C
:10ADF4002146284601F0F4FF184B984219D00296D8
:10AE04002146284603AA01F049FE154B98421DD15C
:10AE140001222146284602F061F8BDE7B3F1C06F74
:10AE240005D0B3F1007F14BF01230223C3E703233A
:10AE3400C1E73146284602F045F8094B9842DED076
:10AE44006FF00B00A9E76FF08500A6E76FF015001F
:10AE5400A3E751F82330FFDE002584400400AD0B46
:10AE64000000AD0BB0B54468054600AF206806F09D
:10AE7400FAFD60B1E06830B90023A17FDAB29142F3
:10AE84001ED800201AE006F0EEFD0028F4D1236855
:10AE94006C4688B01B686A461749C2E905134FF42B
:10AEA40000739383154B42F8103F154800234FF469
:10AEB400E251FEF7F5FA6FF01200A546BD46B0BDAB
:10AEC400226AD25C0133032AD8D96C4688B06A4618
:10AED4002B680C49C2E905134FF400739383074BA5
:10AEE40042F8103F064800234FF4E251FEF7D8FA27
:10AEF4006FF01500A546E1E7A4300100030000014E
:10AF0400FC230100BC3001002DE9F04740F2FF169C
:10AF1400594FDFF868C1DFF868E100EB8101814235
:10AF240002D10020BDE8F087046814F4804FC4F314
:10AF3400C325C4F3080340F08C80240EB34208BF39
:10AF44004FF0FF337D5D192C00F28680DFE804F0BA
:10AF54000D13191C1F251C84848484366084848406
:10AF640084848484848463787B7EC2F80C355C1C7E
:10AF74005BD10430D3E7C2F814355C1CF9D000244B
:10AF84005CE0C2F80835F2E7C2F81035F5E75C1C5E
:10AF9400C2F80835EDD0002404E05C1CC2F80C357E
:10AFA400E7D001245FEA531859D14FF00109DFF8C3
:10AFB400CC8009FA03FAC8F80CA008E0C2F80835F6
:10AFC400002DDAD15C1CD4D000240625A146D0F88B
:10AFD40000A00AF40048B8F1000F1CBF4FF00009AC
:10AFE400012403F01F085B093FD10CEB8808D8F853
:10AFF4000032CAF3412A03EA0E0343EA8A0343EA0E
:10B00400052343EA090343EA4403C8F80032B0E7DE
:10B01400C2F80C35D4E7C2F86035B3F1FF3F0468D9
:10B02400A7D0C4F30044002CBBD05C091AD101247E
:10B03400DFF8488004FA03F9C8F80890A146C6E787
:10B04400C2F86435E9E7C2F86835E6E7C2F86C355A
:10B05400E3E76FF0150065E76FF0850062E7002312
:10B06400DB60FFDE00239B60FBE7002308F1800820
:10B0740053F82830F5E700BF1C3101000025844057
:10B08400F0F8FCFF2DE9F04104460D46476806F050
:10B09400A8FD4FF0200888B9264B1B7873B16426AD
:10B0A400606806F05AF8F0B9012006F0A3F9013EF1
:10B0B400F6D10021212004F07DF8F0E7EFF31186AA
:10B0C400314688F31288BFF36F8F606806F045F845
:10B0D400A8B986F31188BFF36F8FEFE786F3118861
:10B0E400BFF36F8FE5E7EFF31186314688F31288DB
:10B0F400BFF36F8F606806F030F80028EED0BB69AC
:10B1040000201D706368BA691B68C3F844250122D6
:10B11400C3F84825C3F82001D3F82041C3F85801E7
:10B12400D3F858019A6081F31188BFF36F8FBDE89B
:10B13400F08100BF6ED60020F7B50546002201213C
:10B144000820FFF76DF80820FFF73AF86A681369DA
:10B154001168C1F82435137D507D927D0343134358
:10B16400C1F86C356E68D6E9004313F0010350D082
:10B174002F6907F1080006F046F9334B984208D0CE
:10B1840032480121324A05F079FD6FF0040003B022
:10B19400F0BD387A04F10C0204F5907106F02CF934
:10B1A400387A012707FA00F001F0BCF90823C4F843
:10B1B4000035B369C4F844350023C4F84835A760A2
:10B1C400D4F85831002BFBD00021C4F800156B686B
:10B1D40001AADC68204605F093FF002805DB019BEB
:10B1E400226819791868FFF78FFE08216A681368C6
:10B1F400C3F80015117A51B9D269C3F83425012274
:10B20400C3F83825C3F81011D3F810111A600020C0
:10B21400BDE70822C4F80025B269C4F84425C4F87F
:10B2240048350123A360D4F82031002BFBD0002340
:10B23400C4F82031D4F820310123E3604FF4807343
:10B24400C4F80433BCE700BF0000AD0BF4230100D5
:10B25400243101002DE9F0474568D0F810800646F6
:10B264000021686B00AF05F0C3FF041E11DBA96B5E
:10B27400481C1AD005F13C0000F01EFB10F1130F1E
:10B2840004460AD10121334A334805F097FF6FF091
:10B2940012042046BD46BDE8F087411D05D10121B9
:10B2A4002E4A2D4805F08AFFF3E74FF00109EB6AB7
:10B2B4009847D8F80850D8E9023203EBC2039D42FC
:10B2C4000AD3404605F0D7FF73680021586B05F098
:10B2D4008FFF00EAE074DCE7286806F0C4FB03464D
:10B2E400B0B92A686C468AB0106829796A46D16177
:10B2F4004FF400711A4D11841A49C2E9055042F8FD
:10B30400101F4FF411511448FEF7CAF8A546BEE7C2
:10B3140028682979EB88D0F810C0DA07DCF80040F7
:10B3240054BF43F4B01383F4D01323F4801209FA06
:10B3340001FEDB07D0F808A04CBF4EEA040424EA5F
:10B344000E04CCF80040DAF800309847041EA0DB65
:10B354000835B0E75D310100EC23010088310100BC
:10B36400A5310100040000012DE9FF4105690646ED
:10B37400D0F80480A86C2B6D002835D1002B53D055
:10B38400B8F830406A6C9C4228BF1C46EF6CEB6CEA
:10B3940053B1296D41B107F06041B1F1005F03D0B1
:10B3A400082C28BF08246F6E00926A6CAC651AB131
:10B3B400AA6C002A18BF2246CDE901271BB12B6DC8
:10B3C400002B18BF2346002269464046039302F02F
:10B3D40025F8184B984229D06FF00401304604B088
:10B3E400BDE8F04105F069BF696CEF6C0A46B8F836
:10B3F4003040ABB1834228BF03469C4228BF1C4661
:10B404000029C4D001F06043B3F1005FBFD0082C21
:10B4140028BF0824286E224606F024FE2A6EB6E7CA
:10B42400844228BF0446EBE71946D7E704B0BDE8D9
:10B43400F08100BF0000AD0B10B502780346002A6E
:10B444005FD10C69A26D32B9606D6FF07301BDE814
:10B45400104005F032BFE06C40B1216D31B1DB68C2
:10B4640023B1834202D0616E06F0FCFDA36CA26D91
:10B4740033B19A4213D90121224A234805F09EFE92
:10B48400236DA26D33B19A4222D901211D4A1E486F
:10B4940005F094FE606DBDE81040FFF765BF9B1A90
:10B4A400A3647BB9636B04F1480208336363A36B41
:10B4B40004F13801013BA36304F1340005F085FE77
:10B4C4006064DDE7636C002BDAD013446364D7E770
:10B4D4009B1A23657BB9E36B04F150020833E363E1
:10B4E400236C04F14001013B236404F13C0005F0AA
:10B4F4006CFEE064CEE7E36C002BCBD01344E36432
:10B50400C8E710BDC9310100EC2301002DE9F04F5B
:10B514008DB000AFFB6043688846BB608B880546EE
:10B5240099049146046933D44FF0FF324FF0FF334E
:10B5340004F1100003F00CFBC4F80480D5F804B047
:10B54400D5F810A0DBF808303B609AF85D3023B1E1
:10B55400DAF80030984500F0CC80B8F8046016F4AE
:10B5640000631CD00121B14AB14805F027FE6FF0F9
:10B57400850623689B8813F4005304D1636004F1A7
:10B58400100003F0C1FA30463437BD46BDE8F08FF1
:10B59400A369002BC8D163689845C5D1CEE7F207EB
:10B5A40015D529686D4688B06A46A248C2E90501E6
:10B5B4004FF400719183A04942F8101F4FF4E251F7
:10B5C4009B48FDF76DFFAD466FF01506D1E73007D8
:10B5D40005D59A4A0121964805F0F0FDF4E7C6F333
:10B5E4004513082B01D0964AF4E7D8F800307B6065
:10B5F4007A68944B9A4201D8934AEBE707F1100C0E
:10B604000BF10C0EBEE80F00ACE80F009EE80F0033
:10B614008CE80F00D7E900239A4228BF1A468B4BC7
:10B624009A4211D28A4B9A424CD88A4B9A424BD8AE
:10B63400894B9A424AD8894B9A4249D88848894BBF
:10B644008949824288BF0B46B1077B6206F0040336
:10B6540040D5002B14BF0323022387F82830C6F3F8
:10B66400001387F82930DBF8003016F0020FD3F806
:10B674000825C6F340014FF001037C484FEA5216F7
:10B684002CD1002E40F012819340C3609AF85D30B3
:10B694002BB1584601F086FE00238AF85D302B4614
:10B6A400734A584607F1100101F048FE714A0346F7
:10B6B400904219D00121704A5D4805F0E8FA6FF014
:10B6C400040656E76D4BBFE76D4BBDE76D4BBBE71B
:10B6D4006D4BB9E7003B18BF0123BEE7002E40F0D5
:10B6E400E78093408360D1E70123CAF800808AF899
:10B6F4005D30012384F85C30BB68996B4A1C0AD026
:10B7040003F13C0000F008F9743004D102215F4ACF
:10B71400474805F053FDB9F1000F68D1C4F83490DF
:10B724000023A36304F1480204F1380104F1340056
:10B7340005F04BFDFB686064002B60D1E3630023DC
:10B74400236404F1500204F1400104F13C0005F0CB
:10B754003CFD002601213246E0642663204605F0C4
:10B764006AFD2846FFF700FE32463346A06B83424B
:10B774004DD100231946266CB1424FD1934238BFB4
:10B784001346A0464FF4FA5202FB03F658F8203B46
:10B794004FF4004C1B6840F2E730B6FBF3F600218F
:10B7A400C8364FF47A720023E6FB0C01FCF7C8FCA0
:10B7B40002460B46404603F0CBF90246002869D006
:10B7C4000121334A1A4805F0F9FC0026B868A66539
:10B7D40001F0E8FD6FF07301284684F85D6005F020
:10B7E4006CFD404603F0DAF96FF07306C1E6D9F850
:10B7F40000306363002B93D0D9F8043091E7FB68E1
:10B804001B68E363002B9AD0FB685B6898E7616B65
:10B8140001EBC301496801330A44A8E7E06B00EB7C
:10B82400C100406801310344A6E700BFE7310100CD
:10B83400EC23010001320100030000012332010066
:10B844004232010047E801007132010000127A001F
:10B85400FF083D007F841E003F420F001FA1070028
:10B864008FD0030048E8010090D0030000258440F5
:10B874003DB400000000AD0BA232010000093D0000
:10B8840080841E0040420F0020A10700C93201003D
:10B89400F3320100266B16F1740F96D0002E3FF49C
:10B8A40068AE0146286905F0C6FC62E6C960FFDEA1
:10B8B40000239B60FBE700BF0123F0B587B08DF840
:10B8C4000230022300248DF804306B4403930F46A6
:10B8D40001AB0DF10301049305460291059401F0B7
:10B8E400F1FA0C4B064698420FD13946284603AA72
:10B8F40001F0D4F8B0420BD028469DF8031001F0B3
:10B90400D5FA6FF0040007B0F0BD6FF01200FAE74B
:10B914002046F8E70000AD0B2DE9F0410D46064640
:10B9240005F029FE002207462946304601F0D6FAE2
:10B934006B0905F01F0429D1174B03EB8404D4F8D9
:10B944000022164B134043F00C03C4F8003205F0F8
:10B95400D1FC80463368DB597BB100273046294649
:10B9640005F007FED4F800220C4B3846134043F090
:10B974000403C4F80032BDE8F08105F0BBFCA0EB81
:10B9840008000628E6D96FF07307E7E70023803440
:10B9940053F82430FFDE00BF00258440F0F8FCFF9C
:10B9A4000123834070B5DC430B4AD2E8EF1F01EA60
:10B9B4000405C2E8E65F002EF7D14FF480328240DE
:10B9C4000648C0F80823BFF35F8FBFF36F8F0B42A5
:10B9D40014BF0120002070BDF4CE002000500140AF
:10B9E40070B40E4922F07F46D1E90034D01AC3184E
:10B9F40044F10004C1E90034A6F50013B3F5400F87
:10BA040009D2074B1B681A0A1B069C19054B42F105
:10BA14000005C3E9004570BC03F06EBD58CC00209E
:10BA2400F8CE002060CC0020D9B101230D4A834018
:10BA3400D2E8EFCF4CEA030CC2E8E1CF0029F7D1FA
:10BA44004FF48033084A8340C2F80433074BD3E8E9
:10BA5400AF3FC340DB0742BF4FF40012044BC3F8AF
:10BA640000217047F4CE002000500140F0CE0020A9
:10BA740000E100E00D4B1868010A0006BFF35F8F78
:10BA84000B4BD3F80435181841F10001B3F5801FAE
:10BA94000AD2084BD3E90023904271EB030303D28B
:10BAA40010F1807041F10001704700BFF8CE002012
:10BAB4000050014060CC00202DE9F04F85B01646BF
:10BAC4001F4604469DF840A0FFF76AFF0190FFF768
:10BAD400D1FFB04271EB070352D23B4B301A67EBF4
:10BAE4000101984271F100014DD2384B03EB04136C
:10BAF400D3E902239F4208BF964258D04FF48038BE
:10BB0400334908FA04F8204626F07F4BC1F84883ED
:10BB140005F0E4FB4FF00309584604F15005AD006D
:10BB2400ADB205F1804504F5A87305F5A835029377
:10BB3400029A20F07F4341F82230C1F84483D1F8BF
:10BB44000435244AC01A033820F07F4090422ED98D
:10BB5400286868B1D1F80435A3EB0B0020F07F40CE
:10BB6400B0F5000F039322D9204605F0B7FB039BE1
:10BB7400BAF1000F07D109EB030009F10109D7E776
:10BB8400BAF1000F09D06FF0150520460199FFF7AF
:10BB94004BFF284605B0BDE8F08F01230E4AA340B1
:10BBA400D2E8EF0F1843C2E8E10F0029F8D10749A2
:10BBB4000E982301C8500F9B01EB04120025C2E923
:10BBC40002675360E1E700BF0100800048CC002019
:10BBD40000500140FDFF7F00F0CE00207FB500251E
:10BBE4004FF0FF304FF0FF31194C1A4B0226C4F8C6
:10BBF4000833C4F84833184BC4F80855C3E90201A4
:10BC04004FF480334FF40012C4F80433134B012172
:10BC1400C4F804631520C3F880212A46FEF700FB0C
:10BC24001520FEF7CDFA01230D4AA36023601360AB
:10BC34000C4B0D4A009328460023CDE90155FFF72C
:10BC44003BFF3046FEF7F2FE284604B070BD00BF4D
:10BC54000050014003000F0048CC002000E100E048
:10BC6400F4CE0020E5B90000FFFF7F002DE9F74383
:10BC74002E4BD3F8042390070BD5D3F8042142B1FB
:10BC84000022C3F804212A4AD3F80431136801338B
:10BC94001360264AD2F80433D90326D5254BD3E8BA
:10BCA400EF1F21F00100C3E8E40F002CF7D1CB070C
:10BCB40002D4D2F84031C3B100251C4CC4F8405121
:10BCC400D4F84031FFF7D6FEEFF31182202383F33B
:10BCD4001288BFF36F8F184BD3E90267B042B941A2
:10BCE40006D282F31188BFF36F8F03B0BDE8F083EF
:10BCF4004FF0FF38D3E900104FF0FF391D60C3E95E
:10BD040002894FF48033C4F84833C4F84051D4F85E
:10BD1400403182F31188BFF36F8F0029E5D0009082
:10BD240032463B4628468847DFE700BF00500140C3
:10BD3400F8CE0020F0CE002048CC002030B5431CC3
:10BD4400124C85B005D08442A8BF0446012CB8BF6C
:10BD54000124FFF78FFE0E4B0C4DD3E90013401A5C
:10BD6400B0F5000F0FD22218AA4228BF2A4600209D
:10BD740052180849CDE90100009143F10003FFF78F
:10BD84009BFE05B030BD2A46F1E700BFFFFF7F00F0
:10BD940058CC0020E5B9000008B5FFF76BFE024B54
:10BDA4001B68C01A08BD00BF58CC0020F0B50F4B6B
:10BDB40001461A680E4B0B25002618461F46B8424A
:10BDC40001D3013D04D11846013A19605A60F0BD0F
:10BDD40004688C42FBD03CB14468141BA642BCBF2F
:10BDE400034626460830EAE70346ECE76CCF00201A
:10BDF40078CF00200020054BC3E90000044BD3E8B2
:10BE0400EF2FC3E8E10F0029F9D1704770CF00206C
:10BE14006CCF00202DE9F04F87B005460E4605F0A3
:10BE240015FC20B96FF06D0007B0BDE8F08F06F087
:10BE340005F833680446002B0F4604D103F038F9A3
:10BE44006FF00A00F0E7BCBF4FF0FF33336001220C
:10BE5400002101A805F0B9FEE8460595EFF3118B22
:10BE6400202383F31288BFF36F8F06F019F9DFF8EC
:10BE740028A1DFF828915AF80000FFF797FFD9F8B6
:10BE8400003042689A426ED10023454D00936B689E
:10BE9400002B6FD1C5E900888BF31188BFF36F8F36
:10BEA40033685A1C6BD04FF4004E40F2E730002147
:10BEB40023EAE37C4FF47A720023CCFB0E01FCF7F7
:10BEC4003FF902460B4601A802F042FEEFF3118B44
:10BED400202383F31288BFF36F8F00222B685BB19A
:10BEE400434556D10099002A4DD16A6829609A4287
:10BEF40000D169600023009306F0D2F85AF80000DC
:10BF0400FFF754FFD9F8003043608BF31188BFF377
:10BF14006F8F05F09BFB002884D035686B1C27D0FD
:10BF240005F08CFF4FF47A7EA0FB0E320EFB01214C
:10BF3400A4FB0E420EFB0722DB0BE40B43EA414356
:10BF440044EA42441B1B4FEAD1314FEAE57C61EBE2
:10BF5400D231ED1A6CEB010CBCF1000FB8BF002517
:10BF640035602DB96CE743608BF31188BFF36F8F95
:10BF7400002059E7C3F80080C5F804808CE74FF02F
:10BF8400FF3213469FE711606968994208BF6A60EF
:10BF9400B0E71A461B68A2E7080000006CCF002037
:10BFA40070CF0020024600B506F07AF8014B1A5013
:10BFB4005DF804FB0C00000030B404682CB10C4B99
:10BFC4009C4202D370339C4209D30A4B1C78062C42
:10BFD40009D8651C1D70064B03EB0413036000684D
:10BFE40030BC05F0F2BD6FF00B0030BC704700BFF1
:10BFF400FCCE002062D6002038B505460A4BD3E8B3
:10C00400EF1F0131C3E8E21F002AF8D1074B1C6877
:10C0140004B938BD6369AB4201D005B113B9201D21
:10C0240002F072FD2468F3E76CCF002070CF00208B
:10C03400014600220023014805F08EBDC8CF002030
:10C044000146014805F092BDC8CF002001460022F8
:10C054000023014805F080BDDCCF002001460148E3
:10C0640005F084BDDCCF002070B50546054C064EB6
:10C07400B44200D370BDD4E900312846984708344F
:10C08400F6E700BF5436010054360100014801F0C0
:10C0940033BE00BF6DC00000014610B5064801F074
:10C0A40031FE034630B1BDE810400121034A044883
:10C0B40004F0EDBD10BD00BF292901003A33010091
:10C0C400C423010008B5B0B90B4805F05FF90B486B
:10C0D40005F05CF9084805F059F9074805F056F9E8
:10C0E400054805F053F9044805F050F9BDE8084047
:10C0F400014805F04BB908BD50350100603301001B
:10C1040010B50749074805F04AF9044628B101214A
:10C114000346054A054804F0BAFD204610BD00BF99
:10C1240081C30000F0CF002086330100DC2301002E
:10C134002DE9F041DFF8D4810D46D8F8704000AF06
:10C14400072C00F008065BD0132C00F0A080052C0F
:10C1540040F0B980D8F854806D496E4805F01BF959
:10C1640018F4805F41D06C496A4805F014F917242B
:10C1740018F4006F04D06949664805F00CF91824D6
:10C1840018F4007F0ED06649624805F004F9654B47
:10C1940018F4004F9B6B04D00121634A5D4804F0FE
:10C1A40076FD192418F4806F04D06049594805F0CD
:10C1B400F2F81A2418F4807F19D05D49554805F027
:10C1C400EAF81B24EB69002E40F09B80C3F30802BD
:10C1D40022B96FEA53236FEA4323EB6129462046D1
:10C1E400FDF730FCBD46BDE8F0811624C0E718F425
:10C1F400005FE7D04F49474805F0CDF81C24E1E73C
:10C20400D8F85C4043484C4905F0C5F8600606D5AB
:10C21400D8F868300121494A3E4804F038FDE10766
:10C2240005D547493B4805F0B6F82624CAE7A207D6
:10C2340005D54449374805F0AEF82724C2E763071B
:10C2440005D54149334805F0A6F82824BAE7200764
:10C2540005D53E492F4805F09EF82924B2E7E106AA
:10C2640005D53B492B4805F096F82A24AAE7A206EF
:10C2740005D53849274805F08EF82B24A2E7230674
:10C284003DD53549234805F086F82C249AE7D8F89B
:10C294006C8032491F4805F07EF818F0020F03D075
:10C2A4002F491C4805F077F818F0010F03D02D49E9
:10C2B400184805F070F818F0040F83D02A4915487F
:10C2C40005F069F87EE7294A294BE8468AB00F2C25
:10C2D400C8BF13466A462749103CC2E905134FF408
:10C2E40000731384244BD46142F8103F00234FF4AD
:10C2F40011510848FDF7D4F80024C54662E7252407
:10C3040060E723F4FF7323F0010366E7F0CF002016
:10C314005F2E0100DC230100752E0100D92C0100E1
:10C32400862E010000ED00E09F2E0100B42E0100D6
:10C33400CF2E0100392D0100C0330100D933010093
:10C34400E9330100FF3301001D34010038340100DA
:10C35400553401006A34010084340100973401002B
:10C36400B1340100E13401000F350100FC2E01005D
:10C37400E72E0100DD2F01000400000100B5104B81
:10C3840089B05A6AD86C00929A6A20F0050001922A
:10C39400DA6A694602921A6B03925A6B04929A6B98
:10C3A4000592DA6B06921A6C1B6D07929B0748BFC5
:10C3B40040F00400FFF7BCFE09B05DF804FB00BFC9
:10C3C400F0CF00202DE9F0411F46164B044693F8A8
:10C3D40000800D461646A2B0B8F1000F15D168468C
:10C3E40004F01CFD3A4631462846289BA0470446E3
:10C3F400684604F014FDB8F1000F02D00A4802F0B8
:10C4040047FB204622B0BDE8F0814FF0FF324FF0E9
:10C41400FF33054802F0C4FA0028E0D06FF083042B
:10C42400EFE700BF6ED6002060C70020002300B5F0
:10C4340089B0CDE9063303AB049304230390059339
:10C44400A9B10B6806934B6807930223111E18BF0A
:10C4540001210848CDE9002140F2F53104AA00F099
:10C464000BF80028B8BF012009B05DF804FB0123D4
:10C47400ECE700BF0501004010B4B1F5004F029C89
:10C484000ED2042B0CD8042C0AD8240444EA0364E6
:10C49400134644EA0102014610BC0348FFF792BF69
:10C4A4006FF0800010BC7047217C000030B5046838
:10C4B400ACB1B4FA84F30122C3F11F03DBB29A4096
:10C4C40024EA0202D0E8EF5FA54204D1C0E8EC2FD1
:10C4D400BCF1000FF6D1EAD102480B7030BD02481E
:10C4E400FCE700BF0000AD0B0200AD0B10B5036804
:10C4F400CB40DB0710D401238B40026843EA0201DE
:10C50400D0E8EF4F944204D1C0E8EC1FBCF1000F17
:10C51400F6D1F2D1014810BD0148FCE70000AD0B93
:10C524000400AD0B014BC3F80405704700700140D3
:10C53400F7B5044618B1012822D003B0F0BD022299
:10C54400264B0646C3F808230122DA60C3F8040127
:10C55400D3F80431012342F21075204F8DF80730CF
:10C56400D4B1012CE9D1D7F80C3403F4803386BB61
:10C57400002BE2D0012004F03DFF013DF3D1DCE7C4
:10C584000022164B0DF10706C3F808035860C3F8E0
:10C594000021D3F80031DDE7D7F8183403F48033F1
:10C5A4003EB9002BC9D0012004F024FF013DF3D192
:10C5B400C3E7D7F8182402F003023270002BBCD072
:10C5C4009DF807000128B8D104F014FF013DC7D13C
:10C5D400B3E7D7F80C2402F00102EEE70050004064
:10C5E400044B1A7922B9012218601A710248704763
:10C5F4000248704764D000200000AD0B0C00AD0B66
:10C6040008B5074B1B6833B10520FDF7FBFD10B9D6
:10C614000520FDF7D5FD0122024BC3F8182508BDFE
:10C6240064D000200050004010B510B1012848D05B
:10C6340010BD294BD3F81814D3F81824C90324D5F2
:10C6440002F00303022B05D0012B02D00020FFF7D8
:10C654006FFF0123204A0220C2F8183508224FF444
:10C664008273002103F1804303F5A04319601C6821
:10C67400012402F1804202F5A0421460174A1268B4
:10C684001AB3154BC3F80403D2E7D3F81424D20722
:10C69400DFD5D3F81C2402F00302013A012AD5D8CD
:10C6A4000E4A12681AB10222C3F80423C0E7D3F871
:10C6B4000421002AFBD00022C3F80421D3F804315A
:10C6C400B6E700224FF48073CBE71A68002AFCD047
:10C6D40019601B68ACE700BF0050004064D0002024
:10C6E40010B5164BD3F8002152B10020C3F8000155
:10C6F400D3F800210122C3F80823114B1B68984783
:10C704000E4BD3F8042182B10022C3F80421D3F8DC
:10C714000421D3F81824D3F81824022102F00302C8
:10C72400012A03D1C3F818159A6010BDC3F8081381
:10C73400034B0120BDE810401B681847005000401F
:10C7440064D0002001460148FFF7B0BE08C60020AF
:10C75400036803F01F025B090260024818BF00204F
:10C76400704700BF0025844070B432240279184B0E
:10C77400624352FA81F2083233F81240E10524D5BB
:10C78400C4F3432124F4F85423F81240642400260B
:10C79400027904FB02340E3434F8025F15F4807F0E
:10C7A40003D0C5F34325A9420FD00136202EF3D17F
:10C7B40064240025624302EBC1029D50027904FB0C
:10C7C400023070BC5830FFF791BE70BC704700BF98
:10C7D4000CC6002032235843034B50FA81F1083130
:10C7E40033F81100400B70470CC600203223584325
:10C7F400054B50FA81F1083133F8110080F0020042
:10C80400C0F34000704700BF0CC6002032235843D9
:10C81400044B50FA81F1083133F81100C0F3401091
:10C82400704700BF0CC60020024611F0010004D07E
:10C8340003490B6A13600B6203B90020704700BF01
:10C8440000258440F0B5054600200126044607462D
:10C854008C420BD1114BD3F87C2132B10022C3F8A6
:10C864007C21D3F87C3140F00040F0BDE3B29B0062
:10C8740003F580729B0806FA03F31D420BD002F104
:10C88400804202F54432D2F800C0BCF1000F02D05D
:10C894001760126818430134DAE700BF0010034040
:10C8A4002DE9F3470546544B296DD3F80403C0B270
:10C8B40040F00040FFF7C6FF061E18DA0023684662
:10C8C400E96D00934FF00108FFF7AEFF95F85C3077
:10C8D400DA0758D4296D4FF00040FFF7B3FF6846DC
:10C8E400E96DFFF7A1FF0028F0D126F000460124EE
:10C8F400002E68D102B0BDE8F08794FAA4F4B4FA2B
:10C9040084F4E00804F1080335F8139004F00702F6
:10C914001DF8003008FA02F223EA02030DF8003091
:10C9240001A80194FFF714FF019B4FEA990180339A
:10C9340050F82370C9F3820A4B07D146C7F3014765
:10C9440025D552462846214604F0B9FD01A8019494
:10C95400FFF7FEFE019BFFB2803350F82330C3F390
:10C9640001439F4207D10021204604F099FD394636
:10C97400204604F095FD01A80194FFF7E9FE019B10
:10C9840008FA03F30362009C002CB6D1A2E7022F3D
:10C994000DD10321204604F083FD0AF00503012B89
:10C9A400E9D14A462146284604F089FDE3E70221FD
:10C9B400204604F075FDBAF1030FF2D0032FDAD14B
:10C9C400BAF1020FECE796FAA6F3B3FA83F304FA8A
:10C9D40003F29B0003F1804303F54433D3F81015AD
:10C9E40026EA0206D3F810252846C2F30142C1F311
:10C9F400042104F064FD7BE70010034032222DE99A
:10CA0400F3410379214F534353FA81F3083337F841
:10CA140013300546DB070C46CEB234D504F080FD56
:10CA240095F8048021464046FFF7F0FE60B12146A8
:10CA34004046FFF7CFFE2A6800B202EB80030022D3
:10CA4400C3F81025C3F8102528462146FFF78CFEAD
:10CA540032222B7901A802FB03660023083627F84B
:10CA640016300194FFF774FE019B00EB8300D0F8AD
:10CA74000022074B134043F00203C0F8003205487C
:10CA840002B0BDE8F0810448FAE700BF0CC60020FC
:10CA9400F0F8FCFF0000AD0B0400AD0B2DE9F043F2
:10CAA400D2F8009004460D46164685B0B9F1000F41
:10CAB40034D032220079DFF8D081424352FA81F235
:10CAC400083238F81230CFB29B0703D5FFF79EFE29
:10CAD40000283BD100230DF10F02CDE900338DF87E
:10CAE4000E308DF80F300DF10E014B46284604F040
:10CAF4008EFC3221237901FB0373083338F81320A9
:10CB040022F0020228F81320237901FB0377083767
:10CB140038F8173043F0010328F817307368002BF6
:10CB240043D04FF0320C22791F780CFB02F2D3F879
:10CB340004E052FA85F2544B083233F81200E9B299
:10CB440010F0020F04D0BEF1000F18D04F482FE0B0
:10CB540020F4604020F0200023F81200BEF1000F02
:10CB64000DD0032FF2D872685068226890F800E064
:10CB740002EB8E02FFB9C2F81075C2F810754FF0BF
:10CB8400320C22790CFB0212083233F8120020F026
:10CB94001C0023F8120022790CFB0211083133F82F
:10CBA400112042EA870223F81120B36863BB384896
:10CBB40005B0BDE8F083D2F8108528F00308C2F868
:10CBC4001085226802EB8E00D0F8102522F447323B
:10CBD40022F44072C0F810252A02D0F8108502F41D
:10CBE400F85242EA074242EA0802C0F810252279C4
:10CBF4000CFB0212083233F8120040EA4E3040F0C7
:10CC0400200023F81200BAE72946D3E9008720461A
:10CC1400FFF7AAFDB8F1000FC9D0642320791A4E9A
:10CC24004343F218F358984504D153689F4201D105
:10CC340000210CE0642303FB00600DF10F01583068
:10CC4400FFF734FC124B9842B2D19DF80F106422C6
:10CC54002379534303EBC10346F8038023795343F9
:10CC6400322203EBC10333445F602379534353FA05
:10CC740085F3083336F8132042EA412242F48072E5
:10CC840026F8132093E700BF0CC600200400AD0B68
:10CC94000000AD0B2DE9F04305460C461F4685B058
:10CCA4009AB306793046FFF7A1FD20B121463046FC
:10CCB400FFF7ACFD80BB32235E43DFF8FC9056FAED
:10CCC40084F6083639F816305FFA84F813F01C0F2E
:10CCD40002D05378012B1FD001238DF80F3000238D
:10CCE4002046CDE900230DF10F01931C013204F01D
:10CCF4008EFB32222B7902FB038808F1080839F8ED
:10CD0400183043F0030329F81830002F51D021467E
:10CD14002879FFF76BFD18B1284805B0BDE8F0830A
:10CD24003E782B68244903EB8603C3F81005C3F847
:10CD3400100532202B794FEA860C434353FA84F3CF
:10CD4400083331F813E0E2B22EF4604E2EF0200ED8
:10CD540021F813E097F801E0BEF1000F29D02B6809
:10CD6400BF789C44DCF810354FEA0E4E23F4981338
:10CD740023F4F853CCF81035230203F4F8530EF4DB
:10CD8400403E3F05DCF8108543EA0E0307F48017A4
:10CD94003B4343EA0803CCF810352B7900FB03220C
:10CDA400083231F8123043EA463343F0200321F8C5
:10CDB40012300348B1E700BF0CC600200400AD0BDD
:10CDC4000000AD0B30B564250479044B05FB043435
:10CDD400A160017905FB0133DA6030BD0CC6002087
:10CDE40038B505790C462846FFF710FD58B13223B3
:10CDF4005D43064B55FA84F4083433F81430044880
:10CE04005B0B137038BD0348FCE700BF0CC6002061
:10CE14000000AD0B0400AD0B2DE9F0410646077987
:10CE24006420184D00FB075898F8604044BB404606
:10CE340021464022103005F022F921463068D8F806
:10CE440050608E4212D10023C0F87C31D0F87C317E
:10CE540040F30730FDF7B4F9642303FB07550123BE
:10CE6400094885F86030AB65BDE8F081CBB29B0022
:10CE740003F580727C2B04BF845083580131E0E7B2
:10CE84000248F1E70CC600200000AD0B0C00AD0B0E
:10CE940064210279044B01FB023393F860000038EB
:10CEA40018BF0120704700BF0CC600206423542221
:10CEB400007913FB002302481844FFF717BB00BF97
:10CEC4000CC6002064235422007913FB002302487B
:10CED4001844FFF7EBBA00BF0CC6002073B5036813
:10CEE4000D46D3F8041306460029A4BF4FF00041B1
:10CEF400C3F80413047929462046FFF787FC00B3DE
:10CF040029462046FFF772FCD8B129462046FFF790
:10CF140061FC002501B23468890001F58073E55095
:10CF2400E35833680B44D3F8101541F00101C3F8FA
:10CF3400101522B1012332688340C2F8043302B0D1
:10CF440070BD32235C43104B54FA85F4083433F833
:10CF54001430C3F38203042B11D0052B11D001A884
:10CF64000195FFF7F5FB019A0369D34003F0010330
:10CF7400991C284602B0BDE8704004F091BA032120
:10CF8400F7E70221F5E700BF0CC600200148FFF7D0
:10CF940087BC00BF70C6002070B5084C0E462379CC
:10CFA400154643B92A20FDF70BF9012304482371E0
:10CFB4002660A56070BD0348FCE700BF6CD000206C
:10CFC4000000AD0B0C00AD0B002330B50D4A50F83A
:10CFD400234003F5A2710133082B42F82140F6D116
:10CFE4000023084A00F11C0103F5B27451F8045FF0
:10CFF4000133082B42F82450F6D1036CC2F80433F1
:10D0040030BD00BF00A0024038B50024154D2A20D1
:10D01400C5F81045C5F81445C5F81845C5F81C45AC
:10D02400C5F82045C5F82445C5F82845C5F82C455C
:10D03400C5F89045C5F89445C5F89845C5F89C458C
:10D04400C5F8A045C5F8A445C5F8A845C5F8AC453C
:10D05400FDF7C4F84FF0FF33C5F80833024B1C71D9
:10D0640038BD00BF00A002406CD000200123024A5A
:10D074008340C2F80433704700A002400123024AEF
:10D084008340C2F80833704700A00240F8B5012677
:10D0940000270B4B0B4DD3F80C4304B9F8BD94FA9D
:10D0A400A4F0B0FA80F006FA00F324EA0304064B75
:10D0B40082009F502B68002BEFD0A9689847ECE7BB
:10D0C40000A002406CD0002000A10240430904D11A
:10D0D4000123034A83409360704700239B60FFDE73
:10D0E400002584400C4B984213D00AD80B4B98422D
:10D0F4000FD00B4B98420CD00A4BC31A58425841DC
:10D104007047094B984204D0084B984201D0084B11
:10D11400F3E70120704700BF40420F0090D00300A6
:10D1240020A1070048E8010000093D0000127A0030
:10D1340080841E00431C14D000F01F0340090BD14F
:10D14400084A02EB8302D2F80012074B0B4043F06B
:10D154000203C2F8003270470022803352F82330B1
:10D16400FFDE704700258440F0F8FCFF430904D13A
:10D174000123034A8340D36070470023DB60FFDE52
:10D184000025844038B51446421C054616D00129B2
:10D1940002D1A3B1FFF79AFF05F01F036D0911D166
:10D1A4000B4A41EA840402EB8303D3F80002094AE0
:10D1B4000240144344EA4101C3F8001238BDFFF7AA
:10D1C400D5FFE9E70022803352F82330FFDE00BFA9
:10D1D40000258440F0F8FCFF2DE9F843504B4D69DD
:10D1E40006469D420C4690F8049000F0848077D85F
:10D1F4004C4B9D4200F082804B4B9D4200F081805D
:10D204004A4B9D420CBF4FF000754FF080452422DD
:10D21400DFF81C81E07E02FB0983997F60F3000143
:10D2240099773379217C02FB03839A7F61F341026E
:10D234009A77E77EEFB9237E3A46012B94BF002309
:10D24400012301212068FFF79DFF3B463A46012157
:10D254006068FFF797FF3B463946A27EA068FFF758
:10D2640091FF237C3A460121E06883F00103FFF734
:10D2740089FF242303FB0983E2681A62217C9A7FD5
:10D2840061F341029A77277FA07C217E637E326816
:10D2940047B9D4E900C7A468C2F808C5C2F80C7538
:10D2A400C2F81045003B18BF01230229C2F8C0058B
:10D2B400C2F824552BD003292CD0012901D143F0E5
:10D2C4000203C2F8543524223379534358F8033007
:10D2D4001BB33068BDE8F84340F30730FCF770BF78
:10D2E400144B9D4210D0144B9D420CBF4FF000458F
:10D2F4004FF080458BE74FF0805588E74FF080650D
:10D3040085E74FF0006582E74FF000557FE743F073
:10D314000403D6E743F00603D3E7BDE8F88300BF70
:10D3240040420F0090D0030020A1070048E801000C
:10D3340078D0002080841E0000127A002DE9F84382
:10D344000746242597F80480124C05FB08F504EBE6
:10D3540005091E4699F81C30C3B999B14869FFF70D
:10D36400C1FEA8B138466251C9F80460FFF734FF22
:10D37400242303FB0844002363770123064823770F
:10D38400BDE8F8836251C9F80460F1E70348F7E7A0
:10D394000348F5E778D000200000AD0B0C00AD0B7E
:10D3A4000400AD0B2DE9F041044606790068194DDF
:10D3B40040F30730FCF712FF24237343EB5853B1B7
:10D3C4002368154A06EBC601C3F80823206805EB59
:10D3D400810104F025F92368242404FB0654D3F8BE
:10D3E4000805D3F80C75D3F81085A37FDB070AD49E
:10D3F400FFF7A0FE4046FFF79DFE3846FFF79AFE72
:10D40400206AFFF797FE242303FB065500232B779E
:10D41400BDE8F08178D000205201080024232DE9D2
:10D42400F0430779534D7B439046EA180E46517FEB
:10D43400814685B0002940F09B80EB5823B118F059
:10D44400140F04BF01235377242496E80F0004FB30
:10D45400075404F10C0C8CE80F00206A421C04D021
:10D46400A37F9B071AD5FFF731FE3368D9F8004034
:10D4740023B103F06043B3F1005F06D1B36883B115
:10D4840003F06043B3F1005F0BD02423002203FBBD
:10D49400075339485A7705B0BDE8F083FFF766FEB5
:10D4A400E3E718F0010318BF0123C4F8503518F05E
:10D4B400020318BF0123EC46C4F8403596E80F0078
:10D4C4008CE80F00039BC4F84405C4F84815C4F85D
:10D4D4003425C4F838350023C4F81831D4F8183189
:10D4E4000723C4F8003524237B4318F0080F05EB09
:10D4F40003021DD10121E858216158B9D4F818312B
:10D50400002BFBD062464021204604F04BF8242334
:10D514007B43EA18EB5813BB106A461C13D107EB84
:10D52400C707204605EB870104F07AF81348B2E7F1
:10D53400EB58A3B9106A411CF8D0937F9A070BD516
:10D54400FFF714FEF2E7937F9B0702D5FFF70EFE69
:10D55400E5E7FFF7BBFDE2E7FFF7B8FDE6E74023A9
:10D5640018F0040F14BFC4F80833C4F80433DDE71B
:10D57400034890E778D000200A00AD0B0000AD0B03
:10D584000B00AD0B10B540210F4A104804F00AF807
:10D59400C8B10F4C206A421C04D0A37F9B070FD54F
:10D5A400FFF7E4FD637F1BB10949084804F038F82C
:10D5B400002323720748D4E90031BDE8104018471E
:10D5C400FFF784FDEEE710BD84D0002000B00040DA
:10D5D40078D0002080D0002007B5044BCDE90001AD
:10D5E4001B686846984703B05DF804FB9CD0002094
:10D5F400014B1870704700BF63D60020024B1878A7
:10D60400431E58425841704763D6002070B50368E2
:10D614000446033BDBB2052B03D8094A52F82350D6
:10D624002DB9A06858B1BDE8704000F011B804F0FD
:10D634005DF821682B46BDE87040090C184770BDA1
:10D644007C260100014B1B68184700BFD4C600208C
:10D65400014B1B69184700BFD4C60020014B9B68CF
:10D66400184700BFD4C60020014B1B68D868704718
:10D67400A0D00020002230B50B4B19680C689442EE
:10D684000FD001EBC2039D68A8420BD14FF00302F7
:10D694000433D3E8CF1F002903D1C3E8C02F0028E7
:10D6A400F7D130BD0132EAE7B8D000202DE9F041CE
:10D6B400002406460F462046DFF854803368A34210
:10D6C40001D8BDE8F08106EBC4056B68DBB2012B21
:10D6D40016D16A68B8F80030B3EB124F10D1022F9C
:10D6E400A8680FD1FFF792FF01206B6823F0FF03B6
:10D6F40043F003036B60B8F800300133A8F800303E
:10D704000134DBE70168090C03F0A2FFECE700BF7A
:10D7140098D4002010B5074C02216068FFF7C6FFBB
:10D724000028F9D101212068FFF7C0FF0028F3D1B8
:10D7340010BD00BFC0D0002070B5072860D8DFE856
:10D7440000F00B5F475F435F3C0400F00FFF0320D2
:10D75400BDE87040FEF750BC03202A4BD3F81446B2
:10D76400D3F81866284B1D781870EDB2FFF740FF08
:10D77400012D10D1254B264A9C4212D0230C1B04A8
:10D78400B3F1886F0DD0A4F58033203B022B0FD961
:10D794006FF0040313603146C4F30B00FFF71CFF62
:10D7A40000E014601B4B186803F0ACFD0020CFE7C9
:10D7B400194931F913301360F4E70024124B204661
:10D7C4001C70FFF715FFEDE7FFF7A4FF0220BFE78A
:10D7D4000D4B1A78012AD0B20ED1104A1168104AA2
:10D7E4008C6854604968116002221A70FFF700FFC8
:10D7F400084B186803F086FDFFF78CFF0120A7E7AC
:10D8040070BD00BF00A0024065D600200100500595
:10D81400BCD00020A8D0002094280100A4D000206F
:10D82400C0D000200A23F7B54FF47A750C4E0D4F83
:10D8340001933168386803F034FF044640B903F0BB
:10D844005FFD40B9012001A9FEF7E4FA6E30F0D182
:10D85400204603B0F0BD0198684303F04FFDE8E7AC
:10D86400ACD00020B4D00020054B1B782BB9054B5D
:10D874001968054B186803F014BF0020704700BFF7
:10D8840064D60020B0D00020B8D0002070B5164B6C
:10D8940042681B6822F0FF0242F00202C31A42608F
:10D8A4001248134A0168C3F38913D2E8DF4F651C99
:10D8B400C2E8D65F002EF8D101EBC3014A6892B2E8
:10D8C40042EA04424A600268032002EBC30253683E
:10D8D40023F0FF0343F00103536003F00FFD012223
:10D8E400044BDA6070BD00BFB0D00020B8D0002077
:10D8F4009AD4002000A002402DE9F04F95B03822C0
:10D904000021064603A804F0BAFB0223049308236B
:10D9140006932023089304230D93102340250F938B
:10D9240080230122CDE91153D523002157480B92BE
:10D934001393FEF741FB0546002840F0A3800246FE
:10D9440053493079FFF728FB03A8FFF73DFB346800
:10D954006268B2F59D6F40F092806169E3680B44A0
:10D96400E16903F59D630B44B3F5003F00F2878042
:10D974002068294604F083FB33681C68D3F81C90A4
:10D9840004F53A72019204F16007424A04F1A408D2
:10D9940004F1200BB9F1000F5BD1C2F800B00025EF
:10D9A4004FF0010A2570657084F802A0E5703368B1
:10D9B40040461B69636033685B69C4F814B0A360B4
:10D9C400354BC4F81890C3F80080344BE7601F60EF
:10D9D4000823C4F8108084F8A43088F8015088F82B
:10D9E400025088F8035084F860307D70BD70FD707B
:10D9F40003F03AFE384603F037FE294B04F53A7239
:10DA04001A60284B04F1E80231681A60264B274E4D
:10DA14001960274B2749C3F81046C3F81456264B00
:10DA2400264C1D80264B86F800A01D80254B0295B0
:10DA340025601D611B690293029B144B186803F057
:10DA440063FC98B103236FF073043370FFF7DCFABF
:10DA540011E09B6904F14009636433684846DB695B
:10DA6400C2F800B0236400F059FD98E72468002C44
:10DA7400ECD1154B1C70204615B0BDE8F08F6FF04B
:10DA84001504E3E76FF02D04F5E700BFA8D00020EC
:10DA94003DD70000A4D00020B8D00020B4D000208E
:10DAA400B0D00020ACD00020A0D0002065D600204B
:10DAB40000A00240F04902009AD40020BCD000200B
:10DAC40098D400200056004064D6002070B5164B50
:10DAD40042681B6822F0FF0242F00102C31A42604E
:10DAE4001248134A0168C3F38913D2E8DF4F651C57
:10DAF400C2E8D65F002EF8D101EBC3014A6892B2A6
:10DB040042EA04424A600268032002EBC3025368FB
:10DB140023F0FF0343F00103536003F0EFFB012202
:10DB2400044B5A6070BD00BFACD00020B4D00020BC
:10DB34009AD4002000A0024010B5FFF773FE012420
:10DB440000220321047081704270C270FFF7BEFF8F
:10DB5400054B1C7003F09BFDBDE81040034B47F2DE
:10DB64003051186803F0D0BB64D60020A8D0002040
:10DB740038B50A4B04461B78022BDDB20DD1FFF7F2
:10DB840051FE50B100220121846001704270857001
:10DB9400C270BDE83840FFF799BF38BD65D6002094
:10DBA400034A126812B1002800DB1047704700BF17
:10DBB400CCD000202DE9F743002581460F461048BC
:10DBC400294690461E46019302F028F9041E11DBF3
:10DBD4000134204603F0B5FDC9F8000068B13346AE
:10DBE40042462146019602F019F928463C6003B0EA
:10DBF400BDE8F0836FF01500F9E76FF00B00F6E76E
:10DC04002024010010B50E4B04461B68A3B1FAF79B
:10DC1400FFFB082810D9237A3F2B0DD0094908228D
:10DC2400204604F07AF9014630B904F108000A22CA
:10DC3400BDE8104001F032BE4FF0FF3010BD00BF10
:10DC4400CCD0002043350100F7B504460F4604202C
:10DC5400002116461D4603F04BFD024638B914B1A7
:10DC6400204603F070FD6FF00B0003B0F0BD002000
:10DC74006FF0580314600D4C137350739073D0738A
:10DC8400207031460320576003F052FD4FF0FF33FC
:10DC940001932378AB4201D10020E6E7022001A9D9
:10DCA400FEF7B8F80028F4D0DFE700BF66D60020FE
:10DCB400F8B5054600240F4F57F8046B2846314643
:10DCC40004F064F928B90134042CF5D14FF4803000
:10DCD4000DE06CB1A31E012BF8D83046FAF798FB7F
:10DCE4000A220021284401F063FD40EA0440F8BD03
:10DCF4002046FCE794260100014B1860704700BFE2
:10DD0400CCD000200FB42DE9FF410A9CFFF776FC2C
:10DD140000284AD0002C4BD0284E294F316838684F
:10DD240003F014FB002846D1264D3168286803F01F
:10DD3400EBFA002836D122460BAB03A902A80193C3
:10DD4400FFF738FF044658B1286803F0DBFA386857
:10DD540003F0FAFA204604B0BDE8F04104B070477D
:10DD6400029C2046FFF74EFF02230646012220466E
:10DD74000399FFF769FF04460028E5D1DFF84880DE
:10DD8400D8F80000FFF794FF0446D8F8000003F029
:10DD9400D6FC286803F0B6FA002CD8D13046FFF739
:10DDA400FFFED4E76FF00A04D1E74FF0FF34D1E768
:10DDB4006FF00D04CEE76FF00A04CBE7E4D0002047
:10DDC400DCD00020E0D00020D4D0002038B5C368D7
:10DDD4000446A72B01D0206810E0032907D00429AA
:10DDE40026D0022902D10122154B1A7038BD144BDA
:10DDF40000681A78022A05D10028F7D0BDE8384017
:10DE040003F09DBC0F4D2A6862B12B68984700232C
:10DE140020682B6003F093FC0B4B1868BDE8384076
:10DE240003F070BA094A1060616851600222DCE7AD
:10DE3400074B1B68002BCED000689847CBE700BF88
:10DE440066D60020C8D00020E0D00020D4D0002026
:10DE5400D0D0002010B400F11C03D3E8EF2F511EE2
:10DE6400C3E8E41F002CF8D1012A0CDC074BD0E8EE
:10DE7400EF2FC0E8E13F0029F9D16422002110BC52
:10DE8400043004F0FCB810BC704700BF1EF1010060
:10DE940030B5024600236825054905FB03F46018E4
:10DEA4000C59944203D00133082BF6D1002030BD25
:10DEB400E8D0002010B50446043003F033FD606C54
:10DEC40008B1FEF7BDF8064BD4E8EF2FC4E8E13FF4
:10DED4000029F9D12046BDE81040FFF7BBBF00BFC1
:10DEE4001EF1ADDE2DE9F8430F4C06460025A04691
:10DEF4004FF068090D4B0E4F18702368BB420CD0CD
:10DF040009FB058393F8202066F3451283F820204B
:10DF1400A36B13B1204603F04FFC0135082D04F127
:10DF24006804EAD1BDE8F883E8D0002067D6002071
:10DF34001EF1010010B5436904461BB903F058FDF6
:10DF440023684360044B186803F0DCF92046BDE8FD
:10DF5400104003F04FBD00BF28D40020F8B548F2AC
:10DF64000F03994205460E4640D022D848F20D03CD
:10DF7400994233D048F20E03994233D00069FFF737
:10DF840087FF044610B3B6F5004F1FD9A6F5004627
:10DF9400013E0B2E1AD8DFE816F0AE00E800B600FA
:10DFA400B600B6003A013A01B600C40019001900DF
:10DFB4000B0149F2040399421CD0B1F5104F3FD92B
:10DFC400C068FFF765FF0446002848D12868002888
:10DFD40000F02D81BDE8F84003F0B1BBBDE8F84086
:10DFE400FFF7A8BFBDE8F84003F0ACBCBDE8F840BB
:10DFF40003F0A6BC0369082B00F21981DFE813F0D3
:10E004001000160009000E00160017011701180071
:10E014001E000020BDE8F840FFF764BF0120F9E7C7
:10E024000021E868BDE8F84003F056BC0121F8E798
:10E034000021E868BDE8F84003F05ABC0121F8E784
:10E044000069FFF725FF04460028BFD048F281038A
:10E054009E42BBD10146284600F0ECF856E049F256
:10E0640002039E4200F0CD8037D803F0F6FB07464A
:10E07400E0B91020FDF7DCFF0646B8B1394610229E
:10E0840003F0FDFF2B6873606B683381698A002994
:10E0940000F0C8802A8A05F1140003F05CFBF060EC
:10E0A400002840F0BF803046FDF7CAFF286803F01F
:10E0B40046FB204603F0A2FB58B1204603F0CDFBFB
:10E0C40038B994F8203043F0800384F820300C23CE
:10E0D400A361204603F097FB18E049F203039E4234
:10E0E4003DD049F282039E427FF470AF0146284638
:10E0F40000F0B8F80AE06B692BB9284603F078FC05
:10E10400AA6943681A60284603F074FC204603F0A9
:10E11400AFFB002800F08B802046BDE8F84003F0F8
:10E124004BBB90F8203043F0010380F8203003F01B
:10E134007BFB18B13E4B186803F0E4F894F82030E8
:10E14400204623F00A0384F8203003F091FB10B139
:10E15400204603F031FB2046FFF7ACFED3E72869E5
:10E1640069280BD16823A361D0E790F82030EE68CA
:10E174006FF3410380F82030686918B100F014F996
:10E18400A061C3E7204603F043FB28B994F820308C
:10E1940043F0040384F82030204603F039FB0028C0
:10E1A400B4D0002EB2D00021204600F079F8ADE7BB
:10E1B4006B69F3B9284603F01BFCAA6943681A602B
:10E1C400426892F8203043F0040382F82030436818
:10E1D40022691A61436862695A6183684BB105F127
:10E1E4000C0205F1300152F8040B8A4243F8040B87
:10E1F400F9D194F82230002B85D0013B84F82230E9
:10E2040081E790F82230013380F822307EE72846F7
:10E2140003F0EEFB6B6913B9AB69436073E74FF02E
:10E22400FF33FAE73146204603F0DEFA6EE7F8BD25
:10E234002CD4002010B543690C467BB191F82030F2
:10E244006FF3C30381F82030406900F0ADF8044B4C
:10E25400A061BDE81040186803F054B810BD00BFB9
:10E264002CD4002010B591F820300C466FF3C30372
:10E2740081F82030006960B9DBB223F0140343F065
:10E28400140381F82030054BBDE81040186803F0F2
:10E2940039B800F089F8A061F5E700BF2CD400205C
:10E2A4002DE9F743DFF8FC900446D9F8000001910A
:10E2B40003F02AF8074650B1019B002B70D11023BC
:10E2C400A3614FF0FF37384603B0BDE8F083606CBC
:10E2D400D8B1FAF79DF8461C94F84B8031464FEAC2
:10E2E400880808F10C0003F003FA054678B92046C3
:10E2F40003F09FFA08B16923A361D9F8000003F081
:10E3040001F86920FDF74EFEDBE73E46E4E72368AB
:10E314004246036194F8483004F14C01037594F8C3
:10E324004A30183000F8023C94F8493000F8033CB5
:10E3340094F84B3000F8013C03F094FEF6B13246F9
:10E34400616C286803F006FE6E6094F820300420A7
:10E3540043F008032A4647F2810184F8203003F091
:10E36400E7F9204603F065FA0028ACD1204603F013
:10E374005BFA40B9A0690028A5D0C3E72E706E707F
:10E38400AE70EE70E0E7022001A9FDF743FD10F145
:10E394000B0F05D00028E9D00028B8BF4042B1E7F0
:10E3A4007420AFE72CD4002070289ABF024B53F896
:10E3B40020000248704700BFA4260100ADBAADBAE0
:10E3C4002DE9F041056807460C463DB101F4704360
:10E3D400B3F5005F04D1404BC3E90015BDE8F081FB
:10E3E4003E4E336863B144F20402914264D00CD8C7
:10E3F40044F2020399424ED044F20303994253D0AB
:10E404003868BDE8F04103F09AB944F2012221F4DE
:10E41400807393420FD044F203139942F0D1304CED
:10E42400206808B103F08BF901222E4B1A70256085
:10E434000420336826E0DFF8B080D8F8000008B183
:10E4440003F07DF944F201339C420CBF0322022203
:10E4540095F85170254B264C1A70C8F8005017F0E7
:10E4640008053368227810D01AB90520984701238B
:10E47400237007F04107012F02D102203368984727
:10E4840001203368BDE8F0411847002AF1D0062086
:10E4940098472570EDE7174C206808B103F04FF951
:10E4A400032033682560EDE70D4C206808B103F0C4
:10E4B40046F900220B4BB9E72A78032AA0D8DFE8F3
:10E4C40002F0020507090720984799E70820FBE7AF
:10E4D4000920F9E70A20F7E740D4002030D40020CF
:10E4E40034D4002068D600203CD4002069D6002013
:10E4F4006AD6002038D4002030B4074B1C6844B1DD
:10E5040043688589A4460268C1899BB2E8B230BCDD
:10E51400604730BC704700BF48D40020002101226E
:10E52400074B1970074B1A70074B1970074B19608A
:10E53400074B1960074B18600748FDF73DBD00BF46
:10E544006BD600206DD600206CD6002050D400205D
:10E5540054D4002064D400204CD40020024B18680A
:10E5640008B102F0CFBE70474CD4002070B4284BE1
:10E574001B68196958691A7C00221A745C7C5A74E5
:10E584009C7C9A74DC7CDA741C7D1A755C7D5A75EB
:10E594009C7D03299A75DC7DDA7529D0042929D05C
:10E5A40001290FD185681B4E954210D11A7A012199
:10E5B40000221972597A5A72997A9A72DA7A6FF039
:10E5C4005F02DA72144B70BC186802F09BBE911C97
:10E5D40000EB81014C682178622907D0633918BFA8
:10E5E4000121490046F821400132DDE70121F9E724
:10E5F400187ADEE7187A1972597A5A72997A9A72E5
:10E60400DA7A6FF05F02DA720122044B1A70D9E7EA
:10E6140064D4002058D400204CD400206CD60020B0
:10E6240010B50446FAF758FE03480121034A02F0E4
:10E6340025FB204603F022FADC230100713501009A
:10E644002DE9F84304460D4600AFEFF3118820236B
:10E6540083F31288BFF36F8F0428294A98BF294B8C
:10E66400E9468AB09668117C98BF53F820306A4610
:10E6740088BF254BC2E9073140F201332348938414
:10E68400234BC2E9050442F8103F00234FF43151F3
:10E694002048FAF705FFCD4645B1EB69C3F30803FB
:10E6A40023B101211C4A1B4802F0E8FA2EB130467E
:10E6B40003F0A0FA08B1037803B91848E9468AB010
:10E6C4006A46174BD061C2E9053640F20133138420
:10E6D400144B42F8103F00234FF411510D48FAF740
:10E6E400DFFE2946CD462046FFF79AFF88F31188BE
:10E6F400BFF36F8F3046FBF7D9FCBD46BDE8F88306
:10E7040068D4002068280100803501009635010096
:10E7140005000001DC230100BE3501008E35010037
:10E72400DF3501000400000138B5094B53F82040DF
:10E73400013053F82050A54200D838BD636823B196
:10E74400204603F0A3F90834F5E723689847FAE76D
:10E754007C280100012270B52A4B032086B01A7070
:10E76400FFF7E2FFFBF760F903F0ACF90420FFF7D1
:10E77400DBFF254C254D2646AE4204F1300410D370
:10E7840000F05AFC204C224EAC4226D300F068FC28
:10E79400F9F746FE1F4A137B23F00103137306B0F7
:10E7A40070BD54F80C3C059354F8103C049354F891
:10E7B400143C039354F8183C029354F81C3C019302
:10E7C40054F8203C009354E90A2354E90C0100F066
:10E7D40001FA54F8303C5E65CDE7D4E90A23B3F17D
:10E7E400FF3F08BFB2F1FF3F05D052EA03012068A2
:10E7F40003D103F001FA3034C6E73146183000F093
:10E8040001FEF8E76ED60020942301009423010052
:10E814002B1D0100E8CC002008B50348034A002161
:10E82400121A03F04BF908BD88C7002070D60020E7
:10E834000023012270B586B0CDE904230F22019391
:10E84400CDE9023214234FF4A0720E4D0E4E03FB99
:10E8540000550E4906EBC016044602FB00110C4B92
:10E864003046009500F0B6F9737B2C7423F0040352
:10E874007373084B013403EBC423EE606B6006B082
:10E8840070BD00BF68D4002068CC002070E1002077
:10E89400A91B010070D90020BFB50020FFF744FF79
:10E8A4002E4B03F5006282F3088883F30A88002460
:10E8B400E0232B4D2B4E85F82230EC772C766C76AA
:10E8C400AC7685F820406B6A274F43F4E0236B62F3
:10E8D40085F82340FBF768FBFBF716FD4FF0FF3389
:10E8E400AB62EB62FBF7B4FEFBF732FDFAF764FCB4
:10E8F40040F201131D4D2846AB81C5E9184400F0D0
:10E9040025FFB56003F0AEF80120FFF70DFF0220EC
:10E91400174DFFF709FF00F0C3FB164B7561059314
:10E92400012315494FF48062CDE9034328463B4651
:10E93400CDE90144009400F04DF906466A7B28466F
:10E9440022F004026A7303F093F92046FFF770FF84
:10E954003A4631462846FBF7B3FC00BF70D9002085
:10E9640000ED00E068D4002059E7000068CD0020E5
:10E97400E8CC00208C290100B0E2002038B5064C18
:10E98400064DAC4201D3002038BD2046D4E9011223
:10E9940003F099F81434F4E74CC7002060C7002052
:10E9A4002DE9F341044617461E46EFF31188202350
:10E9B40083F31288BFF36F8FC368334A7BB18068D7
:10E9C4009168884219D057EA060318D188F3118850
:10E9D400BFF36F8F6FF00F0002B0BDE8F081916854
:10E9E40091F90E100133E36093682161A36088F309
:10E9F4001188BFF36F8F0020EEE72169F2E791F9E8
:10EA04000E1090F90E306FF07E029942A8BF19469D
:10EA14009142B8BF11468B422DDD03F0CEF8054676
:10EA240022464146CDE90076184800F051FA002804
:10EA3400E1D0EFF31186202383F31288BFF36F8FA5
:10EA4400A068D0B1236821699C420AD04BB193F9E4
:10EA54000E309942A8BF19466FF07E039942B8BFA1
:10EA6400194603F0AAF840B13146084800F0A0FA6C
:10EA74006FF00A00B0E70025D2E7002DF4D186F349
:10EA84001188BFF36F8FF3E768D400206FD600209E
:10EA940038B58368044663B3194A926893422BD10C
:10EAA400C368012B03D9013BC360002038BDEFF3D9
:10EAB4001185202383F31288BFF36F8F0169806867
:10EAC40003F07BF8204603F048F9A06058B190F9B0
:10EAD4000E2022610022826703F0CAF82946094801
:10EAE40000F066FAE1E7E06085F31188BFF36F8F09
:10EAF400DBE76FF01500D9E74FF0FF30D6E700BF32
:10EB040068D400206FD6002038B50446EFF3118591
:10EB1400202383F31288BFF36F8F03F01EF948B1EB
:10EB24000022826703F0A4F82946BDE8384007486C
:10EB340000F03EBAD4E902329A4218BF0133A3600E
:10EB440085F31188BFF36F8F38BD00BF6FD60020E7
:10EB540013B5EFF31181202484F31288BFF36F8F70
:10EB6400846844B1013C846081F31188BFF36F8FE2
:10EB7400002002B010BD52EA030406D181F31188CB
:10EB8400BFF36F8F6FF00F00F3E7CDE90023024668
:10EB9400014800F09DF9ECE76FD6002070B50446FB
:10EBA400EFF31185202383F31288BFF36F8F6FF087
:10EBB4000A06204603F0D1F818B1866703F058F826
:10EBC400F7E7A0602946BDE87040014800F0F0B9BD
:10EBD4006FD600202DE9F043984685B000F1580324
:10EBE400C0E91633109B002603730423073222F076
:10EBF400070543730F9B01EB05090F4683734946D1
:10EC0400C0E906668660C6730446FAF77BFF0E9B6E
:10EC1400073020F00700A066C4E9187502930D9B25
:10EC2400A9EB000901930C9B4A46009339464346DD
:10EC34002046FBF727FB054B66659B6803B1DB6E3B
:10EC44004846E36605B0BDE8F08300BF68D4002001
:10EC5400F0B5002587B00595109DDDE91276049581
:10EC64000F9D044603950E9D02950D9D01950C9DE7
:10EC74000095FFF7AFFFB6F1FF3F08BFB7F1FF3FC5
:10EC840005D056EA070305D1204600F0A3F9204633
:10EC940007B0F0BD3A463346024904F1180000F0CB
:10ECA400B1FBF4E72B1D010038B50D4D2B4653F88D
:10ECB400184F9C4200D004B9EC68AB6838B95A7B51
:10ECC400D20604D1A26912B9DA897F2A05D89C42F6
:10ECD40002D0204600F0DEFA23466B6138BD00BF47
:10ECE40068D4002008B590F90D200146002A437B22
:10ECF40004DA03F07F03437302F080FF044B986847
:10ED0400431A58425841BDE80840FFF7CDBF00BF41
:10ED140068D4002070B490F90D30427B002B29DBBD
:10ED2400D30627D183692BBB134962F07F02427358
:10ED34000A4652F8184F944218BF2346CC6923B9A7
:10ED4400C0E900242060C8610CE090F90E5093F9EA
:10ED54000E60B5420AD0AE4208DD5A68C0E90032FE
:10ED640010605860002070BCFFF79EBF9C42E7D043
:10ED74001B68E4E770BC704768D40020002A2DE9C2
:10ED8400F0410E460CBF10210821427B044611427B
:10ED94000FD141EA0203D20918D1437308291BD0C9
:10EDA4000120FFF781FFBFF35F8F637B23F06003D4
:10EDB4006373284B9B68A34245D1EFF30583002B73
:10EDC40041D13046BDE8F041FBF786B903F07F033B
:10EDD400437302F013FFE1E7A36813B1204602F086
:10EDE40015FF04F1180003F010F8A56D04F158079D
:10EDF400AF4211D04FF0000875B1284602F006FF6B
:10EE040005F1180003F001F82846C5F87880FFF7EB
:10EE140081FFA56DAF42EFD10E4FBB689C42BFD1BD
:10EE2400EFF30583002BBBD00120FFF73DFF40F239
:10EE34000113094DAB8100232846C5E9183300F0BE
:10EE440085FCBD60AFE786F31188BFF36F8FBDE823
:10EE5400F08100BF68D4002068CD002070B590F91F
:10EE64000D200146002A437B04DA03F07F03437339
:10EE740002F0C4FE154A4B7B104663F07F034B73CC
:10EE840050F8183FD469834208BF002323B9C1E96D
:10EE940000042160D1610CE091F90E5093F90E60E9
:10EEA400B5420ED0AE420CDD5868C1E900300160B5
:10EEB40059609068BDE87040431A58425841FFF7C2
:10EEC400F3BE9C42E3D01B68E0E700BF68D4002097
:10EED400F8B5124B0C46DDE9067611469868104ADF
:10EEE4001060EFF31182202282F31288BFF36F8F38
:10EEF4009D68284602F094FEB6F1FF3F08BFB7F1C3
:10EF0400FF3F06D03A463346064905F1180000F0A3
:10EF140079FA2046BDE8F840FBF7DEB868D4002053
:10EF240088D400202B1D0100F8B50446EFF31186A8
:10EF3400202383F31288BFF36F8F437B49B2DA0631
:10EF440019D18569BDB903F07F03437302F056FEFE
:10EF5400437B164A63F07F0343731346817353F86C
:10EF6400180F984218BF0546D0695DB9C4E900304E
:10EF74000460D46111E00020A17386F31188BFF30B
:10EF84006F8FF8BD95F90E70B9420BD08F4209DD31
:10EF94006B68C4E900531C606C600120FFF784FEB9
:10EFA4000120EAE7A842E1D02D68DEE768D400201A
:10EFB40049B9EFF3058030B9054B5A699B689A4209
:10EFC40001D0FBF789B881F31188BFF36F8F7047C5
:10EFD40068D4002010B5EFF31184202282F3128844
:10EFE400BFF36F8F427B510704D484F31188BFF3BE
:10EFF4006F8F10BD22F004024273FFF78BFE21468F
:10F00400BDE810400148FFF7D3BF00BF6FD6002012
:10F01400034648B9EFF3058232B9064A516992684A
:10F02400914201D0FBF758B883F31188BFF36F8F77
:10F03400704700BF68D40020EFF31181202383F3CD
:10F044001288BFF36F8F054B9A68D37B013BD37350
:10F0540081F31188BFF36F8F704700BF68D400201D
:10F0640038B5EFF31185202484F31288BFF36F8F32
:10F074000A4B00209A68D37B0133D373FFF714FE45
:10F0840085F31188BFF36F8FEFF3118084F3128837
:10F09400BFF36F8FBDE83840FFF7BABF68D40020D4
:10F0A400024B03F11802C3E90622704768D400201A
:10F0B400F8B5EFF31185202383F31288BFF36F8F24
:10F0C40019498868437B03F07F03437302F096FD7C
:10F0D40008468B685A7B62F07F025A7350F8182FE7
:10F0E400CC69824208BF002222B9C3E9000423602C
:10F0F400CB610CE093F90E6092F90E70BE420ED013
:10F10400B7420CDD5168C3E900210B605360012054
:10F11400FFF7CAFD2846BDE8F840FAF7DDBFA24272
:10F12400E3D01268E0E700BF68D4002050EA01038E
:10F134002DE9F04105460E4603D1FFF7B9FF002043
:10F144002BE0831C71F1FF3329DB02F073FE2C18D2
:10F15400EFF31188202383F31288BFF36F8F124FCC
:10F16400124BB8681860FFF7BDFDB86810492A460D
:10F174003346183000F046F9BA684046537B43F0F2
:10F1840010035373FAF7A8FF02F054FE201A63EB3E
:10F194000303012873F10003D1DBBDE8F0816FF0B4
:10F1A4000104241AD4E700BF68D4002088D40020C6
:10F1B4002B1D0100B1F1FF3F08BFB0F1FF3F08B5BF
:10F1C40006D10A4B986802F062FD4FF0FF3008BD8B
:10F1D400FFF7ACFF4FF47A7147F6FF730022C0FBD0
:10F1E4000132D80B40EA4240F1E700BF68D4002066
:10F1F40038B500240B494FF400458C462146C0FB2A
:10F2040005C100236046084AF8F79AFFC117FFF7C3
:10F214008DFF47F6FF73044AC0FB0234DB0B43EA5D
:10F22400444038BD3F420F0040420F00014B9868F4
:10F23400704700BF68D400200122044BC01A044B5D
:10F24400C0105843034B1A54704700BFE8CD002048
:10F25400ABAAAAAA6FD60020C3897F2B12D80A4B67
:10F264001B6863B1094B90F90E201B689A4209DBB5
:10F27400437BDB0606D1064BC31A18BF012303F0F8
:10F28400010070470023FAE790D400208CD40020BA
:10F2940068CC002070B50E4B0E4C1E7C054606EB68
:10F2A400460304EBC304204602F0AFFD00220A4BE0
:10F2B40028469A55FFF7D0FF48B1084B2046BDE8D1
:10F2C40070401A680649013AD31700F09BB870BD24
:10F2D40068D40020E8CD00206FD6002090D4002010
:10F2E4003DF2000038B5EFF31185202383F3128833
:10F2F400BFF36F8F104B114A9C681068A04206D16F
:10F30400FFF7C8FF85F31188BFF36F8F38BD002165
:10F314001B7C11600A4AD35C002BF3D02046FFF714
:10F324009BFF0028EED0637BDB0602D12046FFF76B
:10F3340095FD2046E4E700BF68D4002088D400206F
:10F344006FD6002008B50648064A0749121A02F08B
:10F35400B7FBBDE80840054A0549064802F0B0BBC2
:10F3640080C5002084C700207C3601000000000016
:10F374006436010080C50020034B1B680BB9FCF701
:10F384000BBD0020704700BF94D4002030B570B18D
:10F394000B4B5B6898420AD0036843B1D3E904215C
:10F3A400D0E90445121941EB0501C3E90421D0E970
:10F3B400003213605A600023C0E9003330BD00BF3F
:10F3C400FCC6002010B50E4B1C689C4204D1FFF70C
:10F3D400D3FF6FF0004010BDFFF7CEFF002CF8D034
:10F3E400D4E904321B1A62EBE072B3F1004F72F1FC
:10F3F4000001EEDA002AACBF18460020EBE700BF9C
:10F40400FCC60020B3F1FF3F08BFB2F1FF3FF8B5DF
:10F4140004461D4616465ED08160EFF31187202313
:10F4240083F31288BFF36F8F013275F1FF3324DA4F
:10F434006FF001032D49D1E900209B1A4FF0FF32F0
:10F4440062EB00009E1B60EB0500012E70F10003CF
:10F4540001DA01260020C4E90460254ED6F800C074
:10F464007568B44508BF4FF0000CBCF1000F0DD116
:10F47400C4E900652C6074601CE0FFF77DFF013671
:10F4840045F10005361845EBE070E4E7DCE90420BB
:10F49400D4E90431934271EB000E1DDAD21ADCF880
:10F4A400043060EB0100CCE90420C4E900C31C6013
:10F4B400CCF804403368B34209D09C4207D10D4BC9
:10F4C4001C6824B9FFF77EFF2146FCF737FC87F35D
:10F4D4001188BFF36F8FF8BD9B1A61EB0001AC4537
:10F4E400C4E90431C4D0DCF800C0BEE700CE00207B
:10F4F400FCC6002094D400202DE9F84FEFF3118CC2
:10F50400202383F31288BFF36F8FDFF8B0A0DFF8F6
:10F51400B0900024C9F80000DAF800000025504536
:10F5240008BF0020274FE046D7E90021D9F8003072
:10F5340078B3D0E9046C4FEAE37EB3427EEB0C0B64
:10F5440005DAF61A6CEB0E04C0E9046421E0B21883
:10F5540041EBE671C0E90445C7E90021FFF716FF56
:10F5640088F31188BFF36F8F83689847EFF311888E
:10F57400202383F31288BFF36F8FD9F80030DAF8B1
:10F5840000009B1B5045C446C9F80030CBD1D7E9D5
:10F59400002100249A1841EBE373C7E90023C9F85A
:10F5A4000040FFF70FFF2146FCF7C8FB88F31188E2
:10F5B400BFF36F8FBDE8F84FFFF794BEFCC6002081
:10F5C40094D4002000CE002010B5EFF31184202342
:10F5D40083F31288BFF36F8FFFF7CEFE0346054A0D
:10F5E400D2E90001181841EBE37184F31188BFF3E9
:10F5F4006F8F10BD00CE0020F8B50446EFF31187DD
:10F60400202383F31288BFF36F8F026822B187F33C
:10F614001188BFF36F8FF8BDD0E90A36581C46F144
:10F624000001022871F1000127D3012B76F10001BA
:10F63400BCBF012316465D1E46F1FF3602F0FEFBF9
:10F64400013041F10001401946EB0101012871F13B
:10F65400000139DB02F0F2FB013041F100016FF0EF
:10F664000102401946EB01034FF0FF31121A61EB1E
:10F67400030320461749FFF7C5FE236B01332363B9
:10F68400236A6BB187F31188BFF36F8F2046236A17
:10F694009847EFF31187202383F31288BFF36F8F0A
:10F6A40054F8185FA542B2D0002DB0D0284602F01D
:10F6B40008FB0023AB6787F31188BFF36F8F2846DD
:10F6C400BDE8F84002F0D4BA6FF001024FF0FF3306
:10F6D400CFE700BFFDF500002DE9F04105461C46CB
:10F6E40090461F46EFF31186202383F31288BFF35D
:10F6F4006F8FB4F1FF3F08BFB2F1FF3F05D186F32E
:10F704001188BFF36F8FBDE8F081531C74F1FF3390
:10F7140009DB012A74F10003BCBF0122002412F1A9
:10F72400FF3844F1FF37284602F06FFBDDE906019C
:10F734000023C5E90A012B6342463B462846024999
:10F74400FFF760FEDBE700BFFDF50000014BC36679
:10F75400704700BF4CC700200CB430B589B00546D3
:10F764000C461C22002101A802F089FC0223059505
:10F774008DF806300D4B029323462CB1B4F1004FA3
:10F7840028BF4FF00043013B1D440DAA0C9901A86A
:10F794000695009200F0E8F814B1059B00221A7057
:10F7A40009B0BDE8304002B0704700BF93200100AB
:10F7B400242A2DE9F041044601D8012A4CD1364BC4
:10F7C400162202F06DFC1A5001B10C600027384675
:10F7D400BDE8F08135462E4616F8010B2028F9D0F5
:10F7E400A0F109070346042FF4D92B2836D02D287D
:10F7F40037D14FF0010CAE1C6B78302B38D13078F8
:10F8040040F0200078282FD132F010002CD17378EA
:10F814003446102202360CF1004000270138B0FBB8
:10F82400F2FE02FB1E08392B82BF03F1FF3343F0C3
:10F834002003263B303B9A421ED9774502DC03D194
:10F84400984501D24CF0020C354607FB023734468A
:10F8540015F8013B2E46E6E70546BCE74FF0000CE1
:10F86400C9E74FF0000CC8E7002A08BF0822D2E716
:10F87400002A08BF0A22CEE701B10C601CF0010F78
:10F8840018BF7F421CF0020FA1D0034B222207466F
:10F8940002F006FC1A509AE70C000000242AF0B586
:10F8A400044601D8012A40D12E4B162202F0F8FB5F
:10F8B4001A5001B10C600020F0BD2F463D4615F8EA
:10F8C400010B2028F9D0A0F109060346042EF4D92F
:10F8D4002B282CD02D282CD10126BD1C7B78302B35
:10F8E4002DD1287840F02000782824D132F010005F
:10F8F40021D16B782C46102202350020392B82BF8F
:10F9040003F1FF3343F02003263B303B9A421AD9DC
:10F91400A0FB02040CB9C01801D346F002062F461E
:10F924002C4617F8013B3D46E8E70746C6E70026A4
:10F93400D3E70026D3E7002A08BF0822DDE7002A20
:10F9440008BF0A22D9E701B10C60F20748BF404260
:10F95400B307B1D5034B222202F0A2FB1A504FF099
:10F96400FF30A9E70C0000002DE9F04F43688DB08B
:10F9740015468046029383789A0740F10D8100244E
:10F984000E78002E00F00A81252E0BD04B1C039319
:10F99400013441463046029B98470028C0F2F68065
:10F9A4000399EDE74E788B1C252E0393F0D00027A6
:10F9B400B946BB46BBF11F0F38D8A6F12003102B64
:10F9C4000AD8DFE803F02A090930090909210909DD
:10F9D4000928092D09091F00A6F13003092B33D981
:10F9E4002A2E37D11BF0400F55F8043B40F082809B
:10F9F400002BA7BF4BF0200B9946C3F100094BF035
:10FA0400280B01E04BF0010B039B13F8016B0393EC
:10FA1400002ECFD130E04BF0020B4BF0040BF3E798
:10FA24004BF0080BF0E74BF0100BEDE7BBF17F0F49
:10FA340019D8A6F13003092BD2D81BF0400F03D0FC
:10FA44000A2101FB0737DFE70A214BF0200B01FBFA
:10FA54000939D9E72E2E06D11BF0400F40F09E80C5
:10FA64004BF0400BD0E76C2E31D02BD8682E36D01B
:10FA74006A2E3CD04C2E3AD0002F46F02003B8BF5B
:10FA84002BF04002A3F16501BCBF00271FFA82FBE3
:10FA9400022901D9612B2FD107350727DFF8ACA242
:10FAA40025F0070508351BF0080F66D00AEB070B95
:10FAB40056465E4563D1A4EB0A0AA9EB070906EB97
:10FAC4000A026FE1742E9FD07A2E9DD0D4E71BF0EA
:10FAD400800F18BF4BF4007B4BF0800B94E71BF4B2
:10FAE400807F18BF4BF4007B4BF4807B8CE74BF496
:10FAF400207B89E71F4687E7A6F16301122900F2FC
:10FB0400F080DFE811F013004F00EE00EE00EE008D
:10FB1400EE004F00EE00EE00EE00EE00EE00FE0000
:10FB2400E900EE00EE001B00EE00AF0055F8043BC8
:10FB340001270DF1180A8DF81830B4E755F804AB15
:10FB4400834BBAF1000F08BF9A461BF0400F504692
:10FB540014BF39464FF0FF3102F00CFA0746A2E712
:10FB640041462020029B984700280FDB013EB74204
:10FB7400F6D34C44B146A41B98E74E46F7E74146FA
:10FB840016F8010B029B9847002892DA98F8023085
:10FB940043F0040388F802304FF0FF3420460DB0E0
:10FBA400BDE8F08F1BF0800F34D01BF4007F2CD005
:10FBB400073525F00705AA4669685AF8080B2BF0A3
:10FBC40010050029ADB237DA404245F4806561EB97
:10FBD40041010DF1180B0A235A4602F0EDF9A0EB8E
:10FBE4000B0301936B0662D5019B25F001019F4233
:10FBF40089B240F3A180002E00F0998015F0100224
:10FC040040F09C80BB460D4623E0AA465AF8040BFC
:10FC1400C117D4E7AA461BF4807F5AF8041B01D10C
:10FC24000846F5E71BF4007F19BF48B241F3C01141
:10FC340008B241F3C031C2E750EA0103C9D11BF055
:10FC4400400FC6D0002FC4D12BF01102BB46019740
:10FC540095B240F2064115EA01021CBF0BF1010BFB
:10FC640000222CE02BF010020A231FFA82FB1BF067
:10FC7400800C49D01BF4007115BF0735AA4625F046
:10FC840007055AF8040B1EBFAA4669685AF8080B00
:10FC940050EA010545D12BF016051BF0400FADB21B
:10FCA40042D0002F40D12BF01702019795B215F0E6
:10FCB400100248D0019B002E42D103F1010B290709
:10FCC4005AD4EB0706D5D9456FDDA9EB0B0301998F
:10FCD400CB465F185B4649E04BF0100B10237826A7
:10FCE400C5E7782B04D1C6F1780343F01003BEE7CF
:10FCF40041462520029B98470028FFF647AF02346F
:10FD040047E608230026B2E7AA461BF480715AF896
:10FD1400040BBDD01BF400711ABFC0B2614680B29F
:10FD2400B6E72BF0060295B20DF1180B54E725F057
:10FD34001105BB46ADB28CE70D46B8E73B460D4610
:10FD440003F1020BBBE7DDF804B082E74B36010098
:10FD540044360100CDE9043241462020029B9847F5
:10FD64000028FFF613AF049B059A01339945F1DC93
:10FD7400A4EB0B019B46CC180AB341463020029BEE
:10FD840098470028FFF602AF8EB901342744391B87
:10FD9400019B994224DC1D4655BB019AA9EB0B0932
:10FDA400554622441446914433E0019F92E70234BD
:10FDB40041463046029B98470028E7DAE6E640F2DF
:10FDC40006410D42E2D015F0020F04F10104414650
:10FDD40014BF2B20202015F4806F18BF2D20E9E7D5
:10FDE40041463020029B013498470028CFDACDE603
:10FDF40006AB013D4146585D029B98470028CBDA8B
:10FE0400C4E641462020029B013498470028FFF6AF
:10FE1400BDAEA9EB0403002BF3DCC1E5F0B589B05A
:10FE240005460C46164600211C2201A81F4602F076
:10FE340026F90223204605958DF806300A4B0293D5
:10FE44002CB1B4F1004F28BF4FF0004001380544F5
:10FE54003A46314601A80695FFF786FD14B1059B85
:10FE640000221A7009B0F0BD9320010070470346C8
:10FE7400F0B419790068DB8801250669DA0734686B
:10FE840054BF43F4D01383F4B0138D4023F4801291
:10FE9400DB0787684CBF2C43AC4334603B68F0BC41
:10FEA4001847034601211B790068994003691B68C0
:10FEB400194283680CBFDB681B691847836800EB31
:10FEC400C101B3F5004F2CBF51F8220031F81200E4
:10FED400704700EBC1018068B0F5004F2CBF41F8BA
:10FEE400223021F812307047012208B5FFF7E6FFEF
:10FEF400D04008BD836800EBC101B3F5004F08D3BF
:10FF04004B681AB143F001034B60704723F00103BF
:10FF1400FAE74B881AB143F001034B80704723F092
:10FF24000103FAE753000122FFF7D3BF8368B3F557
:10FF3400004F34BF04230823C91A081AC0087047A5
:10FF4400B0F5004F34BF04230823481C0833A0EB4A
:10FF5400D300B0FA80F0C0F11F0070472DE9F041E2
:10FF6400174603220E460446FFF7A8FF86420546BD
:10FF740007F104080AD10122E368BA4023EA020324
:10FF8400E360002344F82830BDE8F08131460222C2
:10FF94002046FFF793FF06462B46014603222046E0
:10FFA40044F82850FFF795FF334629462046BDE81C
:10FFB400F0410222FFF78DBF70B50D4686680446F6
:10FFC400FFF792FFB6F5004F014601D3012809D08F
:10FFD4003046FFF7B5FF294602462046BDE870408B
:10FFE400FFF7BCBF70BD2DE9F04705468068FFF7F9
:0CFFF400A7FF05EB800ADAF810908846A1
:020000021000EC
:100000000646B9F1000F1BD00327DAF81040284646
:100010002146FFF76BFF404507D33246214628466D
:10002000FFF79EFF2046BDE8F087032221462846C1
:10003000FFF746FF013FCAF8100001D08145E4D127
:100040004FF0FF34EB680136B4401C40EAD094FA1C
:10005000A4F2B2FA82F2131D55F82340DEE72DE92F
:10006000F04114460E460546FFF740FFA4EB060894
:10007000371B0744424631462846FFF755FF3A46AC
:1000800021462846FFF750FF4346002221462846D6
:10009000FFF721FF21462846FFF728FF3B4621189E
:1000A00000222846BDE8F041FFF715BF2DE9F041D9
:1000B000164604460F46FFF719FF3146054620460F
:1000C000FFF714FF05442A4639462046FFF72CFF68
:1000D00031462046FFF70AFF2B4631180022204602
:1000E000BDE8F041FFF7F7BE2DE9F0410D46866807
:1000F0000446FFF7FBFEB6F5004F014601D3012889
:1001000032D03046FFF71EFF04EB80010E6996B92E
:100110000122E36882401343E36002220D612B4613
:1001200029462046FFF7D7FE032229462046BDE890
:10013000F041FFF7D0BE022231462046FFF7C0FE55
:100140000746034629462046FFF7C5FE03223346ED
:1001500029462046FFF7BFFE39462B462046FFF7CB
:10016000BAFE02223146E1E7BDE8F081F8B50C465F
:100170000546FFF7BBFE2618012231462846FFF749
:100180009FFEC3070CD431462846FFF717FF2146D0
:100190002846FFF7ABFE214622182846FFF786FFC8
:1001A000002221462846FFF78BFE271A01223946F6
:1001B0002846FFF785FE10EA020613D13946284685
:1001C000FFF7FCFE214632462846FFF779FE22461D
:1001D000211A2846FFF76AFF214632462846FFF7D4
:1001E0006FFE241A21462846BDE8F840FFF77CBF81
:1001F00038B571B1056800222846FFF799FE04461C
:1002000001462846FFF778FE2146BDE83840FFF753
:10021000ADBF38BD70B5066809B9002070BDB368C0
:10022000B3EBD10FF9D9B3F5004F34BF0423082342
:10023000CC1D1C44E40821463046FFF7D6FE054697
:100240000028EAD001463046FFF750FEA04209D907
:100250002C44294630462246FFF701FF214630460E
:10026000FFF742FF304601222946FFF745FEB368FB
:10027000B3F5004F34BF0423082303EBC503184430
:10028000CCE72DE9F84306681446B26801F1FF395E
:10029000B2F5004F34BF0423082319EA01090F46C1
:1002A0000BD0494239408B424F4628BF0B46894606
:1002B00054B900252846BDE8F8839942F8D821466C
:1002C000BDE8F843FFF7A6BFB2EBD40FF1D9B2F502
:1002D000004F34BF04220822E11D3944C91A1144D9
:1002E0003046C908FFF781FE80460028E1D0B36898
:1002F00009EBC005B3F5004F34BF042308231D44A8
:1003000035447B1E1D44B5FBF7F57D43A5EB090580
:1003100029463046FFF70CFE2C44073424F007042E
:10032000A41B804507464FEAE40408D20246414632
:100330003046FFF794FE41463046FFF7D5FE39467A
:100340003046FFF7D3FD3844844208D23946304660
:100350002246FFF784FE21463046FFF7C5FE012204
:1003600039463046FFF7C8FDA4E7B2F5802F2CBF11
:10037000082304232DE9F0410026D21A8C18CD1D44
:1003800025F0070524F00704641BE40805602146F6
:100390002046AC60EE60FFF7D5FD421D92000130B3
:1003A00002F107074FEAD7073146A2F1100205F123
:1003B0001000B8BF324601F064FE3A463146284686
:1003C000FFF7B2FD3346324631462846FFF783FD3C
:1003D000A4EB0708284631460122FFF78DFD42466F
:1003E0003946FFF7A1FD3B46324639462846FFF71E
:1003F00072FD21462846FFF797FD434632462146C7
:100400002846FFF768FD214628460122FFF774FDC4
:100410003946BDE8F041FFF767BE2DE9F0470646D3
:100420000D46174698462BB34FF0000A98F8004047
:1004300093F80190DB78A40004EB430498F80230B1
:100440001C444444CA4509D339463046AC46D8F822
:10045000042008F10803BDE8F047604714F8013BA9
:100460000AF1010A204648F82340F7F7D3FF01308C
:100470000444E7E76FF01500BDE8F08770B500258C
:1004800002462846144614F8013B0BB9184609E009
:1004900098B18D4207D1702B04D0A3F140023A2AC3
:1004A0000BD8002070BDA3F140063A2E05D8537832
:1004B0000135941C002BE9D00020252B224608BFD3
:1004C00080F00100DEE7002070470FB407B504A9F3
:1004D00051F8040B019100F05AFB03B05DF804EBF6
:1004E00004B0704710B50369024613F0080009D143
:1004F0001368D4689C429BBF0120126AE31AD31A86
:100500000B6010BD00231846FAE713B501A9044695
:10051000FFF7E8FF20B1019BE268013B1344019320
:10052000206A019BC01A013802B010BD10B5044604
:1005300050182269236AD20702D5013B184010BD2A
:10054000984228BFC01AFAE710B504460A46C168A7
:10055000FFF7ECFF2369E06023F00803236110BD7F
:1005600038B50D46C2698B00016843F002030446AA
:1005700042F8213001682A46FFF7D8FFE368616836
:10058000984208BF2369206008BF43F008032A4649
:10059000204608BF2361FFF7C9FF606038BD2DE921
:1005A000F74FC768C6699B4616F82730044603F024
:1005B0000303022B884691464FF0000306EB870A9F
:1005C00009D01360CBF800302369990710D40020BC
:1005D00003B0BDE8F08F56F8271013608908CBF8F8
:1005E0000030F1D0FFF7B0FFE368A3600120EFE730
:1005F000A3695046984716F827300546DA07E6D52E
:1006000013F002031DD0B8F1000F03D0414620467D
:10061000FFF7A6FF61682A462046FFF787FFD4E967
:1006200002319942606004D12A462046FFF77EFFDE
:10063000A060A3682360E360236943F0080323619B
:10064000D4E7014620460193FFF77EFFE268A260EF
:10065000B8F1000F04D02168E269019B42F8213013
:1006600005EB0802CBF8002021682046FFF75EFF6B
:100670002369206043F00803236116F827306FF3E5
:10068000000306F82730C9F800A0AFE770B50446AC
:100690001546FFF74BFF2368834205D1236921608C
:1006A00023F00803236170BDE269AB0043F002034D
:1006B00042F8213061682A462046FFF737FF606024
:1006C000F1E738B5036904465B0706D5456AFFF7CD
:1006D0001CFF85422CBF6562606238BD38B50D468F
:1006E00004461C22002101F0CCFC0022EB68A3612F
:1006F000AB6863612B68E3616B68626223622A699D
:1007000023B1591E194208BF42F0010222610122A1
:1007100004F128000021BDE8384001F058BA2DE965
:10072000F04F002587B00093036A04468B420E46C3
:100730009246A9460395059539D3EFF3118B2023F3
:1007400083F31288BFF36F8F059AD8462AB12946E2
:100750002046FFF79BFF0023059304A92046FFF7DF
:10076000C1FE04990746B1422AD32268E3692046B4
:1007700013F8221003EB820921F0030103F8221081
:1007800021683246FFF7D2FEE3682060984212D01B
:10079000002788F31188BFF36F8F039929B162692D
:1007A0000AB12046904700230393002FC5D1484645
:1007B00007B0BDE8F08F236943F008032361E7E742
:1007C00018B12046FFF7CCFEE3E7009B5AEA03038B
:1007D00019D0019101F007FA0199A0B98BF31188A2
:1007E000BFF36F8F5246009B04F12800FEF7B2F969
:1007F000EFF31188202383F31288BFF36F8FB0FAD1
:1008000080F77F09C5E7204605AB03AA2568FFF7F7
:10081000C6FE0746BDE770B50446836908460D4627
:1008200098470246EFF31186202383F31288BFF323
:100830006F8F2B78204643F001032B706168FFF720
:1008400075FE60602046FFF73CFF86F31188BFF31A
:100850006F8F70BD2DE9F04104462027EFF311861C
:1008600087F31288BFF36F8F236913F0080FA36813
:1008700002D16268934200D9226AD21AE16932B980
:1008800086F31188BFF36F8F4FF0000833E011F843
:10089000232001EB830812F00300F1D0022803D1DA
:1008A00051F82350AD0805D1D00712D44046A369B2
:1008B00098470546A1682A462046FFF737FE294695
:1008C000A0602046FFF740FE86F31188BFF36F8FCC
:1008D000C4E742F0020201F82320A3694046A5685C
:1008E0009847294602462046FFF720FEA06086F37F
:1008F0001188BFF36F8F4046BDE8F081F8B504461C
:10090000836908460D4698470646EFF31187202372
:1009100083F31288BFF36F8F2B786FF300032B7074
:1009200023699B0705D5E268E36903EB82039D42D7
:100930001AD12B786FF341032B70D4E9023199421D
:1009400004D132462046FFF7F1FDA0603146204633
:10095000FFF7FAFD87F31188BFF36F8F04F12800CA
:10096000BDE8F840FEF7D2B82B6860F39F032B6018
:10097000F0E7EFF31181202383F31288BFF36F8F29
:10098000036913F0080F836802D14268934200D9CB
:10099000026AD31A81F31188BFF36F8F181E18BF34
:1009A00001207047038B13F0070305D10368002B68
:1009B0000CBF002003207047022B05D1408BB0FAFA
:1009C00080F0400980007047012B05D10368002B9F
:1009D0000CBF0020052070470020704710B50C4662
:1009E00000B111B96FF0150010BD081D00F093F8AB
:1009F0000028F9D1A368032BF6D9F3E72DE9F041DC
:100A00000D4607461946281D90461E4600F094F8EC
:100A1000044638B13346424629463846A446BDE826
:100A2000F0416047BDE8F08110B4EFF3118220245B
:100A300084F31288BFF36F8F416110BC0121F8F776
:100A40008BB938B50C46054658B151B10B6843B166
:100A50004B6833B11C22002101F013FB00202C61F4
:100A600038BD6FF01500FBE770B505460E46FFF781
:100A7000B5FF041E14DBEFF31182202383F31288E9
:100A8000BFF36F8F4FF6FF716B8B2C8B8B4204F093
:100A9000070407D182F31188BFF36F8F6FF00A0448
:100AA000204670BD022C0CD101336B8382F3118878
:100AB000BFF36F8F0023224631462846FFF79EFF83
:100AC000EEE7062C14D8DFE804F004131313041A1D
:100AD0000400002333606B683BB9C5E90066ACB91C
:100AE00002212846F8F738F9DAE71E606E60F6E76B
:100AF00082F31188BFF36F8F6FF00404D0E782F3A5
:100B00001188BFF36F8F6FF08504C9E782F31188F6
:100B1000BFF36F8FC4E7034658B1426802F0030287
:100B2000012A03D0032A04D1026812B10020986080
:100B300070476FF0150070474268034602F00302E9
:100B4000032A4FF00002816014BF104600685A600B
:100B50007047704703785B075FBF03684288C3F341
:100B60004A2303EB12105DBF173020F00700800806
:100B7000002070470020704700F0BEBB0346D3E85A
:100B8000EF0F421CC3E8E12F0029F8D170471FB5D1
:100B90000023CDE902011A4619461846CDE9003373
:100BA000F8F704FD05B05DF804FB0120F8F7B4BACE
:100BB0000020704770B5D2E901369B1B8B420C4672
:100BC00015460AD313680A460146981901F04CFAF3
:100BD0002046AB682344AB6070BD6FF01B00FBE7A1
:100BE00070B50E4615461946044618B9BDE8704062
:100BF000F8F792BA33B1C2F34A231030120D1844F9
:100C000001F032FAC4E900562046BDE87040F8F71A
:100C100015BC2DE9F3415F1C4FEA8708064608F131
:100C2000170020F0070080080C461546F8F7E0FA98
:100C300000238DF80470ADF805308DF8073068B1E9
:100C40000346019AA8F1040143F8102F2A462944CB
:100C500052F8045B8A4243F8045FF9D1002331461D
:100C6000A20102F4E07242EA482222F07F4222F41A
:100C7000700222F03F0202B0BDE8F041FFF7B0BFC2
:100C800007B50123019201AAFFF7C3FF03B05DF886
:100C900004FB07B5CDE9002302236A46FFF7B9FF3D
:100CA00003B05DF804FBF8B506460D4614461F4632
:100CB00004B9F8BD214628463A46B047241A0544EF
:100CC000F6E710B542680446D2E90023816800685F
:100CD000FFF7E9FF002263681A6010BD38B54B6862
:100CE00005461A68CB680C469A4202D10846FFF7BF
:100CF000E8FF6368D3E8EF2F511CC3E8E01F00282A
:100D0000F8D1A36800209D5438BD0A2838B50446A0
:100D10000D4602D10D20FFF7E1FF29462046FFF7DF
:100D2000DDFF002038BD2DE9F043054687B00846B9
:100D30000E8891F800900C46D1F808801746F8F715
:100D400085FC011EC6F38216C9F3C2091EDB4846A4
:100D5000F8F786FB0346214651F8102B6088C2F352
:100D60004A22002A01EB020408BF00210022C0F33E
:100D70000B10CDE90407CDE902142846414601963F
:100D80000092F8F78FFC07B0BDE8F0830023E2E79C
:100D9000436800201B685B681961704743681B68E3
:100DA0001A6852685360704701212DE9F041436889
:100DB0001B685A6811751D682F68D5E90136D3E99B
:100DC00000481CB96B681C60BDE8F08121463046C4
:100DD0004246B847241A0644F3E743681B6818687C
:100DE000F8F7CABD70B543680C461D686B68186992
:100DF000F8F76EF9214603460F222868BDE87040D7
:100E0000184701460068F8F71FBE08B5F8F778FEE6
:100E1000BDE80840F8F798BE0A460121FFF730BF49
:100E20007047704700210120F8F70EBE036E83F370
:100E30000B88704761B662B680F31188BFF36F8F7D
:100E4000704772B6002383F31188BFF36F8FBFF32F
:100E50004F8F30BF62B6BFF36F8F704772B60023FB
:100E600083F31188BFF36F8FBFF34F8F20BF80F3E1
:100E70001188BFF36F8F62B6704740E800F313F438
:100E8000803FD8B208BF6FF01500704730B50C68CE
:100E90004B6885B00A894D890094013B24F01F04FA
:100EA000234402F01F0242EA451223F01F03694661
:100EB0008DF808200393F9F783FA05B030BD08B523
:100EC000D1E904319847002008BD08B5F9F750FC76
:100ED000002008BD0C220369C9B201FB0233186C63
:100EE00000F00700704770B5C9B20369EFF31185D0
:100EF000202484F31288BFF36F8F0C2606FB013485
:100F0000246C14F0C00408D0A24206D085F31188E6
:100F1000BFF36F8F4FF0FF3070BD012271430B4460
:100F20001A6485F31188BFF36F8F43680B445B68C5
:100F300098470020F0E78022FFF7D5BFF8B5069F5D
:100F40000469C9B2EFF31186202585F31288BFF337
:100F50006F8F0C2569430C44256C05F0070CBCF120
:100F6000010F0BD1276486F31188BFF36F8FC4E99B
:100F70000E2343685B5898470020F8BD05F0C00574
:100F8000AF4286F31188BFF36F8F0CBF6FF077000D
:100F90004FF0FF30F1E713B580240094FFF7CEFF48
:100FA00002B010BD10B41C240069CBB203FB0400D6
:100FB000002110BC10470020FBF738BB002000F0D8
:100FC00026BA1046FDF7A2BD436800205B681B6986
:100FD0000B607047436802EA01005B6821EA020186
:100FE00098600020D9607047436800205B68996072
:100FF0007047436800205B68D960704743685A684F
:10100000536821EA03000B4090600020D3607047D2
:1010100010B503695868F8B1884219D19C6808680E
:10102000A142586000D19860002008602AB15A6837
:101030000A609A68596002B99960002010E0814204
:1010400006D10868206098688142EDD19C60EBE78A
:10105000044600680028F2D1002AE8D16FF015009C
:1010600010BD4368586A70472DE9FF41446802EBA0
:101070004202A37F606AA5694343DB000193012319
:10108000277F94F81DC00095CDF808D003930A443B
:10109000914232D1214651F8040B836802AA1D689F
:1010A0000023A8470546208DFEF7A4F8284604B083
:1010B000BDE8F081236A1B5C032B20D8DFE803F036
:1010C0000302191B0B78072005F1FF3E23FA00F8F5
:1010D00018F0010F0CBFE046B84601380EF8018F3A
:1010E000F4D208350136A37FF0B28342E2D803314F
:1010F000CEE74B78E7E78B78E5E70026F3E76FF07C
:101100001505D3E730B543681360057A446804EBEE
:10111000C504A34202D36FF0010030BD5C798C425C
:1011200001D00833F0E70020F7E743681B68D3F8E5
:101130008004C3F88004704742681368D3F8100134
:1011400050B10020D26912780A70C3F81001D3F8A8
:10115000102101221A6070474FF0FF30704702687B
:101160000346D2F8580140B95B68DB0706D4D2F8D1
:101170002001003818BF01207047012070474368E4
:101180001B68D3F80423D20517D5D3F82021A2B1C8
:10119000EFF31182202181F31288BFF36F8FD3F810
:1011A000201131B10021C3F82011D3F82011012101
:1011B000D96082F31188BFF36F8FD3F8583170472D
:1011C000FFF75EBD002201210B20F9F72BB810B507
:1011D0000B6813B91846136005E003685C681CB11E
:1011E00014600368186810BD083303600B68013B86
:1011F0000B60EDE713B501AA0446FFF783FF002853
:1012000005DB019B226819791868F9F77FFE02B0A7
:1012100010BD03460A4619790123006803FA01F15B
:1012200003691B68194218BF82F0010212B183687A
:10123000DB68184783681B69FBE710B50446006844
:10124000D0B18368C3B149B101210830FFF7E1FF94
:1012500023681869BDE8104000F002BC12B9838809
:10126000DB0409D4006900F0FBFB20680021BDE825
:1012700010400830FFF7CDBF10BD10B5012200218E
:101280000446FFF7DAFFA36933B9636004F1100085
:10129000BDE81040FDF73ABC10BD10B50069036809
:1012A0008B4206D190F85C4034B9FFF7E6FF204648
:1012B00010BD6FF01500FBE76FF00F00F8E738B5D1
:1012C00005690446296305F12000FDF71FFC002293
:1012D00085F85C2020691146BDE83840FFF7ADBFB6
:1012E000002200F150039B009BB203F1804303F501
:1012F000A8331A601B68704708B5FAF7BDFB08BD34
:1013000000F0AEBB00F06FBCFDF700BC4B1C70B52D
:10131000054617D021EAE1744FF4004640F2E73069
:1013200000214FF47A720023C4FB0601F6F70AFF8E
:1013300002460B462846FDF70DFC002818BF6FF04B
:101340000A0070BD4FF0FF321346F3E7FDF7A2BB72
:101350004B1C70B5054617D021EAE1744FF40046E6
:1013600040F2E73000214FF47A720023C4FB0601FB
:10137000F6F7E8FE02460B462846FDF713FB002869
:1013800018BF6FF00A0070BD4FF0FF321346F3E74D
:1013900003780BB1FAF782BE70470A460121FFF7C6
:1013A0006FBC00B589B006AB02930823039301AB71
:1013B000049304230791CDE9053004AA184602A935
:1013C000FBF736F80228019B09D003280AD060B940
:1013D000181E18BF0120404209B05DF804FB6FF0F1
:1013E0001500F9E76FF08500F6E74FF0FF30F3E7FF
:1013F000002070477047004700F032BB40F00040CB
:10140000C1F88000C2F880007047FBF79DB9FBF778
:1014100091B8F7B51646DDE90847019001A81D46C9
:10142000FBF798F9019BB6F1000C18BF4FF0010CC7
:1014300000EB83000B1E18BF0123002D43EA4C0371
:1014400014BF4FF00C0C4FF0000C002C43EA0C03BF
:1014500014BF4FF4E06C4FF0000C002F43EA0C0374
:1014600014BF4FF4403C4FF0000CD0F8002243EA88
:101470000C0322EA030301B109780EB13678760035
:1014800019430DB12D78AD0031430CB124782402FD
:1014900029430FB13F783F040C433C43C0F800425E
:1014A00003B0F0BD1FB50DF10F03019300238DF8BC
:1014B0000F101A4619460093FFF7ABFF05B05DF811
:1014C00004FB70B501F1080330F813301646DA0555
:1014D00004460D4609D5C3F3432300EBC30231464E
:1014E00050F83330526828469847A3682BB13146EC
:1014F0002846E268BDE87040184770BD10B5047911
:101500000A462046FBF784F948B111462046FBF70E
:1015100063F900B2800000F5807080B210BD4FF416
:10152000BE70FBE738B50579044628460A46FBF746
:101530006FF9C0B111462846FBF75AF998B1114628
:101540002846FBF749F9012322688340C2F8083393
:10155000226803B202EB8303D3F8102522F00302C2
:10156000C3F8102538BD0021BDE838401046FFF70C
:1015700099BFFBF745BAFFF7D5BFFFF7BFBF70B5FF
:101580000126A2F58074A40806FA04F4054614EABC
:10159000010008D0A85830B100213046A950AA58FF
:1015A0001A6822431A6070BD00232DE9F3410446F6
:1015B0000D460193904601AB4FF4A672FFF7DFFF93
:1015C0004FF4827229462046FFF7D9FF4FF48C7200
:1015D000074629462046FFF7D2FF064630B1B8F14C
:1015E000000F1DD017B13E46D4F83C354FF4887239
:1015F0002946204601ABFFF7C2FF30B1B8F1000F1A
:1016000003D016B90FB1D4F83C354FF49072294687
:10161000204601ABFFF7B3FF019802B0BDE8F081AF
:101620004646E3E7012370B504460D466426436150
:10163000002202212046FFF7B7FF20B90120FFF763
:10164000DBFE013EF4D100236B77C4F8003570BD9A
:10165000FBF7D6BF022904D0042906D0012900D106
:101660007047806808B1FAF7FBBC7047002210B5DC
:101670000468944200D110BD00EBC2014B680132F6
:1016800023F0FF0343F003034B60F2E70420FBF772
:10169000EFBC0420FBF7F4BC08B5FBF7B7FCBDE8D2
:1016A0000840FCF75DBF38B504460025031D2268DD
:1016B000AA4201D8002319E04FF00002D3E8CF0F6F
:1016C000032804D1C3E8CC2FBCF1000FF6D102D01F
:1016D00008330135EBE701EB851318464022002162
:1016E00000F0CFFC034604EBC504A060184638BDEB
:1016F0000830704770B506460D4621B9FBF7A4FFC8
:1017000090B9002070BD0846FAF7A2FC04460028F4
:10171000F7D03046FBF798FF38B92046FAF7A0FC1F
:101720000120FAF76BFCECE72C460661C56040F837
:10173000084FE7E740EA0141104640F8081DFBF773
:101740008FBFFBF787BFFAF783BC08B5FAF788FCB1
:10175000BDE808400120FAF751BC0429F8B5054658
:10176000174603D0102910D000240CE00820FAF707
:1017700061FC04460028F7D0002343600123478022
:1017800003802B6843602046F8BD1620FAF752FC10
:1017900004460028E8D0061D12220021304600F041
:1017A00070FC022323802B46678005F1100253F85A
:1017B000041B934246F8041BF9D1E4E737B5002532
:1017C000036804460093838F6846ADF80650ADF871
:1017D000043000F0C6F838B1A36B6846984794F817
:1017E0003E300BB1A563E56303B030BD00230B6051
:1017F000836813B9C0E901117047196081607047AF
:101800000069431E5842584170470069831E584280
:10181000584170474069B0F5817F05D040F21113FF
:10182000C31A5842584170470120704790F8200071
:10183000C0F3C0007047006C00F00100704790F8E2
:10184000200000F0010070470369012B05D1806979
:10185000A0F180035842584170470020704790F82B
:101860002000C0097047836933F0800314BF012052
:1018700000207047806B003818BF01207047406817
:10188000003818BF0120704790F82200003818BFB8
:101890000120704710B50446FFF7E5FF94F82010CB
:1018A000C1F3401340EA0302236982F00102012BD5
:1018B00014BF0123C1F38003D2B220461A40FFF7C0
:1018C000A9FF48B1C1F300112046FFF7BDFF0A4050
:1018D00080F00100104010BD0121F5E710B50C4665
:1018E000FCF7D8FA28B190F8203064F3861380F81A
:1018F000203010BD10B50C46FCF7CCFA28B190F89A
:10190000213064F3000380F8213010BD10B5044687
:101910004068FFF716FFE06808B1FAF793FB20462E
:10192000BDE81040FAF78EBB10B50446206800B938
:1019300010BD626803689042236008BF6360FFF7D0
:10194000E5FFF3E700F058B810B5044600F052F890
:1019500023684360A36983602046BDE8104000F01F
:101960004BB838B504460068FCF794FA054628B928
:101970000120E38843F02003E38038BDFFF75FFFD9
:101980000028F5D12846FFF76EFFF8B1E38843F051
:101990000803E380A388DA0707D52846FFF76FFF1F
:1019A000E8B1E38843F00103E380A3885B0707D530
:1019B0002846FFF76FFF18B1E38843F00403E38084
:1019C000B4F90600003818BF0120D6E72846FFF713
:1019D0003BFF0028DED0E38843F01003D9E7284618
:1019E000FFF752FF0028DCD12846FFF72DFF002823
:1019F000D7D1DAE7C06870474269C3681A60704798
:101A000070B504460E4600F025F80546206808B17A
:101A1000FFF797FE48F202039E4218D048F20903EE
:101A20009E4214D048F201039E420BD16B684BB129
:101A300004F1140204F1380152F8040B8A4243F80D
:101A4000040BF9D12046BDE8704000F005B8636989
:101A50006B60F7E7C06870470269C3681A60704737
:101A600008B1F8F7CFBE7047704740B1C3685878E7
:101A700010F001001EBF1878B0FA80F040097047DE
:101A8000EFF31183202383F31288BFF36F8FFEE7F8
:101A900010B5D0E9003433B90020E268537843F040
:101AA0000103537010BD204698470028F4D0002849
:101AB000B8BF4042FF28A8BFFF20E3681870ECE7DA
:101AC00000F0DFBA00F0D0BA704710B400F10C0497
:101AD000C0E9034410BCFEF748BC2DE9F04F0546B1
:101AE00089B0DDE9126791463B46324606A805916A
:101AF00005F1140A00F0A6F9DDE90634CDE9023457
:101B0000EFF311844FF0200888F31288BFF36F8F32
:101B100005F10C0B4A4628460599FEF7B2FB30B199
:101B200084F31188BFF36F8F09B0BDE8F08F3E4397
:101B3000F6D0DDE9022306A800F0A8F9DDE9066782
:101B40005A4621465046CDE90067FDF7C3F9EFF349
:101B5000118488F31288BFF36F8FDBE707B5CDE9F7
:101B600000230A460421FFF7B8FF03B05DF804FB29
:101B700038B50446EFF31185202383F31288BFF3B1
:101B80006F8FFEF735FB04F10C0000F00BF930B15C
:101B9000294604F11400BDE83840FDF70BBA85F37F
:101BA0001188BFF36F8F38BD202408B5EFF3118380
:101BB00084F31288BFF36F8FFFF743F9F6E790F9CC
:101BC0000E308B4201D0FDF7B1B9002070473AB119
:101BD0008A4205D3C0E90212C0E900000020704724
:101BE0006FF015007047EFF30580003818BF012033
:101BF00070476FF05700704700207047FDF7ECB951
:101C0000D0E9003213605A600023C0E90033704706
:101C100008B5FFF7F5FF437B23F00203437300236E
:101C2000836008BD38B504460D46FDF75DF8637B5B
:101C300043F002036373E5B1A5602B689D4209D1AF
:101C40006B68C4E900531C606C6012E06A689A42D9
:101C5000F6D01B68002BF3D094F90E2093F90E10E8
:101C60008A42F3D09142F1DD5A68C4E9003214602F
:101C70005C6038BD10B5EFF31184202383F3128824
:101C8000BFF36F8FFDF748F884F31188BFF36F8FB0
:101C900010BD10B50446183000F0B9F8EFF311810B
:101CA000202383F31288BFF36F8F627B12F0100240
:101CB00004D081F31188BFF36F8F10BD2046BDE8BB
:101CC0001040FDF75DB808B5EFF31181202282F3D3
:101CD0001288BFF36F8F83680BB1FFF799FF81F311
:101CE0001188BFF36F8F08BD38B50446EFF3118537
:101CF000202383F31288BFF36F8F437B13F0280FE9
:101D00000BD183680BB1FFF783FF637B51B903F0FD
:101D1000FB0320466373FCF7FFFF85F31188BFF3D5
:101D20006F8F38BD03F0EB03F3E701211838FFF79D
:101D3000DBBF08B50346EFF31181202282F312883E
:101D4000BFF36F8F0068834207D008B1FFF760FFD1
:101D500081F31188BFF36F8F08BD0020F8E738B515
:101D6000EFF31185202383F31288BFF36F8F04688C
:101D7000A0420DD034B12046FFF74AFF04F118000D
:101D800000F045F885F31188BFF36F8F204638BD0A
:101D90000024F7E710B5FFF796FFBDE810401830B4
:101DA00000F035B838B5054604680020AC4200D1D3
:101DB00038BD002CFCD02046FFF7ECFF2046FFF793
:101DC00059FF2C680120A542F1E7EFF31181202291
:101DD00082F31288BFF36F8F027BD2070CD581F399
:101DE0001188BFF36F8F002383F31188BFF36F8FC8
:101DF0000423184602DF7047437B1B0704D581F399
:101E00001188BFF36F8F70470122FCF7B9BF10B57F
:101E1000EFF31184202282F31288BFF36F8F0368DF
:101E20003BB1FDF7B5FA002084F31188BFF36F8F43
:101E300010BD6FF01500F7E708B5FDF7C7FB08BD4B
:101E4000FDF7C4BBB3F1FF3F08BFB2F1FF3F70B570
:101E500004461D46164613D01A4315D06FF00102F2
:101E60004FF0FF33921B63EB0501002904DAFDF705
:101E7000ADFB821941EB0501C4E90021204670BD8C
:101E80004FF0FF321146F7E70022FBE7B3F1FF3FC7
:101E900008BFB2F1FF3FF8B5074616461C4610D002
:101EA00054EA020311D0FDF791FBB0420A46A1416A
:101EB00003460AD2F31A64EB0204C7E90034384639
:101EC000F8BD4FF0FF331C46F7E70023FBE7002384
:101ED000C0E9081200F11802C0E90622C0E9003387
:101EE00003634363704710B50446FFF790FFA8B93A
:101EF000636A0BB12046984704F11800FFF719FFF9
:101F000060B1FFF7B7FEEFF31180202383F312884F
:101F1000BFF36F8FBDE81040FDF77CB810BD30B542
:101F20000A440546914201D100200FE015F8013B1B
:101F300011F8014BA3F141001928A4F1410098BF09
:101F40002033192803D82034181BEBD030BD181BC0
:101F5000FCD1002CE6D1F9E710B50139044632B1C5
:101F600011F8013F013A00F8013B002BF7D10021A5
:101F700000F087F8204610BD0246014410B58A42A1
:101F8000134603D01C780132002CF8D1181A10BD6A
:101F90000A7870B56AB970BD9A4209D10C460546F7
:101FA00014F8013F002BF6D015F8016F9E42F7D0D0
:101FB00001300378002BEFD11846ECE7F0B5C3F100
:101FC0003707044603F01F031046FFB2082BE6B2A2
:101FD00032D0102B3DD06508A40845EAC17544EA0B
:101FE00081748A082D1942EB5102290941EA0271D4
:101FF0006D1842EB1212290A41EA02616D1842EB98
:102000001222290C41EA02416D1842EB1242AD182E
:1020100042F10002EC0844EA4274D10804EB840265
:10202000A6EB4205EDB2092D0CD90134A5F10A0544
:1020300041F10001EDB212E0E40806F0070544EAC0
:102040004174C908303554EA010200F8015BBDD182
:10205000F0BD240906F00F0544EA01740909092DB1
:1020600084BFED19EDB2EDE70A44431E914200D161
:10207000704710B511F8014B914203F8014FF9D1A7
:1020800010BD02440346934200D1704703F8011B80
:10209000F9E7D1E9043293421EBF5A1C0A61187055
:1020A00070470000014800687047000048CE0020DB
:0820B000C860FF7F0100000081
:1020B800F5A700000000000005C1000000000000B6
:1020C800C1A800002821010081E9000000000000EB
:1020D80075AB00003C2101003DB10000502101001A
:1020E80025AB000000000000E1BB0000000000007C
:1020F800D98F000000000000F9BD000000000000BA
:10210800D1A7000000000000F1130100000000004A
:1021180059B200006421010069AE00007821010075
:1021280073300100082501002025010004C70020A4
:1021380084CE0020983001003C2501005425010080
:1021480006C70020D8CE002043310100B025010089
:10215800F42501000AC70020E4CE0020193301004D
:1021680000260100742601000CC70020A0C500202D
:102178000531010078250100A425010008C70020C9
:042188000000000053
:10218C0000000000250E010000000000250E0100DB
:10219C0000000000250E010000000000250E0100CB
:1021AC0000000000250E0100E5C60000F713010039
:1021BC0000000000250E010000000000250E0100AB
:1021CC00502101007F11010000000000250E0100CC
:1021DC0000000000250E010089D50000F713010056
:1021EC0000000000250E010000000000250E01007B
:1021FC0000000000250E010000000000250E01006B
:10220C0000000000250E010000000000250E01005A
:10221C0000000000250E010000000000250E01004A
:10222C0000000000250E01000000000071BC000041
:10223C0000000000250E010000000000250E01002A
:10224C0000000000250E010000000000250E01001A
:10225C0000000000250E010000000000250E01000A
:10226C0000000000250E010000000000250E0100FA
:10227C0000000000250E010000000000250E0100EA
:10228C0000000000250E010000000000250E0100DA
:10229C0000000000250E010000000000250E0100CA
:1022AC0000000000250E010000000000250E0100BA
:1022BC0000000000250E010000000000250E0100AA
:1022CC0000000000250E010000000000250E01009A
:1022DC0091D00000F713010000000000250E010052
:1022EC0000000000250E010000000000250E01007A
:1022FC0000000000250E010000000000250E01006A
:10230C0000000000250E010091CF0000F713010022
:10231C0000000000250E010000000000250E010049
:10232C0000000000250E010000000000250E010039
:10233C0000000000250E010000000000250E010029
:10234C0000000000250E010000000000250E010019
:10235C0000000000250E010000000000250E010009
:10236C0000000000250E010000000000250E0100F9
:10237C0000000000250E010000000000250E0100E9
:08238C0000000000250E010015
:10239400342A0100030000008A3001000300000019
:1023A4004D2A010003000000512A0100030000002F
:1023B400762B0100030000008C29010004000000BA
:1023C4007833010003000000F02F01000300000037
:1023D4003033010003000000413601000300000017
:1023E4006F300100030000002233010003000000ED
:1023F4004D310100030000000E3101000400000013
:10240400AC24010088C50020652B010001000000F8
:0C241400FFFFFFFFFFFFFFFFFFFFFFFFC8
:1024200000000000000000000000000000000000AC
:102430000338FDD8704700003C2101001A0000005D
:102440003C2101001D00000008C800200001000020
:10245000AB0B0100550B010002000000270D01002D
:10246000000000000000000000000000000000006C
:10247000452B01004D2B0100000000000000000072
:1024800000000000552B0100592B01005D2B0100BD
:10249000612B01009C24010024CE0020FD99000046
:1024A0003CCE0020CED4002001000000E50D01004C
:1024B000DB0D0100A90D01009D0D010000000000D1
:1024C000910D01000000000080C500200000000008
:1024D0000600010002000000DC24010000000000F2
:1024E0006030010006000000E0FF0F0068C500201A
:1024F0006830010021000000E0FF032049A800002F
:1025000019A800000000000099A900008DA8000093
:102510007E300100B70F0100BD0F010084300100C3
:1025200019A90000370F0100970F010000000000FB
:10253000D50E01000000000000000000FFFFFFFFBB
:10254000002584400000000000000000001003404F
:1025500001000000F9AB0000C90F0100D50F010018
:10256000E90F0100F30F0100FD0F010075AD000040
:1025700011100100000000006421010000093D006D
:10258000000100003C2101000A00010000000000E1
:10259000D0D4002070400300193101001000000069
:1025A0000800000069100100000000006310010035
:1025B000008000400100000000000000D025010064
:1025C0000000D6010000000051D6002050D60020A7
:1025D00000800040DC25010001000000E42501002E
:1025E000040000001B0000000E0000021A0600019B
:1025F0000F0600033911010089B000002B11010002
:1026000000B000400000000000127A00000000004E
:102610000000000000000000FFFFFFFF0000FF00BF
:10262000000000000000000101000000C5110100D1
:10263000FF1F000044260100FFFFFFFF0000000015
:102640000000000000B00040502601000100000022
:1026500058260100030000000D1800040C180006A5
:10266000091800053C2101000A0001003C2101007D
:102670001400010011B500009B120100D1DD000023
:1026800061DF000000000000011A0100C5E3000046
:10269000FDE400004C3501005135010059350100C1
:1026A00065350100000000000C000000690000001A
:1026B0000B00000072000000800000001600000007
:1026C00070000000780000007F0000008000000023
:1026D0007100000068000000160000007400000097
:1026E0007300000073000000710000008C00000007
:1026F0007A0000000D0000000B0000000B0000003D
:1027000076000000ADBAADBAADBAADBAADBAADBAE9
:10271000ADBAADBAADBAADBAADBAADBAADBAADBA81
:10272000ADBAADBAADBAADBAADBAADBAADBAADBA71
:10273000ADBAADBAADBAADBAADBAADBAADBAADBA61
:10274000ADBAADBAADBAADBAADBAADBAADBAADBA51
:10275000ADBAADBAADBAADBAADBAADBAADBAADBA41
:10276000ADBAADBAADBAADBAADBAADBAADBAADBA31
:10277000ADBAADBAADBAADBAADBAADBAADBAADBA21
:10278000ADBAADBAADBAADBAADBAADBAADBAADBA11
:10279000ADBAADBAADBAADBAADBAADBAADBAADBA01
:1027A000ADBAADBAADBAADBAADBAADBAADBAADBAF1
:1027B000ADBAADBAADBAADBAADBAADBAADBAADBAE1
:1027C000ADBAADBAADBAADBAADBAADBAADBAADBAD1
:1027D000ADBAADBAADBAADBAADBAADBAADBAADBAC1
:1027E000ADBAADBAADBAADBAADBAADBAADBAADBAB1
:1027F000ADBAADBAADBAADBAADBAADBAADBAADBAA1
:10280000ADBAADBAADBAADBAADBAADBAADBAADBA90
:10281000ADBAADBAADBAADBAADBAADBAADBAADBA80
:10282000ADBAADBAADBAADBAADBAADBAADBAADBA70
:10283000ADBAADBA6F0000006F0000006F0000007D
:102840006F0000006F0000006F0000006F000000CC
:102850000B0000007A000000470000000B000000A1
:102860000B0000005F000000F73501000536010095
:10287000193601002836010034360100B820010065
:10288000B8200100F0200100F820010028210100FB
:1028900028210100EAFF7AFFF4FF626F6F73742052
:1028A00035762070696E206E6F7420726561647970
:1028B000004572726F7220636F6E66696775726928
:1028C0006E6720626F6F7374203576202865727290
:1028D0002025642900626F6F737420337633207073
:1028E000696E206E6F742072656164790045727242
:1028F0006F7220636F6E6669677572696E672062BA
:102900006F6F7374203376332028657272202564CC
:102910002900466F756E64204C45442073747269BB
:10292000702064657669636520257300446973705F
:102930006C6179696E67207061747465726E206F66
:102940006E207374726970004C4544207374726910
:102950007020646576696365202573206973206E35
:102960006F7420726561647900636F756C646E27A3
:1029700074207570646174652073747269703A2094
:102980002564000F0000000F0000000F6D61696EEC
:102990000028756E7369676E6564292063686172CB
:1029A000202A207573656420666F722025257020AB
:1029B000617267756D656E742E204974277320727D
:1029C00065636F6D6D656E64656420746F2063610F
:1029D000737420697420746F20766F6964202A20D4
:1029E00062656361757365206974206D6179206328
:1029F00061757365206D69736265686176696F7270
:102A000020696E206365727461696E20636F6E6603
:102A1000696775726174696F6E732E205374726981
:102A20006E673A2225732220617267756D656E7438
:102A30003A25640063627072696E74665F706163E8
:102A40006B616765006C6F6767696E67006C6F67C5
:102A5000006C6F675F6D676D74004D6573736167C0
:102A600065202822257322292064726F70706564A6
:102A7000206265636175736520697420657863659C
:102A80006564732073697A65206C696D697461741B
:102A9000696F6E2028257529004D65737361676520
:102AA0002064726F70706564206265636175736520
:102AB00020697420657863656564732073697A653D
:102AC000206C696D69746174696F6E2028257529A1
:102AD000001B5B306D00257320005B2530386C7562
:102AE0005D20005B253032753A253032753A25304D
:102AF00032752E253033752C253033755D20002539
:102B0000732F003C25733E200025733A20002530AA
:102B100032782000202020007C00256300206D6595
:102B20007373616765732064726F70706564202DC4
:102B30002D2D0D0A1B5B306D001B5B313B33316D5E
:102B40002D2D2D20001B5B313B33316D001B5B3184
:102B50003B33336D006572720077726E00696E668A
:102B600000646267006C6F675F6261636B656E64CF
:102B70005F75617274006C6F675F75617274002AB3
:102B80002A2A20426F6F74696E67206E5246204376
:102B90006F6E6E6563742053444B2076322E382E50
:102BA000302D613233383662666338343031202A52
:102BB0002A2A0A002A2A2A205573696E67205A6534
:102BC00070687972204F532076332E372E39392D85
:102BD000306263333339336662313132202A2A2A34
:102BE0000A0072302F61313A202030782530387851
:102BF000202072312F61323A202030782530387809
:102C0000202072322F61333A2020307825303878F6
:102C10000072332F61343A20203078253038782004
:102C20007231322F69703A20203078253038782080
:102C30007231342F6C723A20203078253038780089
:102C400020787073723A202030782530387800462A
:102C500061756C74696E6720696E737472756374E4
:102C6000696F6E20616464726573732028723135F8
:102C70002F7063293A2030782530387800556E68F7
:102C8000616E646C6564204952516E3A202564007F
:102C90002A2A2A2A2A204D5055204641554C542094
:102CA0002A2A2A2A2A002020537461636B696E67DE
:102CB000206572726F722028636F6E74657874205D
:102CC00061726561206D69676874206265206E6F4E
:102CD000742076616C696429002020556E737461DC
:102CE000636B696E67206572726F720020204461A9
:102CF0007461204163636573732056696F6C6174FE
:102D0000696F6E0020204D4D46415220416464722F
:102D10006573733A2030782578002020496E7374EB
:102D200072756374696F6E204163636573732056B7
:102D3000696F6C6174696F6E002020466C6F6174FE
:102D4000696E672D706F696E74206C617A7920737B
:102D50007461746520707265736572766174696FF1
:102D60006E206572726F72002A2A2A2A2A20555311
:102D7000414745204641554C54202A2A2A2A2A00F8
:102D800020204469766973696F6E206279207A65C4
:102D9000726F002020556E616C69676E6564206DEE
:102DA000656D6F72792061636365737300202053D2
:102DB0007461636B206F766572666C6F7720286331
:102DC0006F6E746578742061726561206E6F742017
:102DD00076616C6964290020204E6F20636F7072E9
:102DE0006F636573736F7220696E73747275637449
:102DF000696F6E73002020496C6C6567616C206C94
:102E00006F6164206F66204558435F5245545552A8
:102E10004E20696E746F205043002020496C6C6511
:102E200067616C20757365206F6620746865204546
:102E3000505352002020417474656D707420746F7B
:102E4000206578656375746520756E646566696E66
:102E5000656420696E737472756374696F6E002A9D
:102E60002A2A2A2A20425553204641554C54202ACA
:102E70002A2A2A2A002020537461636B696E672016
:102E80006572726F720020205072656369736520ED
:102E90006461746120627573206572726F720020C4
:102EA000204246415220416464726573733A203077
:102EB000782578002020496D7072656369736520FC
:102EC0006461746120627573206572726F72002094
:102ED00020496E737472756374696F6E20627573C6
:102EE000206572726F720052657365727665642038
:102EF000457863657074696F6E2028005370757231
:102F0000696F757320696E746572727570742028AC
:102F10004952512000457863657074696F6E206F67
:102F20006363757272656420696E205365637572A0
:102F300065205374617465002A2A2A2A2A20484190
:102F40005244204641554C54202A2A2A2A2A00203D
:102F500020427573206661756C74206F6E207665F3
:102F600063746F72207461626C65207265616400C5
:102F700020204465627567206576656E74002020A8
:102F80004661756C7420657363616C6174696F6E02
:102F900020287365652062656C6F77290041524374
:102FA000485F4558434550542077697468207265DE
:102FB00061736F6E2025780A002A2A2A2A2A204463
:102FC00065627567206D6F6E69746F7220657863D6
:102FD000657074696F6E202A2A2A2A2A002A2A2AF2
:102FE0002A2A20257320256429202A2A2A2A2A0011
:102FF0006D7075004661696C656420746F20616C4A
:103000006C6F63617465206E6577204D505520723A
:103010006567696F6E2025750A0050617274697466
:10302000696F6E2025753A2073616E69747920632B
:103030006865636B206661696C65642E00496E7615
:10304000616C696420756E6465726C79696E672065
:10305000726567696F6E20696E64657820257500FA
:10306000464C4153485F30005352414D5F3000732E
:103070006F6300636C6F636B40353030300068669F
:10308000636C6B006C66636C6B00636C6F636B5F8F
:10309000636F6E74726F6C006770696F40383432A2
:1030A00035303000535049206465766963652025CA
:1030B00073206E6F742072656164790025733A2005
:1030C000696E76616C6964206368616E6E656C2000
:1030D000746F20636F6C6F72206D617070696E67C2
:1030E0002E436865636B2074686520636F6C6F7234
:1030F0002D6D617070696E672044542070726F701E
:1031000065727479007773323831324030007773EA
:10311000323831325F73706900020103000102032B
:10312000040506074661696C656420746F20616C54
:103130006C6F6361746520505049204368616E6E06
:10314000656C0075617274403830303000756172A2
:10315000745F6E7266785F7561727465004661694E
:103160006C656420746F20616C6C6F6361746520A2
:103170004750494F5445206368616E6E656C206608
:103180006F722057414B45004661696C656420743D
:103190006F20636F6E6669677572652057414B4596
:1031A0002070696E004353204750494F20706F7262
:1031B000742025732070696E202564206973206E49
:1031C0006F74207265616479005570646174652064
:1031D000657863656564732063757272656E7420CB
:1031E0006275666665720048616C662D6475706C08
:1031F0006578206E6F7420737570706F727465647B
:1032000000536C617665206D6F6465206973206E74
:103210006F7420737570706F72746564206F6E20A8
:103220002573004C6F6F706261636B206D6F646516
:10323000206973206E6F7420737570706F7274657F
:103240006400576F72642073697A6573206F7468C5
:103250006572207468616E20382062697473206121
:103260007265206E6F7420737570706F7274656410
:10327000004672657175656E63696573206C6F7762
:103280006572207468616E20313235206B487A2077
:10329000617265206E6F7420737570706F727465E3
:1032A00064004661696C656420746F20696E69749E
:1032B00069616C697A65206E7266782064726976DD
:1032C00065723A20253038780057616974696E67F5
:1032D00020666F722057414B452061636B6E6F779C
:1032E0006C6564676D656E742074696D6564206FCC
:1032F00075740054696D656F7574207761697469C0
:103300006E6720666F72207472616E7366657220DC
:10331000636F6D706C657465007370694062303006
:1033200030007370695F6E7266785F7370696D00EC
:103330006E72665F6D6F64656D004661696C656491
:1033400020746F2073657420636F6E666967757291
:103350006174696F6E20286572723A2025642900B5
:1033600041542558434F4558303D312C312C31358F
:1033700036352C31353836006D6F64656D5F616EA2
:1033800074656E6E610054462D4D206E6F6E2D7308
:1033900065637572652063616C6C6261636B206943
:1033A0006E697469616C697A6174696F6E206661B7
:1033B000696C65642C206572726F723A2025640016
:1033C0002A2A2A2A2A205345435552452046415548
:1033D0004C54202A2A2A2A2A00202041646472653B
:1033E00073733A2030782578002020496E76616C1E
:1033F000696420656E74727920706F696E74002044
:1034000020496E76616C696420696E7465677269C3
:103410007479207369676E61747572650020204944
:103420006E76616C696420657863657074696F6E2F
:103430002072657475726E00202041747472696226
:103440007574696F6E20756E69742076696F6C6132
:1034500074696F6E002020496E76616C6964207417
:1034600072616E736974696F6E0020204C617A79A5
:10347000207374617465207072657365727661740F
:10348000696F6E0020204C617A79207374617465D5
:10349000206572726F72002A2A2A2A2A20535055F8
:1034A00020494E54455252555054202A2A2A2A2A3D
:1034B00000202053656375726974792076696F6C9A
:1034C0006174696F6E20666F722074686520666C27
:1034D000617368206D656D6F7279207370616365CB
:1034E00000202053656375726974792076696F6C6A
:1034F0006174696F6E20666F722074686520524136
:103500004D206D656D6F7279207370616365002069
:103510002053656375726974792076696F6C617484
:10352000696F6E206F6E206F6E65206F72207365FD
:10353000766572616C207065726970686572616C25
:10354000732E0041542B4346554E3D004F4B0D0A00
:10355000004552524F520D0A002B434D4520455213
:10356000524F523A002B434D53204552524F523A3C
:103570000048616C74696E672073797374656D00BF
:10358000556E6B6E6F776E206572726F7200756E1E
:103590006B6E6F776E003E3E3E205A455048595242
:1035A00020464154414C204552524F522025643A06
:1035B000202573206F6E20435055202564004661FE
:1035C000756C7420647572696E6720696E746572BB
:1035D000727570742068616E646C696E670A00436E
:1035E000757272656E74207468726561643A202524
:1035F0007020282573290043505520657863657035
:1036000074696F6E00556E68616E646C65642069E4
:103610006E7465727275707400537461636B206FA1
:10362000766572666C6F77004B65726E656C206FA5
:103630006F7073004B65726E656C2070616E6963AC
:10364000006F7300286E756C6C29002A666C6F61C0
:10365000742A000091C0000000000000C9C00000F2
:043660000000000066
:10366400FFFFFFFFFFFFFFFFFFFFFFFFFFFFFFFF66
:08367400FFFFFFFFFFFFFFFF56
:10367C00C7040100750B0100942401000000000038
:10368C0000000000CB0E0100000000000000000054
:10369C000000000000000000642601000200000091
:1036AC00B0C50020B0C500200000000001000000E3
:1036BC00C0C50020C0C500200000000001000000B3
:1036CC0000000000000000000000000000000000EE
:1036DC0000000000000000000000000000000000DE
:1036EC000000000064210100000000000000000048
:1036FC005AD6002052D60020FFFF00000000000028
:10370C0000000000000000000000000000000000AD
:10371C00000000000000000000000000000000009D
:10372C00000000000000000000000000000000008D
:10373C00000000000000000000000000000000007D
:10374C000000000000000000000000000800000065
:10375C00FF0000000000000001000000000000005D
:10376C00000000000000000000000000000000004D
:10377C00000000000000000000000000000000003D
:10378C00000000000000000000000000000000002D
:10379C00000000000000000000000000000000001D
:1037AC00000000000000000000000000000000000D
:1037BC0008000000FF0000000000000001000000F5
:1037CC00000000006DD800006DD6000091D80000FC
:1037DC0079D6000075DB0000FDD800003DDB000051
:1037EC0099160100931601008D160100FCC60020ED
:0437FC00FCC60020E7
:0A38000000000000000000000000BE
:02380A00FFFFBE
:10380C0000000000000000000000000000000000AC
:10381C00000000000000000000000000000000009C
:10382C00000000000000000000000000000000008C
:08383C00000000000000000084
:043844000000000080
:1038480000000000B0E600200002000000000000B8
:04385800000000006C
:10385C0060C7002060C700200000000000000000CE
:04386C000E0000004A
:1038700074C7002074C70020000000000100000091
:0438800015E015E05A
:0400000300009FE179
:00000001FF
